,"Gamma-6 US (top 6, pesos 2/1/1, > SMA200)","Referencia: Gamma-8 base (top 8, pesos 1/1/1, > SMA200)","Referencia: Gamma-8 ajustada por volatilidad (top 8, 1/1/1)",Benchmark: EW rebalanceada mensual,Candidata simple: EW con tendencia por acción,Referencia: buy & hold sin rebalancear
2014,0.06847793704839766,0.08513725097450453,0.08522336755974735,0.05856457493256628,0.07858892970067477,0.09570133939213976
2015,0.4180902637853934,0.3122723575083346,0.2873328239299946,0.07273722861814491,0.15865321891129636,0.10544648540930934
2016,0.32885558375315704,0.21044738737493374,0.24010731885732417,0.19341329987708455,0.14837681127559676,0.2065167380549171
2017,0.2861678045539222,0.270266437090551,0.2880331167136596,0.2946415185294615,0.2839244583145153,0.3546431359203388
2018,0.11158445836608832,0.12884239309278867,0.11838147261375709,0.0030189506304461045,0.002595804661565726,-0.022851380608300498
2019,0.37998182822525606,0.2874392669614503,0.23018328507684083,0.3418954854621805,0.23632642378532043,0.3812794960350363
2020,0.5607234854410015,0.5059979678625997,0.4577698514474349,0.25303587875703193,0.35161753771838566,0.4271838845780511
2021,0.29959632213917997,0.24965609547910672,0.2766541478311748,0.3459068460483179,0.3544809377579623,0.5215972900068666
2022,-0.010174891622249493,0.007248818709214122,-0.0370368199779183,-0.12450742790798675,0.013514598633225683,-0.30893712394737805
2023,0.2543188974588426,0.11574034808522127,0.13038036904821948,0.19746517861919965,0.07986124238451486,0.794115405587428
2024,0.32053160990602225,0.26282262502043263,0.2880971808490962,0.1722620069119063,0.20856403376105903,0.9571739363763816
2025,0.18129511014397348,0.12883935422080328,0.10366340614874336,0.20279578804349052,0.18503242044608137,0.32376111822296716
2026,0.2819376681078538,0.2956091963477758,0.17103751154616798,0.1636717206250471,0.19893878112379815,0.20649351048039644
