country,exchange,local_ticker,issuer,share_class,sector,currency,index_reference,official_status,data_symbol_candidate,international_symbol,economic_group,eligibility_status,eligibility_note,as_of,listing_scope,quote_currency,data_role
COLOMBIA,BVC,PFCIBEST,Grupo Cibest,preferencial,financieros,COP,MSCI COLCAP,confirmado_indice,PFCIBEST.CL,,Grupo Cibest,candidato_liquido,No combinar con CIBEST sin límite por emisor,2026-06-30,local_bvc,COP,precio_y_liquidez_local
COLOMBIA,BVC,CIBEST,Grupo Cibest,ordinaria,financieros,COP,MSCI COLCAP,confirmado_indice,CIBEST.CL,,Grupo Cibest,candidato_liquido,No combinar con PFCIBEST sin límite por emisor,2026-06-30,local_bvc,COP,precio_y_liquidez_local
COLOMBIA,BVC,ISA,Interconexión Eléctrica,ordinaria,servicios públicos,COP,MSCI COLCAP,confirmado_indice,ISA.CL,,Grupo Ecopetrol,candidato_liquido,Validar ajuste por dividendos,2026-06-30,local_bvc,COP,precio_y_liquidez_local
COLOMBIA,BVC,ECOPETROL,Ecopetrol,ordinaria,energía,COP,MSCI COLCAP,confirmado_indice,ECOPETROL.CL,EC,Grupo Ecopetrol,candidato_liquido,ADR disponible; conciliar precio local y retorno total,2026-06-30,local_bvc,COP,precio_y_liquidez_local
COLOMBIA,BVC,GEB,Grupo Energía Bogotá,ordinaria,servicios públicos,COP,MSCI COLCAP,confirmado_indice,GEB.CL,,Grupo Energía Bogotá,candidato_liquido,Validar ajuste por dividendos,2026-06-30,local_bvc,COP,precio_y_liquidez_local
COLOMBIA,BVC,PFGRUPSURA,Grupo Sura,preferencial,financieros,COP,MSCI COLCAP,confirmado_indice,PFGRUPSURA.CL,,Grupo Sura,candidato_liquido,Símbolo de proveedor corregido; no combinar con GRUPOSURA sin límite por emisor,2026-06-30,local_bvc,COP,precio_y_liquidez_local
COLOMBIA,BVC,GRUPOSURA,Grupo Sura,ordinaria,financieros,COP,MSCI COLCAP,confirmado_indice,GRUPOSURA.CL,,Grupo Sura,candidato_liquido,No combinar con PFSURA sin límite por emisor,2026-06-30,local_bvc,COP,precio_y_liquidez_local
COLOMBIA,BVC,CEMARGOS,Cementos Argos,ordinaria,materiales,COP,MSCI COLCAP,confirmado_indice,CEMARGOS.CL,,Grupo Argos,candidato_liquido,Aplicar límite conjunto con Grupo Argos,2026-06-30,local_bvc,COP,precio_y_liquidez_local
COLOMBIA,BVC,GRUPOARGOS,Grupo Argos,ordinaria,industriales,COP,MSCI COLCAP,confirmado_indice,GRUPOARGOS.CL,,Grupo Argos,candidato_liquido,Aplicar límite conjunto con Cementos Argos,2026-06-30,local_bvc,COP,precio_y_liquidez_local
COLOMBIA,BVC,PFAVAL,Grupo Aval,preferencial,financieros,COP,MSCI COLCAP,confirmado_indice,PFAVAL.CL,,Grupo Aval,candidato,Validar volumen y dividendos,2026-06-30,local_bvc,COP,precio_y_liquidez_local
COLOMBIA,BVC,CELSIA,Celsia,ordinaria,servicios públicos,COP,MSCI COLCAP,candidato_por_verificar,CELSIA.CL,,Grupo Argos,candidato,Validar pertenencia y liquidez en rebalanceo vigente,2026-07-28,local_bvc,COP,precio_y_liquidez_local
COLOMBIA,BVC,MINEROS,Mineros,ordinaria,materiales,COP,MSCI COLCAP,candidato_por_verificar,MINEROS.CL,,Mineros,candidato,Validar retorno total y continuidad de precios,2026-07-28,local_bvc,COP,precio_y_liquidez_local
COLOMBIA,BVC,PROMIGAS,Promigas,ordinaria,servicios públicos,COP,MSCI COLCAP,candidato_por_verificar,PROMIGAS.CL,,Promigas,condicionado,Validar frecuencia de negociación,2026-07-28,local_bvc,COP,precio_y_liquidez_local
COLOMBIA,BVC,TERPEL,Organización Terpel,ordinaria,consumo discrecional,COP,MSCI COLCAP,candidato_por_verificar,TERPEL.CL,,Terpel,condicionado,Validar frecuencia de negociación,2026-07-28,local_bvc,COP,precio_y_liquidez_local
COLOMBIA,BVC,CORFICOLCF,Corficolombiana,ordinaria,financieros,COP,MSCI COLCAP,candidato_por_verificar,CORFICOLCF.CL,,Grupo Aval,condicionado,No duplicar exposición económica con PFAVAL,2026-07-28,local_bvc,COP,precio_y_liquidez_local
COLOMBIA,BVC,PFCORFICOL,Corficolombiana,preferencial,financieros,COP,MSCI COLCAP,candidato_por_verificar,PFCORFICOL.CL,,Grupo Aval,condicionado,No combinar con CORFICOLCF,2026-07-28,local_bvc,COP,precio_y_liquidez_local
COLOMBIA,BVC,PFGRUPOARG,Grupo Argos,preferencial,industriales,COP,MSCI COLCAP,candidato_por_verificar,PFGRUPOARG.CL,,Grupo Argos,condicionado,No combinar con GRUPOARGOS sin límite por emisor,2026-07-28,local_bvc,COP,precio_y_liquidez_local
COLOMBIA,BVC,BOGOTA,Banco de Bogotá,ordinaria,financieros,COP,MSCI COLCAP,candidato_por_verificar,BOGOTA.CL,,Grupo Aval,condicionado,Validar frecuencia de negociación,2026-07-28,local_bvc,COP,precio_y_liquidez_local
COLOMBIA,BVC,ENKA,Enka de Colombia,ordinaria,materiales,COP,MSCI COLCAP,candidato_por_verificar,ENKA.CL,,Enka,reserva,Exigir liquidez superior al umbral,2026-07-28,local_bvc,COP,precio_y_liquidez_local
COLOMBIA,BVC,ETB,Empresa de Telecomunicaciones de Bogotá,ordinaria,comunicaciones,COP,MSCI COLCAP,candidato_por_verificar,ETB.CL,,Distrito Bogotá,reserva,Exigir liquidez superior al umbral,2026-07-28,local_bvc,COP,precio_y_liquidez_local
COLOMBIA,BVC,CLH,Cemex Latam Holdings,ordinaria,materiales,COP,MSCI COLCAP,candidato_por_verificar,CLH.CL,,Cemex,reserva,Verificar estado de listado y eventos corporativos,2026-07-28,local_bvc,COP,precio_y_liquidez_local
COLOMBIA,BVC,ICOLCAP,iShares MSCI COLCAP ETF,ETF,índice,COP,MSCI COLCAP,confirmado_vehiculo,ICOLCAP.CL,,BlackRock,benchmark_operable,Usar como control o refugio; no como acción seleccionable,2026-06-30,local_bvc,COP,benchmark
COLOMBIA,BVC,EXITO,Almacenes Éxito,ordinaria,consumo básico,COP,MSCI COLCAP,candidato_historico_por_verificar,EXITO.CL,,Grupo Calleja,reserva,Verificar pertenencia en canasta vigente historia y liquidez,2026-07-28,local_bvc,COP,precio_y_liquidez_local
COLOMBIA,BVC,PEI,Patrimonio Autónomo Estrategias Inmobiliarias,participación,inmobiliario,COP,MSCI COLCAP,candidato_historico_por_verificar,PEI.CL,,PEI,reserva,No tratar como acción ordinaria; validar elegibilidad del vehículo y liquidez,2026-07-28,local_bvc,COP,precio_y_liquidez_local
COLOMBIA,BVC,GRUBOLIVAR,Grupo Bolívar,ordinaria,financieros,COP,MSCI COLCAP,candidato_historico_por_verificar,GRUBOLIVAR.CL,,Grupo Bolívar,reserva,Validar pertenencia vigente y frecuencia de negociación,2026-07-28,local_bvc,COP,precio_y_liquidez_local
COLOMBIA,BVC,GRUPOAVAL,Grupo Aval,ordinaria,financieros,COP,MSCI COLCAP,candidato_historico_por_verificar,GRUPOAVAL.CL,,Grupo Aval,reserva,No combinar con PFAVAL ni otras exposiciones del grupo,2026-07-28,local_bvc,COP,precio_y_liquidez_local
COLOMBIA,BVC,PFDAVIGRP,Davivienda Group,preferencial,financieros,COP,MSCI COLCAP,candidato_historico_por_verificar,PFDAVIGRP.CL,,Grupo Bolívar,reserva,Conciliar continuidad con PFDAVVNDA y evento corporativo de 2025,2026-07-28,local_bvc,COP,precio_y_liquidez_local
