date,nav
2016-06-01,100.0
2016-06-02,100.0
2016-06-03,100.0
2016-06-06,100.0
2016-06-07,100.0
2016-06-08,100.0
2016-06-09,100.0
2016-06-10,100.0
2016-06-13,100.0
2016-06-14,100.0
2016-06-15,100.0
2016-06-16,100.0
2016-06-17,100.0
2016-06-20,100.0
2016-06-21,100.0
2016-06-22,100.0
2016-06-23,100.0
2016-06-24,100.0
2016-06-27,100.0
2016-06-28,100.0
2016-06-29,100.0
2016-06-30,100.0
2016-07-01,99.9
2016-07-05,98.92100913123593
2016-07-06,99.9410073996897
2016-07-07,99.3946009809519
2016-07-08,100.98343102931608
2016-07-11,101.88798250456402
2016-07-12,103.88699500086628
2016-07-13,104.06500997513544
2016-07-14,104.3830657509822
2016-07-15,104.44766461247461
2016-07-18,104.20034090294791
2016-07-19,103.89659025691745
2016-07-20,103.77661478411022
2016-07-21,103.86021569806601
2016-07-22,104.02154750837262
2016-07-25,102.97626143182235
2016-07-26,102.73385938978743
2016-07-27,102.47989949698933
2016-07-28,102.0975440946382
2016-07-29,101.92604838572971
2016-08-01,100.57172127873962
2016-08-02,99.99164151616247
2016-08-03,100.49752887327249
2016-08-04,100.47096663153575
2016-08-05,101.22924810384339
2016-08-08,101.3913106222244
2016-08-09,100.92577219882655
2016-08-10,100.33106493758753
2016-08-11,101.0775633962184
2016-08-12,101.10719138208783
2016-08-15,102.05410828031562
2016-08-16,102.03131468384876
2016-08-17,101.15737601975214
2016-08-18,101.47802080033271
2016-08-19,100.90985387561824
2016-08-22,100.88039521050551
2016-08-23,101.04018819281758
2016-08-24,100.347224912614
2016-08-25,100.04909504469799
2016-08-26,99.7897205215277
2016-08-29,100.44902021120546
2016-08-30,100.14769096609551
2016-08-31,99.42456974808762
2016-09-01,99.5272105504405
2016-09-02,99.93867602138107
2016-09-06,100.31127006279449
2016-09-07,100.06737519404696
2016-09-08,100.59935103687324
2016-09-09,98.45857065642552
2016-09-12,100.31621772802661
2016-09-13,97.36621473031413
2016-09-14,96.58220506556512
2016-09-15,97.01134577969209
2016-09-16,96.62271153898122
2016-09-19,96.9496503070492
2016-09-20,96.80599308089182
2016-09-21,98.0145417395336
2016-09-22,98.76690740606632
2016-09-23,97.95172973392344
2016-09-26,96.53859245940825
2016-09-27,96.8253894868998
2016-09-28,98.97530641672235
2016-09-29,97.43344710705145
2016-09-30,99.07600681731387
2016-10-03,98.69654689651351
2016-10-04,98.03938825226807
2016-10-05,99.38213264998056
2016-10-06,99.03473363243386
2016-10-07,98.59181046853054
2016-10-10,99.55365114600018
2016-10-11,97.79052605342036
2016-10-12,97.71933370131343
2016-10-13,96.65132131692195
2016-10-14,97.01050761313104
2016-10-17,96.65318652955297
2016-10-18,97.4498581048345
2016-10-19,98.15806902631329
2016-10-20,98.50836770526901
2016-10-21,98.31258962249889
2016-10-24,98.74211212967172
2016-10-25,98.8235364420241
2016-10-26,99.13793171758134
2016-10-27,99.34365546709395
2016-10-28,99.29300186326144
2016-10-31,99.31543282019821
2016-11-01,99.20419519005793
2016-11-02,98.09009760183496
2016-11-03,98.07257342624766
2016-11-04,98.29627522601217
2016-11-07,100.60276234453784
2016-11-08,101.86508199463576
2016-11-09,105.11853985825863
2016-11-10,107.30643672075792
2016-11-11,107.89524238369107
2016-11-14,108.74038133717276
2016-11-15,109.67746484950976
2016-11-16,108.81170998257564
2016-11-17,109.58107663164387
2016-11-18,109.57006054427222
2016-11-21,111.00755677924997
2016-11-22,111.53720059737874
2016-11-23,113.14967328056639
2016-11-25,113.35421448418225
2016-11-28,112.04314050594236
2016-11-29,111.69183915112328
2016-11-30,112.80412377028757
2016-12-01,113.31949363557939
2016-12-02,113.78951566390357
2016-12-05,115.00653323501231
2016-12-06,115.35689611316153
2016-12-07,116.3548581551047
2016-12-08,117.82722745202561
2016-12-09,118.86759340161015
2016-12-12,118.50990374527747
2016-12-13,118.13376148742866
2016-12-14,117.06354690594195
2016-12-15,117.58485807082663
2016-12-16,116.2454170000286
2016-12-19,115.93091042067313
2016-12-20,117.02652334628254
2016-12-21,116.67553239512871
2016-12-22,116.45985692469121
2016-12-23,116.57708908098968
2016-12-27,116.77590223029493
2016-12-28,115.76497905234038
2016-12-29,115.28652379676976
2016-12-30,114.81829446128228
2017-01-03,116.4989232620874
2017-01-04,118.03267251845895
2017-01-05,117.50112388596212
2017-01-06,118.58684518309782
2017-01-09,117.2961337437359
2017-01-10,117.9896032278806
2017-01-11,118.90179442700378
2017-01-12,117.87567524872965
2017-01-13,117.98766476086325
2017-01-17,116.86960052254203
2017-01-18,117.50355087494378
2017-01-19,116.98390711825644
2017-01-20,117.55312473469336
2017-01-23,117.01668310043638
2017-01-24,118.58758367837613
2017-01-25,119.22816002611842
2017-01-26,119.30908121380062
2017-01-27,120.06876095768
2017-01-30,119.17429489749178
2017-01-31,118.70864930139652
2017-02-01,119.11841472112435
2017-02-02,118.86778506472069
2017-02-03,119.64238422617386
2017-02-06,119.31902207518378
2017-02-07,118.8182803594126
2017-02-08,118.6581600214302
2017-02-09,119.32635604185005
2017-02-10,120.14477309656874
2017-02-13,121.2634773487262
2017-02-14,122.09510531357283
2017-02-15,122.35045480784157
2017-02-16,121.46476980781166
2017-02-17,121.36511885995138
2017-02-21,121.34825323215757
2017-02-22,120.40475303561375
2017-02-23,120.01356121672772
2017-02-24,119.61836472495054
2017-02-27,120.26369878092184
2017-02-28,120.07539699046168
2017-03-01,122.40044358890795
2017-03-02,120.87671652466958
2017-03-03,120.84966656915901
2017-03-06,120.04822028448586
2017-03-07,119.55571886851044
2017-03-08,119.28071857000448
2017-03-09,119.8586073022444
2017-03-10,119.92415305831881
2017-03-13,120.15278053059721
2017-03-14,119.8821437846878
2017-03-15,120.97727992978385
2017-03-16,120.8983123253602
2017-03-17,120.32974423770959
2017-03-20,119.78315180928959
2017-03-21,117.67196987140163
2017-03-22,117.87657058765049
2017-03-23,117.82556409762238
2017-03-24,117.85728506349245
2017-03-27,117.01799185688321
2017-03-28,118.14399566181085
2017-03-29,117.99737348364587
2017-03-30,119.36544076326689
2017-03-31,118.98057247140211
2017-04-03,118.71389260738428
2017-04-04,118.78122750195828
2017-04-05,118.41134508280896
2017-04-06,118.55957262773207
2017-04-07,118.21099211778093
2017-04-10,118.04130470991336
2017-04-11,118.28995665012967
2017-04-12,117.30641802874442
2017-04-13,116.38180539691217
2017-04-17,117.38401350554784
2017-04-18,116.50446939376886
2017-04-19,116.21708042982219
2017-04-20,117.9260305628522
2017-04-21,117.049569962069
2017-04-24,118.17666277311612
2017-04-25,120.44352664231614
2017-04-26,120.85075391011807
2017-04-27,120.13310677175912
2017-04-28,119.29336278244686
2017-05-01,119.07259561963123
2017-05-02,119.11952417383841
2017-05-03,118.98458040582042
2017-05-04,119.4552523630019
2017-05-05,119.55443118194519
2017-05-08,119.48043976742389
2017-05-09,119.72934262077332
2017-05-10,119.5816785549208
2017-05-11,118.97818254458765
2017-05-12,118.78575564481525
2017-05-15,119.21045427736863
2017-05-16,118.98040444080439
2017-05-17,116.25939700519882
2017-05-18,116.54650976524222
2017-05-19,117.45473891864835
2017-05-22,117.54106420493179
2017-05-23,118.10940892096542
2017-05-24,118.25274200812218
2017-05-25,118.48861313126199
2017-05-26,118.65989219934717
2017-05-30,118.27762431318392
2017-05-31,118.04410743566123
2017-06-01,119.34443629891105
2017-06-02,119.32435543279418
2017-06-05,119.19505170242255
2017-06-06,118.47166135663113
2017-06-07,119.03607013314037
2017-06-08,119.04811087773807
2017-06-09,120.97210406278676
2017-06-12,120.82795243465878
2017-06-13,120.95520703751295
2017-06-14,121.07486845253695
2017-06-15,121.0258435405107
2017-06-16,121.0890270257213
2017-06-19,122.49434721368102
2017-06-20,122.47820585905335
2017-06-21,122.38611903652826
2017-06-22,122.61354965038402
2017-06-23,122.24598463131989
2017-06-26,122.48229870668312
2017-06-27,122.50326476730659
2017-06-28,123.21412219725461
2017-06-29,123.13329306442303
2017-06-30,123.10785048007826
2017-07-03,124.15210806335841
2017-07-05,124.10801134538687
2017-07-06,123.03252824764192
2017-07-07,123.93473758350031
2017-07-10,124.00415226336544
2017-07-11,123.27829289686541
2017-07-12,123.53497810896812
2017-07-13,123.76798974703098
2017-07-14,123.64126861606023
2017-07-17,123.3253824579149
2017-07-18,123.23185982264047
2017-07-19,124.35221434602904
2017-07-20,125.031435881746
2017-07-21,124.96168183371486
2017-07-24,124.49922919332116
2017-07-25,126.25261573091153
2017-07-26,125.29856775332249
2017-07-27,125.29965973350097
2017-07-28,124.74677575890996
2017-07-31,125.0422553072113
2017-08-01,125.57154504668073
2017-08-02,125.78855596040296
2017-08-03,125.62691448416676
2017-08-04,125.72214544279336
2017-08-07,125.66598565314553
2017-08-08,125.56462786513382
2017-08-09,124.93511755105492
2017-08-10,123.18499872336376
2017-08-11,122.77369909286467
2017-08-14,124.22297151158917
2017-08-15,124.0610281730097
2017-08-16,123.9477668455118
2017-08-17,122.00797548941053
2017-08-18,121.08499844227605
2017-08-21,120.44148101687087
2017-08-22,121.53675227310755
2017-08-23,121.10168119364812
2017-08-24,121.32241662318687
2017-08-25,121.33589562373565
2017-08-28,121.14725087186433
2017-08-29,120.68186426095193
2017-08-30,121.24746826211152
2017-08-31,121.19235625076651
2017-09-01,121.64638113577863
2017-09-05,120.08867960362451
2017-09-06,120.55129181618716
2017-09-07,120.72287772309649
2017-09-08,119.84432289420704
2017-09-11,121.59263660813026
2017-09-12,121.74264202310887
2017-09-13,121.68127960565585
2017-09-14,121.8572012954393
2017-09-15,122.00378589823018
2017-09-18,122.63787057277439
2017-09-19,123.10114451736412
2017-09-20,123.37186810561603
2017-09-21,123.04714818030597
2017-09-22,123.32831380332337
2017-09-25,122.31349133338419
2017-09-26,122.12992126020029
2017-09-27,122.63131270191474
2017-09-28,124.08436398168922
2017-09-29,123.5517000429468
2017-10-02,124.59548798106088
2017-10-03,125.31146222410295
2017-10-04,125.02552079903643
2017-10-05,126.04905953158875
2017-10-06,125.40718119222241
2017-10-09,124.75381685218687
2017-10-10,125.61469183618583
2017-10-11,125.56843329547726
2017-10-12,125.46408603145048
2017-10-13,125.77532615277997
2017-10-16,126.74504771049216
2017-10-17,126.41740255350284
2017-10-18,127.18872962616425
2017-10-19,127.31886686462396
2017-10-20,128.97188647808272
2017-10-23,129.24907545670345
2017-10-24,130.29430046376143
2017-10-25,129.12072578660306
2017-10-26,129.66311064206954
2017-10-27,130.0302378770812
2017-10-30,128.99273305617837
2017-10-31,129.06747292517002
2017-11-01,129.92799585722082
2017-11-02,130.84736890711736
2017-11-03,130.43951897730508
2017-11-06,131.1343624099764
2017-11-07,129.77445623559817
2017-11-08,129.65143664116744
2017-11-09,129.608651025133
2017-11-10,129.11599978575973
2017-11-13,128.93627944866384
2017-11-14,128.059516549085
2017-11-15,126.04711047958097
2017-11-16,126.8480840257586
2017-11-17,127.40974399809654
2017-11-20,127.5989542020831
2017-11-21,128.2916250759365
2017-11-22,128.04006828822114
2017-11-24,127.86620277099142
2017-11-27,127.35622375232936
2017-11-28,129.43460849572259
2017-11-29,131.35562287343132
2017-11-30,131.58353875576773
2017-12-01,131.53440948294718
2017-12-04,133.38303926173026
2017-12-05,132.43871673769434
2017-12-06,131.88455934557757
2017-12-07,132.7228382569479
2017-12-08,133.23323739297243
2017-12-11,133.70962307807193
2017-12-12,134.94582959202197
2017-12-13,135.51695527568128
2017-12-14,134.83025489842169
2017-12-15,136.5360450152528
2017-12-18,138.4454986815342
2017-12-19,138.606004583793
2017-12-20,139.19505847117435
2017-12-21,140.07076395927928
2017-12-22,139.93904176200303
2017-12-26,140.20597928178435
2017-12-27,140.22676455499638
2017-12-28,140.9816532109788
2017-12-29,140.25119109393245
2018-01-02,142.89670970244802
2018-01-03,143.29408868451384
2018-01-04,143.75225862199133
2018-01-05,144.31261688093528
2018-01-08,143.8819233070183
2018-01-09,143.7293312546339
2018-01-10,145.02846059778653
2018-01-11,146.97555481537327
2018-01-12,148.63787930492964
2018-01-16,147.1548159778037
2018-01-17,148.89107444942024
2018-01-18,148.92723182007515
2018-01-19,150.29088483311594
2018-01-22,150.98427466953513
2018-01-23,150.17031199348966
2018-01-24,150.72322996325286
2018-01-25,150.99424799618194
2018-01-26,150.89183218081615
2018-01-29,150.27238405097393
2018-01-30,148.24287462347243
2018-01-31,148.34675489781185
2018-02-01,149.2132280976246
2018-02-02,144.46584038211276
2018-02-05,138.64472825603548
2018-02-06,140.86212798802197
2018-02-07,139.4500707308696
2018-02-08,134.8173091224045
2018-02-09,136.29478764640538
2018-02-12,136.93176967136188
2018-02-13,137.9423340158654
2018-02-14,140.21493782017203
2018-02-15,141.38566271200497
2018-02-16,141.45959762175215
2018-02-20,139.46186387644738
2018-02-21,139.26344967688868
2018-02-22,140.40132337726683
2018-02-23,142.54385898681397
2018-02-26,144.68338134053954
2018-02-27,142.30305124945386
2018-02-28,140.3734151361002
2018-03-01,138.78517097170956
2018-03-02,139.35522124222706
2018-03-05,140.2184746814544
2018-03-06,140.28222256815778
2018-03-07,139.98982880859808
2018-03-08,139.77668661229015
2018-03-09,143.0046494709721
2018-03-12,143.0692950776931
2018-03-13,141.8084539002734
2018-03-14,140.8001268744506
2018-03-15,140.73296464992058
2018-03-16,140.94145661573333
2018-03-19,139.31630547958702
2018-03-20,140.20635603814017
2018-03-21,140.2232571229551
2018-03-22,135.2241182653537
2018-03-23,131.12031677716232
2018-03-26,135.8436432194993
2018-03-27,132.36832046844194
2018-03-28,131.60850728525855
2018-03-29,134.1140174457825
2018-04-02,131.24941799984865
2018-04-03,132.67297128660098
2018-04-04,134.27424586221787
2018-04-05,136.27043698936964
2018-04-06,132.58431056276348
2018-04-09,133.17556984069793
2018-04-10,136.04937966145854
2018-04-11,134.41219785413853
2018-04-12,135.9728799337852
2018-04-13,134.7483233440073
2018-04-16,135.99381424203153
2018-04-17,137.23131927124197
2018-04-18,137.94762787906635
2018-04-19,138.60563542766488
2018-04-20,138.14770082866383
2018-04-23,137.3600911824255
2018-04-24,133.35235194119963
2018-04-25,132.33522444482062
2018-04-26,134.16059314340492
2018-04-27,134.23794665068337
2018-04-30,132.90747647443436
2018-05-01,132.84106444065128
2018-05-02,131.57403508170276
2018-05-03,131.32654446184816
2018-05-04,132.1093367499738
2018-05-07,132.64484383517933
2018-05-08,132.8274433404438
2018-05-09,134.57343430682772
2018-05-10,135.67148549395506
2018-05-11,136.70423499791625
2018-05-14,137.82660200552345
2018-05-15,137.18664595922226
2018-05-16,137.8772040480038
2018-05-17,137.47418099641814
2018-05-18,137.09659635219697
2018-05-21,137.95019227996298
2018-05-22,137.7081703439332
2018-05-23,137.12798710211598
2018-05-24,136.9091928103806
2018-05-25,136.4117646978033
2018-05-29,134.12029551752255
2018-05-30,136.21739556010306
2018-05-31,135.34689814679896
2018-06-01,136.86427552794962
2018-06-04,137.80945747999985
2018-06-05,138.48555020144184
2018-06-06,140.11077697575325
2018-06-07,139.30455134956168
2018-06-08,139.39038770026673
2018-06-11,139.43369827848198
2018-06-12,139.1893195053054
2018-06-13,138.44153560044643
2018-06-14,138.2528296361538
2018-06-15,136.76353129248852
2018-06-18,136.26153450921325
2018-06-19,134.97879257016325
2018-06-20,134.80831238274237
2018-06-21,134.24669386937202
2018-06-22,134.562309308037
2018-06-25,131.64084186136245
2018-06-26,131.97985864286457
2018-06-27,131.9773117991319
2018-06-28,132.08338617467365
2018-06-29,132.66577917417325
2018-07-02,132.64917180508593
2018-07-03,131.67887190235865
2018-07-05,132.89272847559425
2018-07-06,134.22877113020914
2018-07-09,135.88417269291472
2018-07-10,136.43206885118786
2018-07-11,135.7243583285164
2018-07-12,136.9394337256295
2018-07-13,136.93917752780908
2018-07-16,136.18504120026506
2018-07-17,136.7508917425369
2018-07-18,137.9591106766278
2018-07-19,135.99247801307527
2018-07-20,135.9736187486898
2018-07-23,136.43700991392905
2018-07-24,137.28805436584022
2018-07-25,138.54189506226123
2018-07-26,138.9565781796228
2018-07-27,136.46927965136342
2018-07-30,135.13782993665055
2018-07-31,135.83535422224773
2018-08-01,134.76098832946104
2018-08-02,134.79972688871635
2018-08-03,135.82304327863764
2018-08-06,136.20005708280874
2018-08-07,136.4966973349706
2018-08-08,136.34459211876072
2018-08-09,136.1752391834395
2018-08-10,135.01387812704945
2018-08-13,133.70606978457184
2018-08-14,134.44929673188352
2018-08-15,133.86289506750455
2018-08-16,134.80768942261733
2018-08-17,135.43281221063168
2018-08-20,135.617336239438
2018-08-21,135.5107446062939
2018-08-22,135.8742567989931
2018-08-23,135.4751666923563
2018-08-24,135.94697851350122
2018-08-27,137.07833790362804
2018-08-28,136.8784883145333
2018-08-29,137.32483227934247
2018-08-30,136.68344022102195
2018-08-31,136.46016139060967
2018-09-04,136.73263344548172
2018-09-05,136.86036995755632
2018-09-06,136.42385258710254
2018-09-07,136.5652688188939
2018-09-10,136.97148478376815
2018-09-11,137.27002981177984
2018-09-12,136.8621707089132
2018-09-13,135.94041618953202
2018-09-14,135.84939200405557
2018-09-17,135.18919957612388
2018-09-18,135.35119948408524
2018-09-19,136.17696986700818
2018-09-20,137.47153312646094
2018-09-21,137.69768522939282
2018-09-24,137.36254544492962
2018-09-25,137.33778770260793
2018-09-26,136.66059422163923
2018-09-27,136.7202971107723
2018-09-28,136.41407302669785
2018-10-01,136.85858081820163
2018-10-02,137.1111331155783
2018-10-03,136.55545136637576
2018-10-04,136.1870426914517
2018-10-05,135.85169216638744
2018-10-08,136.83890998756274
2018-10-09,137.64391781294265
2018-10-10,134.43495180185909
2018-10-11,131.40270502430658
2018-10-12,132.9933583142681
2018-10-15,132.88993718958193
2018-10-16,135.03004601635425
2018-10-17,136.41113945878243
2018-10-18,135.31506137636242
2018-10-19,136.30743444204316
2018-10-22,135.87898486031594
2018-10-23,136.32289442168525
2018-10-24,132.85330571172932
2018-10-25,134.44300384708293
2018-10-26,132.695915883008
2018-10-29,132.40106144693542
2018-10-30,134.67748654472047
2018-10-31,135.0521630897409
2018-11-01,135.37471655900825
2018-11-02,137.02921531308252
2018-11-05,137.8910070378061
2018-11-06,138.773367801516
2018-11-07,141.67068074274198
2018-11-08,141.83277132904524
2018-11-09,141.4338772107704
2018-11-12,139.32403181707352
2018-11-13,138.70767665379412
2018-11-14,138.0244587415959
2018-11-15,138.88341660893272
2018-11-16,138.9415745540436
2018-11-19,137.16289815043316
2018-11-20,133.01534145467272
2018-11-21,133.18678754518749
2018-11-23,131.58752262656068
2018-11-26,133.98287367420517
2018-11-27,135.20005934838503
2018-11-28,138.25581496879434
2018-11-29,137.57608158193244
2018-11-30,138.1187670349127
2018-12-03,139.53532750863738
2018-12-04,134.56820909129834
2018-12-06,135.1642357796454
2018-12-07,132.13075309373383
2018-12-10,132.5368565049473
2018-12-11,132.7235718888866
2018-12-12,132.663614539329
2018-12-13,133.4029105673346
2018-12-14,130.91251394526338
2018-12-17,128.43719344352843
2018-12-18,128.16565619204016
2018-12-19,125.94158547628479
2018-12-20,123.553308601796
2018-12-21,121.38663565233107
2018-12-24,117.61677348013596
2018-12-26,124.67250475092354
2018-12-27,125.70711981564517
2018-12-28,125.27888885293353
2018-12-31,126.4223127693017
2019-01-02,126.87909248040641
2019-01-03,124.00542923433777
2019-01-04,126.96619257419283
2019-01-07,127.40420460218587
2019-01-08,127.86584952386143
2019-01-09,127.83632146239293
2019-01-10,127.56766795935808
2019-01-11,127.93798611261633
2019-01-14,126.98014666925336
2019-01-15,128.2967975349084
2019-01-16,127.38988689454129
2019-01-17,128.30688909428423
2019-01-18,129.1814996207488
2019-01-22,129.37287792167632
2019-01-23,129.74537792168158
2019-01-24,128.37568754364744
2019-01-25,128.30455417505945
2019-01-28,127.21796536523935
2019-01-29,127.87433844195166
2019-01-30,128.63691442015835
2019-01-31,129.8421573507905
2019-02-01,129.89282330670116
2019-02-04,129.7537769716745
2019-02-05,130.27496747387423
2019-02-06,130.60922169361615
2019-02-07,130.0184577187689
2019-02-08,130.24290662030415
2019-02-11,129.66103158172777
2019-02-12,130.90568137293542
2019-02-13,131.20162311558565
2019-02-14,129.91391224089259
2019-02-15,131.2110721292647
2019-02-19,130.8400801365477
2019-02-20,131.03964859109254
2019-02-21,131.03885634453343
2019-02-22,131.95676685361423
2019-02-25,131.5692006392585
2019-02-26,131.3290515413843
2019-02-27,130.39609146173277
2019-02-28,130.44581369143322
2019-03-01,131.53563698040097
2019-03-04,131.4216151955985
2019-03-05,131.1164321639686
2019-03-06,130.31953662404334
2019-03-07,129.25815701676072
2019-03-08,128.79093901030683
2019-03-11,130.3027665376792
2019-03-12,130.61532012959916
2019-03-13,131.57479846209932
2019-03-14,131.2547956312576
2019-03-15,131.35765517017455
2019-03-18,131.40602152208112
2019-03-19,131.4468510647095
2019-03-20,130.2927509985358
2019-03-21,130.80264026566851
2019-03-22,128.20997312610254
2019-03-25,127.76975567005603
2019-03-26,129.43591093044418
2019-03-27,129.1550201656488
2019-03-28,129.80251697825884
2019-03-29,130.77516963574828
2019-04-01,132.43676987222287
2019-04-02,132.10684352270206
2019-04-03,132.42783835963047
2019-04-04,132.7356311189559
2019-04-05,132.7566991061181
2019-04-08,132.92554185988655
2019-04-09,132.10025595287098
2019-04-10,132.36057279288747
2019-04-11,131.62438831428895
2019-04-12,131.9716863690266
2019-04-15,132.08065903977743
2019-04-16,132.3550598373332
2019-04-17,132.29737190378333
2019-04-18,132.3758982162319
2019-04-22,132.77933935546108
2019-04-23,133.86213480956835
2019-04-24,134.67461604866477
2019-04-25,132.97592451125232
2019-04-26,130.49560274837617
2019-04-29,130.21430203092032
2019-04-30,131.05694322737403
2019-05-01,129.3422788706145
2019-05-02,128.87779499058348
2019-05-03,129.9454243278234
2019-05-06,129.50292750319986
2019-05-07,127.57580315491695
2019-05-08,126.91554017699909
2019-05-09,125.84315874752191
2019-05-10,125.76284441177317
2019-05-13,122.2885739829331
2019-05-14,123.33128952050346
2019-05-15,123.83873374436641
2019-05-16,124.58753602357974
2019-05-17,123.7213767652258
2019-05-20,122.99477488763642
2019-05-21,123.78707076964436
2019-05-22,123.10553849198423
2019-05-23,121.83890490753308
2019-05-24,122.69189542958044
2019-05-28,121.29447091502261
2019-05-29,120.57192786066817
2019-05-30,120.6912115140897
2019-05-31,118.97905192140635
2019-06-03,118.57249055868947
2019-06-04,120.87145494745863
2019-06-05,121.97974065819642
2019-06-06,123.1079965023547
2019-06-07,124.53784987902003
2019-06-10,125.05716939560801
2019-06-11,124.9445708449802
2019-06-12,125.74735493506562
2019-06-13,126.27436694420643
2019-06-14,126.19129068603692
2019-06-17,125.74994754380846
2019-06-18,126.43298178239652
2019-06-19,127.33358823696274
2019-06-20,128.06194188170048
2019-06-21,127.91586007422393
2019-06-24,127.55423409865448
2019-06-25,126.61173603492384
2019-06-26,126.28337284765004
2019-06-27,126.45725873313613
2019-06-28,126.96307813520843
2019-07-01,128.05788997741243
2019-07-02,128.07374083649964
2019-07-03,128.8322574310221
2019-07-05,128.820748232452
2019-07-08,128.4841410501291
2019-07-09,128.84968680854172
2019-07-10,128.53496701226499
2019-07-11,129.08616016568234
2019-07-12,128.79070514553848
2019-07-15,128.39266368752186
2019-07-16,127.66683789367494
2019-07-17,127.41582322276379
2019-07-18,128.61663404575555
2019-07-19,128.30102162400988
2019-07-22,128.50991424839907
2019-07-23,129.7219340664032
2019-07-24,130.49817654959145
2019-07-25,129.61615610002218
2019-07-26,130.22627137921006
2019-07-29,130.58488479023947
2019-07-30,130.2591771814527
2019-07-31,128.96072964665413
2019-08-01,126.4243953861774
2019-08-02,125.33692435208653
2019-08-05,120.84000439496927
2019-08-06,122.53447331955125
2019-08-07,122.09705062807741
2019-08-08,124.75610193536527
2019-08-09,123.8891526593172
2019-08-12,121.88817238316001
2019-08-13,124.06459397731763
2019-08-14,120.3024879223858
2019-08-15,119.880356816379
2019-08-16,122.61546953007402
2019-08-19,125.11865537421617
2019-08-20,123.40092772781894
2019-08-21,124.26737847024701
2019-08-22,124.33271121230715
2019-08-23,120.15484307953226
2019-08-26,122.07237687939622
2019-08-27,121.6207845979594
2019-08-28,122.72722186235522
2019-08-29,125.18736525403206
2019-08-30,125.55691157321505
2019-09-03,123.78259543549919
2019-09-04,125.31331712932604
2019-09-05,127.7574742975432
2019-09-06,127.64816958139014
2019-09-09,127.54050181384268
2019-09-10,127.07992851843137
2019-09-11,127.40891475462114
2019-09-12,127.7957227261927
2019-09-13,127.19180958204426
2019-09-16,126.83712379922832
2019-09-17,127.1291746503961
2019-09-18,126.87693314544731
2019-09-19,126.2611698176692
2019-09-20,126.0251294683974
2019-09-23,125.98804917079082
2019-09-24,124.9688071783506
2019-09-25,125.6939014679328
2019-09-26,125.05042823876758
2019-09-27,123.97039065174779
2019-09-30,124.85182103183347
2019-10-01,123.23907271128658
2019-10-02,120.18994007721747
2019-10-03,121.23655463953136
2019-10-04,122.7828112855123
2019-10-07,121.87614922508695
2019-10-08,119.67697441042104
2019-10-09,121.12638968954573
2019-10-10,121.95089325457882
2019-10-11,123.32056523903313
2019-10-14,123.24410554772119
2019-10-15,124.53428477204574
2019-10-16,124.30434183909026
2019-10-17,125.04250721432706
2019-10-18,124.76798719643193
2019-10-21,125.91428369051548
2019-10-22,125.22919825400714
2019-10-23,125.9511626353407
2019-10-24,125.16656070005176
2019-10-25,126.8589237745467
2019-10-28,127.54024797037421
2019-10-29,127.40035045733542
2019-10-30,127.59216934501852
2019-10-31,127.06201167999032
2019-11-01,127.61996724636568
2019-11-04,128.9608904739362
2019-11-05,128.43056504705416
2019-11-06,128.87349078520865
2019-11-07,129.72575159474076
2019-11-08,130.28330450302627
2019-11-11,129.8385445641622
2019-11-12,129.9616508692193
2019-11-13,129.47009488244586
2019-11-14,129.8663700180472
2019-11-15,131.27484736514606
2019-11-18,131.4451114669875
2019-11-19,131.69195185580512
2019-11-20,130.8882643978854
2019-11-21,130.72400647818336
2019-11-22,130.90693971103613
2019-11-25,132.11106423899147
2019-11-26,132.4252504729983
2019-11-27,132.64189995113904
2019-11-29,132.2673569817009
2019-12-02,130.98689173704395
2019-12-03,128.97603519330713
2019-12-04,130.12261834267454
2019-12-05,130.79895368467453
2019-12-06,132.20066472090048
2019-12-09,132.3887181344283
2019-12-10,132.511689559924
2019-12-11,133.38169915068318
2019-12-12,134.94268526102488
2019-12-13,134.87514478818574
2019-12-16,135.7854074674408
2019-12-17,135.8342447242098
2019-12-18,135.41493614796588
2019-12-19,136.36273138061387
2019-12-20,136.42451673420382
2019-12-23,136.94494260461445
2019-12-24,137.0674809404823
2019-12-26,137.96529254524458
2019-12-27,137.91054354731074
2019-12-30,137.26231140486257
2019-12-31,137.6975947151478
2020-01-02,138.45455885876618
2020-01-03,136.94748411762413
2020-01-06,136.84386240885968
2020-01-07,136.36329718797285
2020-01-08,137.18693155243164
2020-01-09,136.93747451945399
2020-01-10,136.848026896997
2020-01-13,137.417990365949
2020-01-14,136.63980536030815
2020-01-15,136.9608047422786
2020-01-16,137.90196542906642
2020-01-17,137.9557285236811
2020-01-21,137.2802316007993
2020-01-22,137.64550085550556
2020-01-23,137.30476648478384
2020-01-24,137.1863180377662
2020-01-27,134.14390659368843
2020-01-28,134.82241252088102
2020-01-29,134.2745017561853
2020-01-30,134.82024558588023
2020-01-31,131.51387177628087
2020-02-03,132.5342814452287
2020-02-04,134.87384684713203
2020-02-05,136.87630753037786
2020-02-06,136.5596276239516
2020-02-07,135.36894353531127
2020-02-10,136.86674279142923
2020-02-11,137.81323142378642
2020-02-12,139.3063060194892
2020-02-13,139.02558934239025
2020-02-14,138.47348945390104
2020-02-18,137.99946355204946
2020-02-19,138.84192479303434
2020-02-20,137.78973590249072
2020-02-21,136.94864971691337
2020-02-24,131.42618897710187
2020-02-25,127.6481106788314
2020-02-26,126.83806007213458
2020-02-27,120.97715359705782
2020-02-28,120.02139064144257
2020-03-02,125.93722039326022
2020-03-03,122.08088739571612
2020-03-04,127.68607339057036
2020-03-05,123.28263780071104
2020-03-06,120.87059051073162
2020-03-09,112.37236675191798
2020-03-10,118.99395856732336
2020-03-11,113.83110944091828
2020-03-12,102.91077507574738
2020-03-13,114.03075991487098
2020-03-16,99.67175558958249
2020-03-17,106.39048678706239
2020-03-18,102.40523880302236
2020-03-19,102.74449448076851
2020-03-20,98.70689545083309
2020-03-23,98.7757296018432
2020-03-24,107.43915646999507
2020-03-25,107.36391276727443
2020-03-26,113.33545636458904
2020-03-27,108.999091333956
2020-03-30,113.78728514703202
2020-03-31,112.55274975820068
2020-04-01,107.2227897852764
2020-04-02,109.50427289372641
2020-04-03,108.20241445861141
2020-04-06,114.51892261999636
2020-04-07,113.64692391442482
2020-04-08,115.21085178917696
2020-04-09,114.5364855083589
2020-04-13,116.89271547662224
2020-04-14,121.07274573125773
2020-04-15,120.17564360681247
2020-04-16,123.12271899120897
2020-04-17,122.50054110594948
2020-04-20,121.20842885851351
2020-04-21,117.41973803114408
2020-04-22,121.04909995030637
2020-04-23,120.5792100172128
2020-04-24,121.93555099665699
2020-04-27,122.17430003011704
2020-04-28,120.37847607085466
2020-04-29,123.6167524466186
2020-04-30,124.05550293208623
2020-05-01,120.401535982566
2020-05-04,122.04439544326503
2020-05-05,123.35833129319424
2020-05-06,124.11503662087772
2020-05-07,123.9882870405129
2020-05-08,125.54993872707632
2020-05-11,127.46165507817612
2020-05-12,125.4083238803422
2020-05-13,124.41233167361376
2020-05-14,126.8123939009797
2020-05-15,128.05652375963822
2020-05-18,130.0896863700204
2020-05-19,129.66271744140894
2020-05-20,130.46856621783118
2020-05-21,128.9409573801054
2020-05-22,129.74705156737662
2020-05-26,129.04676583866993
2020-05-27,130.03278235018428
2020-05-28,130.17081491625356
2020-05-29,132.84671173807283
2020-06-01,130.7687800462508
2020-06-02,132.01012265026182
2020-06-03,133.0162785020761
2020-06-04,132.80039832197755
2020-06-05,134.69115234003172
2020-06-08,135.26619419577213
2020-06-09,135.57834665984223
2020-06-10,136.24385087985377
2020-06-11,127.89276423783035
2020-06-12,129.43281774498922
2020-06-15,130.5522505110238
2020-06-16,131.80190126413615
2020-06-17,132.1364097271791
2020-06-18,131.68720471122748
2020-06-19,131.0897256742694
2020-06-22,132.7548368635319
2020-06-23,133.4885170547487
2020-06-24,130.86542695690073
2020-06-25,132.40135349479198
2020-06-26,128.5431443327933
2020-06-29,129.82847016464805
2020-06-30,132.3634663555079
2020-07-01,133.026262577723
2020-07-02,133.7367905500769
2020-07-06,137.24611099351145
2020-07-07,135.49999314594083
2020-07-08,137.24145633844572
2020-07-09,136.61147386050453
2020-07-10,138.1010534112817
2020-07-13,136.89612915808183
2020-07-14,139.29099397267282
2020-07-15,140.62231224887543
2020-07-16,140.55416123735574
2020-07-17,140.79657267113842
2020-07-20,141.47784290288112
2020-07-21,141.59593305088907
2020-07-22,142.0357979784652
2020-07-23,140.405709232929
2020-07-24,136.948859062356
2020-07-27,138.16622041498624
2020-07-28,136.51146485640854
2020-07-29,137.55504283820383
2020-07-30,138.9525665982019
2020-07-31,138.65401821041252
2020-08-03,140.19171601304856
2020-08-04,140.7854385534465
2020-08-05,143.90232322448477
2020-08-06,145.1152133345053
2020-08-07,146.09003426625918
2020-08-10,147.48820580150834
2020-08-11,146.54841609322324
2020-08-12,148.02057906260046
2020-08-13,147.86566588676666
2020-08-14,147.96176001418038
2020-08-17,148.55068050352983
2020-08-18,150.02667607148163
2020-08-19,151.02951947987003
2020-08-20,151.03060930742333
2020-08-21,151.31275082762062
2020-08-24,153.04763566697488
2020-08-25,152.96208738821838
2020-08-26,154.42430595222862
2020-08-27,154.4389312812822
2020-08-28,156.8374260876056
2020-08-31,156.53913984582536
2020-09-01,157.79563725361834
2020-09-02,160.1449418356478
2020-09-03,155.4479185941744
2020-09-04,155.98671574648378
2020-09-08,153.850669006696
2020-09-09,155.99469933054903
2020-09-10,154.15827353109103
2020-09-11,155.83492323972422
2020-09-14,157.36445757017174
2020-09-15,157.32504625227577
2020-09-16,157.916385990576
2020-09-17,157.09503934633747
2020-09-18,156.4340768220832
2020-09-21,151.9615339444116
2020-09-22,152.82715475810232
2020-09-23,151.71860301475502
2020-09-24,151.872189120851
2020-09-25,153.3895357693962
2020-09-28,156.07580034356724
2020-09-29,154.9454521816705
2020-09-30,155.79738550741249
2020-10-01,154.86798840613832
2020-10-02,154.55634864393363
2020-10-05,156.91647432524812
2020-10-06,154.83540135886784
2020-10-07,158.53961557274704
2020-10-08,158.9646215418765
2020-10-09,160.09727737582688
2020-10-12,161.37952597458056
2020-10-13,161.30663000833232
2020-10-14,160.56688935773988
2020-10-15,160.57694279898027
2020-10-16,161.29833133935406
2020-10-19,159.2217599044219
2020-10-20,160.78857528508723
2020-10-21,160.08419408930723
2020-10-22,161.70323090361364
2020-10-23,162.4411736086122
2020-10-26,157.9840289015684
2020-10-27,157.7896102751915
2020-10-28,150.0194416385356
2020-10-29,153.1503976526289
2020-10-30,151.5361058793788
2020-11-02,154.05290731689192
2020-11-03,157.58693294910984
2020-11-04,161.4595823284405
2020-11-05,164.33622280256984
2020-11-06,165.75203610351355
2020-11-09,165.7276187994924
2020-11-10,163.32165293072717
2020-11-11,165.07395576974525
2020-11-12,163.73203547955555
2020-11-13,165.44402126162348
2020-11-16,168.6331897581603
2020-11-17,168.22963187005723
2020-11-18,167.00018535540337
2020-11-19,167.31875612462034
2020-11-20,165.73231951659048
2020-11-23,167.62121902727583
2020-11-24,171.28124768302482
2020-11-25,171.98433181754788
2020-11-27,172.03683690344292
2020-11-30,171.62579778944618
2020-12-01,172.7261547698903
2020-12-02,175.77933490529546
2020-12-03,175.57028367047047
2020-12-04,178.16401387550258
2020-12-07,177.1217024103666
2020-12-08,177.08929322151522
2020-12-09,175.3845557786122
2020-12-10,177.02869220407993
2020-12-11,175.3430458131368
2020-12-14,172.57428563070286
2020-12-15,174.73875305887907
2020-12-16,174.59088815446543
2020-12-17,175.15731411558335
2020-12-18,173.59822004155615
2020-12-21,175.93141239841515
2020-12-22,173.26980081767496
2020-12-23,176.15908951565237
2020-12-24,175.316694270971
2020-12-28,175.58824917068785
2020-12-29,175.76917007006003
2020-12-30,177.4647044665302
2020-12-31,177.29381557125438
2021-01-04,177.29287935088007
2021-01-05,181.0679953447678
2021-01-06,184.66112062723366
2021-01-07,188.00592466820504
2021-01-08,188.26238364406677
2021-01-11,190.3008022449111
2021-01-12,191.56499941782417
2021-01-13,191.7182178238186
2021-01-14,193.62167832923163
2021-01-15,187.78375933767887
2021-01-19,189.49638166734647
2021-01-20,191.12087845314574
2021-01-21,189.9905450688133
2021-01-22,188.83682926139994
2021-01-25,188.14420230990518
2021-01-26,185.92854423750398
2021-01-27,180.5074355269937
2021-01-28,182.60830168330676
2021-01-29,178.78013364159955
2021-02-01,180.95311610253552
2021-02-02,184.5154752590936
2021-02-03,186.66041868089323
2021-02-04,189.99710113284206
2021-02-05,190.64706272731217
2021-02-08,195.5587466348297
2021-02-09,194.58207304182616
2021-02-10,195.96986000164173
2021-02-11,195.93232812507873
2021-02-12,197.8802180132488
2021-02-16,202.05806567192434
2021-02-17,203.61453930351885
2021-02-18,202.38522715165087
2021-02-19,204.67183708486303
2021-02-22,204.79815885349086
2021-02-23,205.22465807500532
2021-02-24,210.53967757713258
2021-02-25,205.28370839179283
2021-02-26,202.41940150900248
2021-03-01,207.24979495990277
2021-03-02,207.1409345699634
2021-03-03,206.86764202318238
2021-03-04,205.98326504109914
2021-03-05,211.33996869366956
2021-03-08,211.36036603912146
2021-03-09,212.4618606878402
2021-03-10,215.25117024518315
2021-03-11,216.0189247344596
2021-03-12,217.541693891188
2021-03-15,215.9168839472452
2021-03-16,214.57418526489863
2021-03-17,215.289681235042
2021-03-18,213.78841594647463
2021-03-19,212.96242333170818
2021-03-22,213.14191675888668
2021-03-23,210.08813606555722
2021-03-24,210.33495433770452
2021-03-25,212.23709390855922
2021-03-26,216.87509054588168
2021-03-29,215.0689123722254
2021-03-30,214.4096795259575
2021-03-31,213.2368273159102
2021-04-01,214.64618528714334
2021-04-05,215.64187840024914
2021-04-06,215.1638783748542
2021-04-07,215.95866886934402
2021-04-08,216.59771524398752
2021-04-09,219.07212697632502
2021-04-12,217.8593570418273
2021-04-13,217.4048495788369
2021-04-14,219.524608726835
2021-04-15,221.6709346581499
2021-04-16,221.77629949683705
2021-04-19,221.27260286784087
2021-04-20,218.6535565617375
2021-04-21,221.19322720065836
2021-04-22,218.4997028997907
2021-04-23,219.93212440286345
2021-04-26,219.37734828040936
2021-04-27,223.2324382707963
2021-04-28,224.67207996548748
2021-04-29,228.02213214618703
2021-04-30,224.49418537049334
2021-05-03,227.6561132769011
2021-05-04,228.24189598185427
2021-05-05,230.5678701536052
2021-05-06,233.0854619014197
2021-05-07,235.12514871375524
2021-05-10,233.26306339870527
2021-05-11,229.02278183420017
2021-05-12,226.38363750792553
2021-05-13,228.2964315072292
2021-05-14,232.42168884634148
2021-05-17,233.83061448287526
2021-05-18,230.4239216854375
2021-05-19,228.52669249983117
2021-05-20,229.01031470835977
2021-05-21,229.8996822009793
2021-05-24,232.58200015235002
2021-05-25,231.03127246390486
2021-05-26,232.11831727949803
2021-05-27,232.14405065022626
2021-05-28,232.3807451692628
2021-06-01,233.9719865969256
2021-06-02,234.42528386544942
2021-06-03,233.3635137473009
2021-06-04,234.99357286830462
2021-06-07,234.63328278604627
2021-06-08,234.71222882843867
2021-06-09,232.97444227649424
2021-06-10,234.00890264716597
2021-06-11,234.32936477417002
2021-06-14,234.15352061289244
2021-06-15,235.96515848458364
2021-06-16,234.6598428065935
2021-06-17,231.03896495629903
2021-06-18,226.5380064478219
2021-06-21,231.7153912811803
2021-06-22,233.32122424025295
2021-06-23,232.9323063503533
2021-06-24,235.23092120148607
2021-06-25,236.11520621137478
2021-06-28,234.8391762525591
2021-06-29,233.8747021030035
2021-06-30,234.62503608444666
2021-07-01,235.98214331541067
2021-07-02,237.9903339102943
2021-07-06,235.49149081467746
2021-07-07,236.14687987626482
2021-07-08,234.00803115723707
2021-07-09,236.89082407369034
2021-07-12,237.50053732346657
2021-07-13,237.1251523544536
2021-07-14,237.71539634636486
2021-07-15,237.1084833462296
2021-07-16,234.68153949771929
2021-07-19,230.76595395400386
2021-07-20,234.16129761173437
2021-07-21,236.97709428282909
2021-07-22,237.1215917373036
2021-07-23,236.3584506013308
2021-07-26,237.64467824000192
2021-07-27,234.98491549204113
2021-07-28,233.81000240382107
2021-07-29,235.6213719448115
2021-07-30,234.22069827844356
2021-08-02,234.06435080385128
2021-08-03,236.9923825624919
2021-08-04,234.29658365000088
2021-08-05,235.1582198759185
2021-08-06,237.32355976187978
2021-08-09,236.09166237417162
2021-08-10,237.44516730434228
2021-08-11,238.11732702269458
2021-08-12,239.2062660074388
2021-08-13,239.12928006632347
2021-08-16,239.680897148143
2021-08-17,239.7971513624222
2021-08-18,236.1497452752308
2021-08-19,235.9751397628206
2021-08-20,237.28487071631884
2021-08-23,238.83885242637064
2021-08-24,239.14855475860077
2021-08-25,239.22217542581083
2021-08-26,237.7219081225216
2021-08-27,239.26416644964502
2021-08-30,238.93414298273427
2021-08-31,236.37094904965045
2021-09-01,234.63110641078669
2021-09-02,237.29914153280515
2021-09-03,236.96355130391123
2021-09-07,234.9085402794946
2021-09-08,233.67797287520946
2021-09-09,231.4111344329023
2021-09-10,231.08842725425862
2021-09-13,232.09507643806344
2021-09-14,230.8807223565343
2021-09-15,234.30955521826544
2021-09-16,233.8995245411973
2021-09-17,231.96001511310817
2021-09-20,229.29483824822498
2021-09-21,229.09894786669
2021-09-22,230.68580144802655
2021-09-23,232.88535763259034
2021-09-24,233.01247852430174
2021-09-27,232.59975998163327
2021-09-28,229.10943851197894
2021-09-29,229.52953076197826
2021-09-30,226.9001393582911
2021-10-01,228.19345914129386
2021-10-04,227.96423013537895
2021-10-05,230.0205647814683
2021-10-06,229.28086715359046
2021-10-07,231.33540454095902
2021-10-08,233.04550423666834
2021-10-11,230.16735314533574
2021-10-12,229.42660410038528
2021-10-13,228.6807504802885
2021-10-14,230.77772904023888
2021-10-15,234.33403852121543
2021-10-18,233.86066972614282
2021-10-19,237.2498227935356
2021-10-20,239.3522396374826
2021-10-21,238.42987922537705
2021-10-22,241.94932485221258
2021-10-25,242.96640952293987
2021-10-26,244.22261829245141
2021-10-27,240.47553458066386
2021-10-28,242.4581076943884
2021-10-29,245.58757973500224
2021-11-01,246.4861203964605
2021-11-02,246.6509687595973
2021-11-03,246.2226880589774
2021-11-04,243.7306101016058
2021-11-05,246.75950926164563
2021-11-08,248.37334466715834
2021-11-09,247.3933946304921
2021-11-10,246.34115208950365
2021-11-11,250.6719282907091
2021-11-12,251.11583755575043
2021-11-15,251.1283378543348
2021-11-16,250.7005335384128
2021-11-17,247.5126615712873
2021-11-18,247.70960133304635
2021-11-19,244.69896709161563
2021-11-22,246.752599813686
2021-11-23,249.2582333205548
2021-11-24,248.7069812292491
2021-11-26,244.1474302175652
2021-11-29,243.8370436255085
2021-11-30,238.25461502294428
2021-12-01,236.79159828802003
2021-12-02,243.01266323385386
2021-12-03,240.76408729840608
2021-12-06,243.49620372286012
2021-12-07,248.77812805889647
2021-12-08,247.3730185184107
2021-12-09,247.80009854591435
2021-12-10,248.4249772718621
2021-12-13,244.34935685326545
2021-12-14,244.85291744742878
2021-12-15,244.66121654814998
2021-12-16,247.12624692480867
2021-12-17,242.37976336663297
2021-12-20,239.01691052781064
2021-12-21,244.13138763491588
2021-12-22,245.8653651717105
2021-12-23,248.39864723481725
2021-12-27,251.30200133975737
2021-12-28,250.97871988755642
2021-12-29,250.51797910262698
2021-12-30,249.69022945596785
2021-12-31,249.70380279969993
2022-01-03,254.3499699415124
2022-01-04,260.873014883468
2022-01-05,259.35131609385735
2022-01-06,261.29025037596466
2022-01-07,264.84665912409275
2022-01-10,263.56727355138304
2022-01-11,266.80409938166235
2022-01-12,267.2004492443777
2022-01-13,265.8738184342876
2022-01-14,265.1893563696679
2022-01-18,261.78572721018367
2022-01-19,261.38417551687206
2022-01-20,260.7442316697068
2022-01-21,256.60786104169205
2022-01-24,255.06756455406276
2022-01-25,257.34012378921767
2022-01-26,256.6270511540477
2022-01-27,255.491642755869
2022-01-28,257.0351847139792
2022-01-31,259.393890454003
2022-02-01,269.0949219851586
2022-02-02,271.1327029882509
2022-02-03,267.5026575915533
2022-02-04,269.46636555572894
2022-02-07,269.8008552217238
2022-02-08,271.02902269956223
2022-02-09,272.1000609018981
2022-02-10,268.45420850975023
2022-02-11,265.50169660601114
2022-02-14,263.90614813845906
2022-02-15,265.9263944139874
2022-02-16,265.5612798618814
2022-02-17,260.4755840400704
2022-02-18,258.77696117697536
2022-02-22,257.4642290725695
2022-02-23,253.35438435812355
2022-02-24,252.66984119974973
2022-02-25,258.5255881587516
2022-02-28,256.7965232783519
2022-03-01,250.9338156643377
2022-03-02,255.57689851538868
2022-03-03,254.65737742866148
2022-03-04,253.55945269709738
2022-03-07,243.9967433727581
2022-03-08,243.50294572989552
2022-03-09,248.31760444912507
2022-03-10,249.43882175334645
2022-03-11,247.2987815741127
2022-03-14,246.0473004185232
2022-03-15,248.13734729907583
2022-03-16,254.04630936068298
2022-03-17,257.67645480199184
2022-03-18,257.41703885061895
2022-03-21,258.89610214345777
2022-03-22,262.1644444449384
2022-03-23,258.9668498366494
2022-03-24,261.98395050027733
2022-03-25,264.5033863445734
2022-03-28,263.5173465947244
2022-03-29,264.49269307841996
2022-03-30,264.49536663314933
2022-03-31,258.52380740181593
2022-04-01,258.73642063891026
2022-04-04,257.88674767654504
2022-04-05,256.0051709160117
2022-04-06,257.15550933565277
2022-04-07,259.8900915330171
2022-04-08,260.3811772679111
2022-04-11,255.34650153136894
2022-04-12,254.4891807781413
2022-04-13,257.3824834953518
2022-04-14,256.2293323293043
2022-04-18,256.30857306434905
2022-04-19,257.8133938332238
2022-04-20,257.9129700251425
2022-04-21,252.38397327629852
2022-04-22,245.98510530129138
2022-04-25,247.72808553992013
2022-04-26,243.09517340938024
2022-04-27,246.9641816598682
2022-04-28,251.55688236093692
2022-04-29,243.90163645317728
2022-05-02,242.99085903998105
2022-05-03,243.58077438601984
2022-05-04,249.19099934878855
2022-05-05,244.23176694611078
2022-05-06,244.4183607057021
2022-05-09,238.4942569645789
2022-05-10,239.29456547856196
2022-05-11,239.94233757056222
2022-05-12,240.04477870805218
2022-05-13,242.03667836854387
2022-05-16,244.37247639697154
2022-05-17,247.50346127007148
2022-05-18,238.8450984169859
2022-05-19,239.6556304666717
2022-05-20,243.21380222216564
2022-05-23,248.40924160064924
2022-05-24,250.5613666196791
2022-05-25,251.05077651150634
2022-05-26,252.26090738669515
2022-05-27,254.9970822847568
2022-05-31,251.62409409765317
2022-06-01,250.8388817709988
2022-06-02,250.87012450347527
2022-06-03,250.88186751590243
2022-06-06,250.88288347928201
2022-06-07,254.64055343295283
2022-06-08,253.51496023628127
2022-06-09,248.77712436449428
2022-06-10,245.1379627760833
2022-06-13,239.14534002827577
2022-06-14,237.58834900446422
2022-06-15,237.76441410574046
2022-06-16,233.3718499338697
2022-06-17,229.3943148981462
2022-06-21,238.1515997409985
2022-06-22,238.35740099924217
2022-06-23,239.63137258744408
2022-06-24,243.26382444553067
2022-06-27,245.60310321839222
2022-06-28,243.8726586505108
2022-06-29,243.80011257917766
2022-06-30,242.88452733552208
2022-07-01,246.29494987558488
2022-07-05,242.6335878167715
2022-07-06,243.0921561131334
2022-07-07,244.92058950126673
2022-07-08,244.95496687764737
2022-07-11,244.689296407111
2022-07-12,242.07672661603632
2022-07-13,241.062834785012
2022-07-14,239.82180304933428
2022-07-15,243.76403392099445
2022-07-18,241.31925775127525
2022-07-19,244.83777179447415
2022-07-20,242.64270833176627
2022-07-21,242.32912861954622
2022-07-22,242.15892444895303
2022-07-25,244.9201155719707
2022-07-26,246.79402817120828
2022-07-27,247.84965075063104
2022-07-28,249.15004156264433
2022-07-29,253.17736558890996
2022-08-01,251.2491142573081
2022-08-02,248.47731808680683
2022-08-03,248.77579908280543
2022-08-04,246.7384091068345
2022-08-05,247.02177627217102
2022-08-08,246.8365514781586
2022-08-09,247.91791828185717
2022-08-10,249.0404791658042
2022-08-11,247.33758404828984
2022-08-12,250.40391470957405
2022-08-15,251.21508550716854
2022-08-16,251.81674696240555
2022-08-17,251.40287614784617
2022-08-18,251.93421827689187
2022-08-19,252.7122170932338
2022-08-22,250.3650275267836
2022-08-23,249.4932353064263
2022-08-24,249.23290009844268
2022-08-25,251.20910036441535
2022-08-26,246.0459277950868
2022-08-29,245.15794744618594
2022-08-30,242.2961325091879
2022-08-31,240.12814011345193
2022-09-01,242.92361445399783
2022-09-02,242.4377739245492
2022-09-06,242.2005863227366
2022-09-07,243.14234788775087
2022-09-08,244.39975181183536
2022-09-09,245.8584695527406
2022-09-12,247.92548729103092
2022-09-13,242.27566183335747
2022-09-14,244.719831855023
2022-09-15,243.0966540792475
2022-09-16,242.01627263617985
2022-09-19,242.41956171033902
2022-09-20,241.37629377800081
2022-09-21,238.22254044733205
2022-09-22,239.1496399523701
2022-09-23,233.64318167228137
2022-09-26,230.64824697112556
2022-09-27,229.35940038395256
2022-09-28,232.92730588423424
2022-09-29,231.58474586409443
2022-09-30,229.43676924573833
2022-10-03,235.43673661642745
2022-10-04,237.58739383269457
2022-10-05,239.29324871454696
2022-10-06,239.43139371756035
2022-10-07,238.14672998793174
2022-10-10,238.12297041594238
2022-10-11,238.11246371663492
2022-10-12,238.03276191625207
2022-10-13,240.80858619004434
2022-10-14,239.96534389213704
2022-10-17,241.8556042656009
2022-10-18,242.13230478984894
2022-10-19,242.55994795358833
2022-10-20,242.52334298988043
2022-10-21,245.1649295589356
2022-10-24,246.61771503494683
2022-10-25,246.40276205869054
2022-10-26,247.30922352064277
2022-10-27,247.85898041826866
2022-10-28,249.97960823730781
2022-10-31,250.442845591766
2022-11-01,249.56339220847968
2022-11-02,245.6722656202228
2022-11-03,245.44887436950364
2022-11-04,250.08089046344838
2022-11-07,251.85095275092354
2022-11-08,254.17468868904592
2022-11-09,249.27519106404517
2022-11-10,255.79433519953514
2022-11-11,253.72612055571034
2022-11-14,253.80144956327587
2022-11-15,253.79049787254414
2022-11-16,253.9641799927302
2022-11-17,254.61702084235495
2022-11-18,256.14240114096407
2022-11-21,255.32831183778748
2022-11-22,257.9619218436014
2022-11-23,258.8132196399103
2022-11-25,260.0006820168703
2022-11-28,256.84149605474863
2022-11-29,256.6101239687212
2022-11-30,261.77955188336415
2022-12-01,260.3672924797285
2022-12-02,260.06121690013435
2022-12-05,253.07518932244056
2022-12-06,249.0795622460969
2022-12-07,247.89605307825087
2022-12-08,250.5408620243205
2022-12-09,248.36561837786672
2022-12-12,251.7429594106034
2022-12-13,252.34956496439207
2022-12-14,250.77699515051802
2022-12-15,245.99748305830104
2022-12-16,244.2566528525076
2022-12-19,243.79781498179108
2022-12-20,244.01524068762862
2022-12-21,246.91541898827538
2022-12-22,244.10257583755867
2022-12-23,246.0633893909848
2022-12-27,247.24238383167608
2022-12-28,245.3147491815839
2022-12-29,247.32286966208105
2022-12-30,246.63576208970906
2023-01-03,246.72031483579872
2023-01-04,248.70658788583984
2023-01-05,249.3242011690744
2023-01-06,255.4690726381377
2023-01-09,251.24699705965568
2023-01-10,253.507978417599
2023-01-11,254.468460243954
2023-01-12,254.91764717007172
2023-01-13,256.2835238591
2023-01-17,256.3857045975141
2023-01-18,251.7219831692113
2023-01-19,251.02292231876868
2023-01-20,254.32967613608085
2023-01-23,254.5447134714172
2023-01-24,253.80043527405337
2023-01-25,256.1159428271913
2023-01-26,256.7439817824409
2023-01-27,254.69567256916682
2023-01-30,253.24751057073078
2023-01-31,255.8435947350829
2023-02-01,255.66983809328943
2023-02-02,252.96127640719408
2023-02-03,252.80732496270807
2023-02-06,253.03282782765385
2023-02-07,255.94912942112762
2023-02-08,254.19260176958358
2023-02-09,252.9620805117359
2023-02-10,254.20644613975108
2023-02-13,256.14557051380933
2023-02-14,255.95278067939213
2023-02-15,255.18870178878015
2023-02-16,253.4899414745843
2023-02-17,252.49356000601014
2023-02-21,249.8861990225217
2023-02-22,248.80227788043547
2023-02-23,247.87652666843059
2023-02-24,246.32947102975837
2023-02-27,246.7542267287114
2023-02-28,247.24529448597116
2023-03-01,248.41966854617368
2023-03-02,249.1847249248063
2023-03-03,252.32011508919658
2023-03-06,252.92385102849522
2023-03-07,248.6191886978143
2023-03-08,246.62287504267084
2023-03-09,241.46163023126573
2023-03-10,239.18898334109772
2023-03-13,233.9057788486374
2023-03-14,238.0794692959144
2023-03-15,234.6129993882435
2023-03-16,236.73515347352586
2023-03-17,233.0521199012127
2023-03-20,236.1006897281092
2023-03-21,240.9128315286509
2023-03-22,235.80177539426978
2023-03-23,235.0206016231806
2023-03-24,234.61716619498893
2023-03-27,237.09396349316194
2023-03-28,236.5744299762597
2023-03-29,240.27447138758887
2023-03-30,240.36587053370798
2023-03-31,242.99607008955678
2023-04-03,245.6479204407187
2023-04-04,245.44048240766608
2023-04-05,246.4964136826989
2023-04-06,245.8259468632587
2023-04-10,246.33782665187232
2023-04-11,246.77665024183136
2023-04-12,246.37439286788816
2023-04-13,249.05564272388096
2023-04-14,248.61461058920474
2023-04-17,249.0236170547882
2023-04-18,249.70860827531357
2023-04-19,248.8544907228054
2023-04-20,248.0177352760131
2023-04-21,248.5568039254637
2023-04-24,248.7051960892709
2023-04-25,245.67424869316122
2023-04-26,244.01302765153142
2023-04-27,247.36563645427051
2023-04-28,250.15857788110586
2023-05-01,248.92780567462245
2023-05-02,245.81104245540524
2023-05-03,245.2197280018434
2023-05-04,243.56589330608043
2023-05-05,246.93427690001016
2023-05-08,247.76535088595864
2023-05-09,246.26678943895098
2023-05-10,244.43847298499117
2023-05-11,242.10629269893772
2023-05-12,241.13586420170776
2023-05-15,242.09561099579068
2023-05-16,237.52440119853148
2023-05-17,238.82820815242516
2023-05-18,241.1044454183222
2023-05-19,240.1518966496352
2023-05-22,238.7307804469763
2023-05-23,236.52167271962256
2023-05-24,235.43160963676064
2023-05-25,232.67670406957123
2023-05-26,235.65869053249264
2023-05-30,235.09323662319431
2023-05-31,235.69735173771727
2023-06-01,237.00584206211153
2023-06-02,240.12992750175343
2023-06-05,239.3779963462804
2023-06-06,240.45121030290656
2023-06-07,236.72460912088263
2023-06-08,239.3101552565529
2023-06-09,239.34466151667752
2023-06-12,243.06877773957606
2023-06-13,244.63803051094968
2023-06-14,246.36536931875753
2023-06-15,248.779842093904
2023-06-16,247.29091709939425
2023-06-20,245.17214613906478
2023-06-21,242.25739012252524
2023-06-22,245.46936208921943
2023-06-23,244.70493353261264
2023-06-26,242.23612146437085
2023-06-27,244.27814301912275
2023-06-28,244.68207323818947
2023-06-29,244.26041735901805
2023-06-30,247.94001559314628
2023-07-03,247.4098851112247
2023-07-05,244.82014719880388
2023-07-06,240.42237887830663
2023-07-07,239.46096818355593
2023-07-10,241.8328658452416
2023-07-11,243.45640925644474
2023-07-12,245.27013288129027
2023-07-13,246.05044078917808
2023-07-14,243.68653945967705
2023-07-17,244.0355500503016
2023-07-18,243.34582648231907
2023-07-19,244.326707589577
2023-07-20,245.61168530273233
2023-07-21,246.08076917298106
2023-07-24,246.86515697434385
2023-07-25,247.94994584216508
2023-07-26,247.30339181432748
2023-07-27,245.46382629866994
2023-07-28,248.45560527263996
2023-07-31,249.37597682061661
2023-08-01,247.1593135257594
2023-08-02,244.15526050085356
2023-08-03,245.47512829610343
2023-08-04,246.28480960411278
2023-08-07,248.71702252405927
2023-08-08,247.21220946893158
2023-08-09,245.15463982355155
2023-08-10,245.94986986354857
2023-08-11,246.39463829159888
2023-08-14,246.89534771975363
2023-08-15,242.91595642633806
2023-08-16,239.1923560521876
2023-08-17,236.99337793004244
2023-08-18,237.06131528513288
2023-08-21,237.19020138508182
2023-08-22,236.27659615325516
2023-08-23,238.41988419427338
2023-08-24,234.80686559072922
2023-08-25,236.43534956282903
2023-08-28,238.43707673141245
2023-08-29,241.6654352638785
2023-08-30,242.17091663576207
2023-08-31,242.709611024524
2023-09-01,245.5816008651809
2023-09-05,243.32471464096926
2023-09-06,242.51411679726186
2023-09-07,243.8388418302352
2023-09-08,244.55684530357678
2023-09-11,246.45056949802117
2023-09-12,247.3812446030154
2023-09-13,247.45435134192743
2023-09-14,249.93180655801117
2023-09-15,246.74231344898993
2023-09-18,246.20377329306518
2023-09-19,242.92362973096613
2023-09-20,240.71781907215126
2023-09-21,236.77949005500176
2023-09-22,235.85999090168627
2023-09-25,237.01589097118816
2023-09-26,234.28979035232425
2023-09-27,234.50862251146222
2023-09-28,236.42535373621
2023-09-29,235.70598637249435
2023-10-02,233.9448607670067
2023-10-03,231.41321149062887
2023-10-04,231.9097029675147
2023-10-05,231.71899547491208
2023-10-06,233.61725327827588
2023-10-09,235.82142321292903
2023-10-10,236.20083300035478
2023-10-11,235.8500111682917
2023-10-12,235.75990315839735
2023-10-13,236.18019693241246
2023-10-16,238.62720693279172
2023-10-17,238.87987226759952
2023-10-18,237.3965486378548
2023-10-19,236.87633058448358
2023-10-20,233.39972853887423
2023-10-23,231.27677231410865
2023-10-24,232.51187479903896
2023-10-25,227.98374332374084
2023-10-26,224.25740228584976
2023-10-27,226.07320372041406
2023-10-30,229.65840738139528
2023-10-31,230.8291154102038
2023-11-01,233.25500900495763
2023-11-02,235.88605524177945
2023-11-03,237.107458855283
2023-11-06,238.68585281333426
2023-11-07,241.51234361139504
2023-11-08,241.4112905464424
2023-11-09,239.8387666132691
2023-11-10,244.40444305828225
2023-11-13,242.9870038731293
2023-11-14,246.26188056732806
2023-11-15,247.23173819918003
2023-11-16,251.2540896787635
2023-11-17,250.72271942655345
2023-11-20,252.95099330202603
2023-11-21,252.069961610012
2023-11-22,254.31889641988198
2023-11-24,253.72457191196224
2023-11-27,253.76682379562288
2023-11-28,254.1554248690448
2023-11-29,252.8358213096143
2023-11-30,252.93593242497093
2023-12-01,251.5323591564462
2023-12-04,250.8228150963281
2023-12-05,248.53929337932038
2023-12-06,248.17628884891042
2023-12-07,249.4806143219408
2023-12-08,250.83448922963518
2023-12-11,253.96391204020824
2023-12-12,254.51981596661446
2023-12-13,259.22564334212046
2023-12-14,265.06251035498536
2023-12-15,265.198244653111
2023-12-18,264.868248972433
2023-12-19,267.2997755243617
2023-12-20,262.8413545208706
2023-12-21,266.0805987592828
2023-12-22,262.8894074472424
2023-12-26,265.81247371439053
2023-12-27,265.79782267740586
2023-12-28,266.56730826153245
2023-12-29,265.880813174938
2024-01-02,263.9920501926536
2024-01-03,262.31319565217353
2024-01-04,262.7313333411541
2024-01-05,264.3932687732691
2024-01-08,266.21040503595026
2024-01-09,263.24664305520963
2024-01-10,262.35512150579234
2024-01-11,261.3300869472578
2024-01-12,258.8055874646961
2024-01-16,256.42391550563656
2024-01-17,253.72775037206506
2024-01-18,254.59312702959758
2024-01-19,258.9131601425086
2024-01-22,259.6101143593478
2024-01-23,261.2938842914791
2024-01-24,263.0728630068784
2024-01-25,265.47403863669007
2024-01-26,265.1214396490392
2024-01-29,266.7178985962781
2024-01-30,267.46785873921476
2024-01-31,264.14047570448673
2024-02-01,266.34639657886913
2024-02-02,266.0975642562894
2024-02-05,263.7915050458466
2024-02-06,266.4230197343277
2024-02-07,266.56530567260944
2024-02-08,268.8925095214183
2024-02-09,267.9268361950497
2024-02-12,270.3841964679655
2024-02-13,267.1265393838172
2024-02-14,269.47986266962255
2024-02-15,274.9093360983996
2024-02-16,274.98855241329403
2024-02-20,274.44992884304236
2024-02-21,274.1826143075234
2024-02-22,275.1807730724872
2024-02-23,276.55195508929484
2024-02-26,275.56438324135416
2024-02-27,277.4032053613616
2024-02-28,276.4369210262358
2024-02-29,278.8313306436881
2024-03-01,279.2180980054037
2024-03-04,281.5944164623954
2024-03-05,281.36219262120045
2024-03-06,282.5317420268565
2024-03-07,285.4301506002916
2024-03-08,284.1776480889991
2024-03-11,286.8531928646043
2024-03-12,287.30059864030585
2024-03-13,287.9265095255054
2024-03-14,287.2899103145506
2024-03-15,286.507355882285
2024-03-18,288.07031111461623
2024-03-19,288.24947846680993
2024-03-20,290.5020428919357
2024-03-21,292.31299447436623
2024-03-22,290.32077292064184
2024-03-25,291.0155740934644
2024-03-26,290.6123391352401
2024-03-27,295.5307288314297
2024-03-28,297.96026807553153
2024-04-01,297.5314756484628
2024-04-02,298.43266652540575
2024-04-03,295.4891745487401
2024-04-04,292.37992433995083
2024-04-05,293.900486126764
2024-04-08,293.8665829180548
2024-04-09,295.10438657069903
2024-04-10,292.12945103079153
2024-04-11,291.7454184381589
2024-04-12,286.2919292940854
2024-04-15,286.9748381237077
2024-04-16,284.55870427980994
2024-04-17,284.9411127101797
2024-04-18,286.10776456083016
2024-04-19,290.2838216734448
2024-04-22,291.9700522684544
2024-04-23,293.4859154904894
2024-04-24,293.92054114544896
2024-04-25,294.4421353158997
2024-04-26,290.65965729455655
2024-04-29,292.0156075420409
2024-04-30,285.84679750484634
2024-05-01,284.06771678397405
2024-05-02,284.0567013004104
2024-05-03,284.5427678798151
2024-05-06,286.9434999668877
2024-05-07,284.3510213833057
2024-05-08,284.34117735407506
2024-05-09,287.38016651312745
2024-05-10,288.7983317831667
2024-05-13,288.0903258700145
2024-05-14,288.82801153260056
2024-05-15,289.2044283972548
2024-05-16,288.90393912992903
2024-05-17,288.9546371030758
2024-05-20,286.99175319892606
2024-05-21,288.4176153302844
2024-05-22,287.58752853247677
2024-05-23,283.8473236375104
2024-05-24,286.5747553052365
2024-05-28,284.9614381404385
2024-05-29,281.409213918823
2024-05-30,283.6995576408924
2024-05-31,289.40055250463223
2024-06-03,285.9360322472949
2024-06-04,284.27821684067897
2024-06-05,282.13974987236423
2024-06-06,281.2398345051254
2024-06-07,281.58487222114917
2024-06-10,282.51518575350116
2024-06-11,278.46770338950876
2024-06-12,278.33936924166045
2024-06-13,276.895163395332
2024-06-14,275.12285665743957
2024-06-17,278.4216018627708
2024-06-18,280.1796441595888
2024-06-20,281.64328076200786
2024-06-21,281.12774737793603
2024-06-24,284.93749274962863
2024-06-25,282.3923862783436
2024-06-26,281.3206841187066
2024-06-27,281.1553269551225
2024-06-28,283.17053553764885
2024-07-01,282.70210332162964
2024-07-02,284.49573470355824
2024-07-03,283.6228600545568
2024-07-05,281.52768224412995
2024-07-08,280.79974123607695
2024-07-09,281.78870179474984
2024-07-10,283.77075333093757
2024-07-11,285.31994170051274
2024-07-12,283.8653080955217
2024-07-15,286.69667991038835
2024-07-16,295.2504899526227
2024-07-17,297.54975156898706
2024-07-18,295.22579331939227
2024-07-19,291.75309089842835
2024-07-22,289.95686652689284
2024-07-23,287.5126592786654
2024-07-24,287.2232133511904
2024-07-25,287.55121519172087
2024-07-26,290.50253049739604
2024-07-29,290.1367366427008
2024-07-30,294.35317247200504
2024-07-31,293.58707673469434
2024-08-01,288.2636642130076
2024-08-02,284.16463387927666
2024-08-05,277.25956158448855
2024-08-06,277.4115759091692
2024-08-07,276.06839894652995
2024-08-08,278.965258088357
2024-08-09,280.013169413551
2024-08-12,279.16796082837476
2024-08-13,280.1019991910809
2024-08-14,282.19919167454805
2024-08-15,284.3343861522827
2024-08-16,284.3214030016747
2024-08-19,287.2746088211487
2024-08-20,285.7512759202797
2024-08-21,285.6600865080245
2024-08-22,286.71345844766233
2024-08-23,289.47688752733376
2024-08-26,291.21822976344635
2024-08-27,290.3841815882992
2024-08-28,289.83686556238064
2024-08-29,291.98651483844174
2024-08-30,293.7327373253369
2024-09-03,291.08956845057753
2024-09-04,290.888380050365
2024-09-05,288.2081791016617
2024-09-06,286.5148873053992
2024-09-09,290.48977566757236
2024-09-10,290.2723174399344
2024-09-11,290.1512084913464
2024-09-12,289.1948352416792
2024-09-13,290.8343700397983
2024-09-16,292.7379521353617
2024-09-17,292.57839673855295
2024-09-18,291.06786157179454
2024-09-19,292.2165636098568
2024-09-20,291.64060293819637
2024-09-23,291.5049566066273
2024-09-24,290.31947612147405
2024-09-25,288.3674970398056
2024-09-26,290.86860350719456
2024-09-27,291.99125107311625
2024-09-30,293.6164628535226
2024-10-01,292.8802892438998
2024-10-02,292.52083674524
2024-10-03,291.72369194880065
2024-10-04,294.93057237089704
2024-10-07,295.36652498337673
2024-10-08,295.2964404198223
2024-10-09,298.52477750367603
2024-10-10,297.01028245512816
2024-10-11,300.48182859072034
2024-10-14,302.0172166716122
2024-10-15,299.51602144070864
2024-10-16,301.8873197893166
2024-10-17,300.4108588114583
2024-10-18,301.4206141140889
2024-10-21,299.7718433705678
2024-10-22,300.1451858073974
2024-10-23,300.29218970504246
2024-10-24,297.3952420262317
2024-10-25,295.80029451544965
2024-10-28,296.84699850529273
2024-10-29,294.7112540063231
2024-10-30,294.4127179813903
2024-10-31,291.21224502442834
2024-11-01,291.93285133182343
2024-11-04,291.41732093048057
2024-11-05,293.68260004634294
2024-11-06,300.8114227738821
2024-11-07,300.68408075896986
2024-11-08,301.72779900602086
2024-11-11,305.0660401311425
2024-11-12,304.06660586310943
2024-11-13,305.37296785314555
2024-11-14,302.91317350524974
2024-11-15,301.3222717672617
2024-11-18,302.34913106045497
2024-11-19,299.536735959694
2024-11-20,301.0029324347382
2024-11-21,303.78891319711164
2024-11-22,307.1680186232761
2024-11-25,310.03583188662265
2024-11-26,308.6651911436352
2024-11-27,308.6330822730601
2024-11-29,309.25989958723363
2024-12-02,306.996677382539
2024-12-03,304.5431523335785
2024-12-04,303.75879802148967
2024-12-05,300.4063057676662
2024-12-06,298.0510851181718
2024-12-09,297.74650264933797
2024-12-10,298.92471478888785
2024-12-11,295.8373978072155
2024-12-12,293.73988565677115
2024-12-13,293.27085129959056
2024-12-16,289.92208798917414
2024-12-17,288.7856411511687
2024-12-18,284.83825262222257
2024-12-19,282.6645488464455
2024-12-20,284.34308598342625
2024-12-23,283.81941113723644
2024-12-24,286.68289442103645
2024-12-26,288.31277807026527
2024-12-27,287.05376353943683
2024-12-30,284.2367969853827
2024-12-31,285.4890613313953
2025-01-02,284.3794096464566
2025-01-03,285.70083815763047
2025-01-06,285.9484417323235
2025-01-07,285.20393846577537
2025-01-08,288.3770054891087
2025-01-10,284.2056143417639
2025-01-13,284.72798097259556
2025-01-14,283.50139365738875
2025-01-15,286.3342305530025
2025-01-16,287.3353455272285
2025-01-17,289.20253980043447
2025-01-21,292.4828508236933
2025-01-22,291.7409279746625
2025-01-23,295.7608107388234
2025-01-24,296.79623243563947
2025-01-27,303.1346315187571
2025-01-28,301.31854587314797
2025-01-29,304.45121352308786
2025-01-30,307.05146585421323
2025-01-31,305.70371403320974
2025-02-03,306.2727175808822
2025-02-04,308.308864614961
2025-02-05,308.82181058182096
2025-02-06,306.87606103101444
2025-02-07,304.91319502066153
2025-02-10,305.5756675690011
2025-02-11,305.76450550565295
2025-02-12,305.44161868958247
2025-02-13,307.4451108035108
2025-02-14,307.01769002484116
2025-02-18,306.47500767720317
2025-02-19,308.5528276414974
2025-02-20,305.1868222693142
2025-02-21,300.4581351136346
2025-02-24,301.1481675780134
2025-02-25,304.55104484688064
2025-02-26,301.79488488800723
2025-02-27,300.06650008106874
2025-02-28,304.7387324452262
2025-03-03,303.1858877200989
2025-03-04,296.4912437444583
2025-03-05,297.6805352200056
2025-03-06,294.7313410996326
2025-03-07,296.12056585077636
2025-03-10,287.2808642101512
2025-03-11,283.3247206121734
2025-03-12,282.1930245217045
2025-03-13,279.82669095165386
2025-03-14,285.2300875831571
2025-03-17,289.0028580645781
2025-03-18,287.61568567509767
2025-03-19,290.9651061256526
2025-03-20,290.93852890171513
2025-03-21,289.89336266653913
2025-03-24,292.8520420323867
2025-03-25,291.6350342724383
2025-03-26,291.7520101339528
2025-03-27,291.6087164454218
2025-03-28,288.611578587876
2025-03-31,292.1216140989157
2025-04-01,289.8236968680183
2025-04-02,292.1720911334975
2025-04-03,279.59344024369943
2025-04-04,262.371805030874
2025-04-07,261.1225435203514
2025-04-08,258.2374462093293
2025-04-09,274.42440795207676
2025-04-10,268.17460772777144
2025-04-11,272.71468619597306
2025-04-14,276.2202354355789
2025-04-15,275.4807164754032
2025-04-16,272.18607650098807
2025-04-17,276.3909525468755
2025-04-21,273.21527223899585
2025-04-22,280.08716359315184
2025-04-23,280.9860643717838
2025-04-24,283.9849806384718
2025-04-25,284.1900533715586
2025-04-28,283.4824381965933
2025-04-29,285.40887543309185
2025-04-30,284.1233461930288
2025-05-01,284.4641117325652
2025-05-02,287.86037564049394
2025-05-05,289.2417540268982
2025-05-06,288.8393383660642
2025-05-07,290.1078934913612
2025-05-08,288.71212593822173
2025-05-09,287.0552389475591
2025-05-12,287.36576986034527
2025-05-13,284.87453607947083
2025-05-14,284.71679084914547
2025-05-15,289.73270851149704
2025-05-16,293.1268543270554
2025-05-19,294.35468106685727
2025-05-20,293.8494834420578
2025-05-21,289.8327126690436
2025-05-22,288.8402659936024
2025-05-23,288.5299127272823
2025-05-27,291.29894697312557
2025-05-28,290.0572618514604
2025-05-29,291.3891618484867
2025-05-30,293.90115256506033
2025-06-02,294.8358551072559
2025-06-03,296.2577440419268
2025-06-04,295.4654297225464
2025-06-05,294.9139715383785
2025-06-06,298.2790459850272
2025-06-09,298.3776831235032
2025-06-10,298.2791137644482
2025-06-11,297.85885422089905
2025-06-12,297.93221440077315
2025-06-13,294.5314686478954
2025-06-16,295.6692027949052
2025-06-17,292.95943126825875
2025-06-18,294.59530387847104
2025-06-20,294.7428570960615
2025-06-23,298.1356490498313
2025-06-24,301.24821473564543
2025-06-25,301.08664788644774
2025-06-26,304.1070883574837
2025-06-27,305.78307832730553
2025-06-30,307.9338130715407
2025-07-01,311.47571378044233
2025-07-02,313.92721328612384
2025-07-03,317.16325671417394
2025-07-07,313.96586452609665
2025-07-08,313.66687911263324
2025-07-09,312.68902044737797
2025-07-10,316.7776909786369
2025-07-11,313.14177810966333
2025-07-14,312.9925012651694
2025-07-15,306.7788029786022
2025-07-16,307.1516601128676
2025-07-17,310.6072990929589
2025-07-18,310.55719522575873
2025-07-21,311.13979753669935
2025-07-22,313.4618784547126
2025-07-23,315.937584168131
2025-07-24,313.88431358666236
2025-07-25,312.0028879473602
2025-07-28,311.21904561058244
2025-07-29,308.9255747327694
2025-07-30,303.21710388455864
2025-07-31,302.0618123388169
2025-08-01,296.1381232200689
2025-08-04,298.1244906044068
2025-08-05,296.3336065043315
2025-08-06,294.8710930742541
2025-08-07,293.20120036442506
2025-08-08,296.1390172450734
2025-08-11,295.2235870893165
2025-08-12,300.1327522535875
2025-08-13,302.1759840389536
2025-08-14,302.54567097237435
2025-08-15,300.4853651591846
2025-08-18,301.5500901916464
2025-08-19,300.69591682631653
2025-08-20,301.39444066446345
2025-08-21,301.39886446099615
2025-08-22,308.5959561536233
2025-08-25,309.03600361898634
2025-08-26,310.9138218117312
2025-08-27,311.94810973645974
2025-08-28,312.99181326515605
2025-08-29,313.88867652928076
2025-09-02,312.45059216027164
2025-09-03,310.73867773226715
2025-09-04,313.3745769738613
2025-09-05,309.20365149318076
2025-09-08,309.52900967542627
2025-09-09,308.09691330131324
2025-09-10,310.06597615492296
2025-09-11,312.31265882442864
2025-09-12,308.5237613068237
2025-09-15,311.2854239084746
2025-09-16,311.8122444060967
2025-09-17,312.9419533431363
2025-09-18,322.3217345480241
2025-09-19,320.99343142255674
2025-09-22,319.99092505348483
2025-09-23,320.8977637121984
2025-09-24,316.81247460242156
2025-09-25,316.148022577903
2025-09-26,320.0701578904942
2025-09-29,319.86993685027335
2025-09-30,322.0577144071068
2025-10-01,328.07732953972203
2025-10-02,328.82605673253414
2025-10-03,328.3269512558459
2025-10-06,327.7768832354485
2025-10-07,326.19539343299994
2025-10-08,324.19702551952895
2025-10-09,322.5484018868627
2025-10-10,314.2280854398819
2025-10-13,319.0391603443016
2025-10-14,321.5076931494215
2025-10-15,324.07575811630176
2025-10-16,319.2777726941687
2025-10-17,323.8178439358612
2025-10-20,328.01384784598514
2025-10-21,329.7522375206127
2025-10-22,328.39238537568843
2025-10-23,331.1079840963378
2025-10-24,331.8504429638353
2025-10-27,334.75479863580915
2025-10-28,335.81514600681487
2025-10-29,333.1547989368847
2025-10-30,330.51201559406695
2025-10-31,330.98047477057315
2025-11-03,328.92026925476534
2025-11-04,324.91097262818874
2025-11-05,327.60396692747514
2025-11-06,325.7483807724511
2025-11-07,330.349629300892
2025-11-10,332.95884953706354
2025-11-11,338.5938881331131
2025-11-12,340.2496541197637
2025-11-13,333.20636124002823
2025-11-14,331.2456093941611
2025-11-17,327.43697771469874
2025-11-18,331.4423472788476
2025-11-19,331.02941225294103
2025-11-20,325.1128942910586
2025-11-21,330.6717895224111
2025-11-24,333.83196068822105
2025-11-25,337.4423728699192
2025-11-26,339.8072943516869
2025-11-28,346.2382288755052
2025-12-01,344.2247421016177
2025-12-02,347.05784728045217
2025-12-03,353.34005394001724
2025-12-04,348.1421070213124
2025-12-05,349.5023854590038
2025-12-08,348.00567724652694
2025-12-09,347.7610142790841
2025-12-10,354.4911154464712
2025-12-11,356.08120011190783
2025-12-12,354.8263579293362
2025-12-15,355.7243068311892
2025-12-16,351.11971557632006
2025-12-17,351.0646177057044
2025-12-18,350.4579850447816
2025-12-19,352.6225151449642
2025-12-22,354.39101667271035
2025-12-23,354.6733992276691
2025-12-24,355.8324446533065
2025-12-26,356.65066111283306
2025-12-29,355.7444994396145
2025-12-30,356.27464758911117
2025-12-31,354.0419833259713
2026-01-02,360.61823608164076
2026-01-05,363.4191464696498
2026-01-06,365.64954885293525
2026-01-07,365.316182679444
2026-01-08,369.63824719913197
2026-01-09,377.35404137041826
2026-01-12,373.7278660024281
2026-01-13,378.21289276361904
2026-01-14,380.8848476086339
2026-01-15,380.9436116817215
2026-01-16,377.49142201113693
2026-01-20,377.67544460879674
2026-01-21,385.56262839611554
2026-01-22,387.58923975340366
2026-01-23,379.0584219289615
2026-01-26,374.99420881541073
2026-01-27,379.2575693357394
2026-01-28,379.8545682368097
2026-01-29,385.2752255000749
2026-01-30,386.7282408044201
2026-02-02,389.85407839385744
2026-02-03,392.3409342208332
2026-02-04,400.8617450368495
2026-02-05,395.55055421922276
2026-02-06,408.65227978309696
2026-02-09,407.96712570228306
2026-02-10,403.20595086500583
2026-02-11,404.07239351571565
2026-02-12,392.7139328674612
2026-02-13,394.78334028415486
2026-02-17,394.59936368154194
2026-02-18,397.1751875358027
2026-02-19,393.83516177926913
2026-02-20,393.7019286249948
2026-02-23,387.9448208020033
2026-02-24,391.99578136748283
2026-02-25,395.8095137583597
2026-02-26,394.08826444504746
2026-02-27,391.2383363110917
2026-03-02,389.81105961925
2026-03-03,387.1190374972055
2026-03-04,387.0751424389057
2026-03-05,384.0363336679338
2026-03-06,382.0194036661821
2026-03-09,383.62451052338946
2026-03-10,386.237733178184
2026-03-11,388.03175934532527
2026-03-12,381.6720076142839
2026-03-13,382.4196048574041
2026-03-16,382.764268554154
2026-03-17,381.77187116342543
2026-03-18,377.51885515311716
2026-03-19,380.09298299465405
2026-03-20,373.9854258368256
2026-03-23,376.66900197390663
2026-03-24,377.8411830629092
2026-03-25,382.962638140286
2026-03-26,379.5603403974991
2026-03-27,377.63126908321266
2026-03-30,377.2727526407366
2026-03-31,385.135780825905
2026-04-01,387.50738335387945
2026-04-02,389.8096046503643
2026-04-06,392.4999622819183
2026-04-07,391.49332579307844
2026-04-08,400.44970841640634
2026-04-09,403.29770434125754
2026-04-10,401.2666940771134
2026-04-13,403.92023039671693
2026-04-14,402.4612490508772
2026-04-15,404.3137117676175
2026-04-16,407.3481614616306
2026-04-17,409.2673609502921
2026-04-20,406.9158343395423
2026-04-21,403.4183507035938
2026-04-22,403.7840106825515
2026-04-23,408.4043553632415
2026-04-24,418.85111591040345
2026-04-27,417.95125471764055
2026-04-28,418.6807626112561
2026-04-29,431.91753150940264
2026-04-30,434.325893230754
2026-05-01,436.5484802789365
2026-05-04,427.62236269465257
2026-05-05,435.9795222480712
2026-05-06,439.07121715179755
2026-05-07,433.56895144433565
2026-05-08,441.27666863148863
2026-05-11,443.17606140279486
2026-05-12,443.4548471429969
2026-05-13,446.0908590589888
2026-05-14,444.8223144212757
2026-05-15,441.16574256855444
2026-05-18,441.6484608834159
2026-05-19,446.76748526743614
2026-05-20,447.0763260194342
2026-05-21,447.47169833825086
2026-05-22,450.1543307304097
2026-05-26,447.0855787748897
2026-05-27,450.7263413951811
2026-05-28,450.05611112975913
2026-05-29,443.37358590943563
2026-06-01,438.8913605528215
2026-06-02,436.650905522544
2026-06-03,437.5978715624423
2026-06-04,438.5398885055736
2026-06-05,431.0963337965312
2026-06-08,437.26041682857203
2026-06-09,439.8574288015393
2026-06-10,435.59305433447526
2026-06-11,450.4100479325437
2026-06-12,456.26759218433506
2026-06-15,456.18564204172475
2026-06-16,452.65646216878116
2026-06-17,446.64181221411405
2026-06-18,451.791079743968
2026-06-22,455.84827344432955
2026-06-23,452.66061647235273
2026-06-24,455.04242599510354
2026-06-25,458.12232222575676
2026-06-26,459.70726528316646
2026-06-29,453.40671958862885
2026-06-30,452.18780957601626
2026-07-01,448.9144983777133
2026-07-02,450.9814596840149
2026-07-06,446.8948490355884
2026-07-07,445.1858419832918
2026-07-08,443.91645512180327
2026-07-09,446.9992757586745
2026-07-10,448.0711931801996
2026-07-13,448.64085063125486
2026-07-14,450.1727100303015
2026-07-15,447.3538363761798
2026-07-16,452.3576307987237
2026-07-17,449.30031648190317
2026-07-20,448.3347373393436
2026-07-21,457.52743649378374
2026-07-22,456.02352766112006
2026-07-23,454.827618041888
2026-07-24,451.26778211596326
2026-07-27,452.1373927928078
2026-07-28,448.1774997560734
2026-07-29,445.2853006539457
2026-07-30,452.34318806667756
2026-07-31,449.61908486748524
2026-08-03,453.1022046959333
2026-08-04,461.7588334387781
2026-08-05,461.6832433222875
2026-08-06,458.71847044369713
2026-08-07,463.0450589681206
2026-08-10,463.6531718054478
2026-08-11,459.5585327732397
2026-08-12,461.9671031305398
2026-08-13,464.89416142748905
2026-08-14,463.95425036556156
2026-08-17,461.44734786516017
2026-08-18,458.33590754201396
2026-08-19,455.8455839436489
2026-08-20,452.618140123287
2026-08-21,453.32767072785845
2026-08-24,453.0426623941643
2026-08-25,454.0889290776179
2026-08-26,457.4042241985821
2026-08-27,458.14731365621856
2026-08-28,456.5063887774369
2026-08-31,455.42278520605583
2026-09-01,454.6944396867503
2026-09-02,460.7073188585357
2026-09-03,457.71786230197375
2026-09-04,454.01742894742836
2026-09-08,451.57487343266297
2026-09-09,451.92952935302327
2026-09-10,447.3830094681479
2026-09-11,447.6919098031198
2026-09-14,448.31505848872024
2026-09-15,448.243130322848
2026-09-16,443.25205073743484
2026-09-17,445.50692186951466
2026-09-18,443.7554395125301
