ticker,credicorp_signal,momentum_12_1,sma200,history_rows,latest_signal_at,eligible
BCI,1,0.4094948321564731,62012.75152231404,3040,2026-07-01,True
VAPORES,1,0.21080034050640806,45.46162677756707,3040,2025-11-24,True
LTM,1,0.175012855333609,24.31464933797398,3040,2026-07-09,True
SQM-ADR,0,0.7501909326289176,75.19215900421142,3040,2025-12-18,False
SQM-B,0,0.6889630660967225,68406.07196736643,3040,2026-07-22,False
PARAUCO,1,0.6032112877905691,3819.4064713850985,3040,2026-07-01,False
MALLPLAZA,0,0.5716485060830381,3841.0386224574886,2119,2026-05-06,False
ITAUCL,0,0.5392649877112081,20362.687943349127,3040,2026-07-09,False
ECL,0,0.47388592870982826,1679.8289893928686,3040,2026-04-30,False
CHILE,0,0.3224609295015448,179.01472613528134,3040,2026-07-09,False
BSANTANDER,0,0.3083101830745296,74.73420561621525,3040,2026-07-09,False
SALFACORP,0,0.28444617872898625,1295.4110880382646,3040,2026-05-18,False
ANDINA-B,0,0.2645929447456776,4373.884981451906,3040,2026-06-24,False
QUINENCO,0,0.24340306072263074,4181.60810973266,3040,2026-03-03,False
CENCOMALLS,1,0.23481786609107536,2433.9699625677067,1882,2026-04-22,False
ENELCHILE,0,0.19729318526262518,76.97892478459465,2705,2026-04-29,False
SMSAAM,0,0.1451171716716153,143.02275032348632,3040,2026-03-09,False
FALABELLA,0,0.10970714939658532,6064.830820757631,3040,2026-07-08,False
ANTARCHILE,0,0.015686443058443134,7808.801886697469,3040,2026-05-19,False
CAP,0,0.0044583559373410075,6603.121998046875,3040,2026-06-04,False
COLBUN,0,0.002197316578625319,138.38789906821145,3040,2025-12-05,False
ENELAM,0,-0.013824401850738077,81.8793649488627,3040,2026-06-19,False
CCU,0,-0.027145992189027912,5484.077480963793,3040,2026-06-24,False
CONCHATORO,0,-0.03623765217425012,891.7761334708838,3040,2026-05-06,False
AGUAS-A,0,-0.036460405420072894,342.3171019185267,3040,2026-03-23,False
ENTEL,0,-0.045204297928272186,3846.0292252615327,3040,2026-05-05,False
RIPLEY,0,-0.05266092650289311,397.6724722272177,3040,2026-06-01,False
SMU,0,-0.1858829511227862,136.876130476625,2508,2026-06-18,False
CMPC,-1,-0.21326343142129134,1138.436428912565,3040,2026-03-09,False
CENCOSUD,0,-0.23563626058057963,2343.5844955458456,3040,2026-07-02,False
