ticker,adjusted_close,momentum_12_1,sma200,rsi14,liquidity_percentile,history_rows,eligible,reason
ILC,24867.0,0.9533077948804907,20922.233743434343,54.83282630272101,23.333333333333332,2923,True,elegible
ITAUCL,23000.0,0.6013336164819478,20095.986319130243,47.948670749327604,73.33333333333333,2923,True,elegible
BCI,64800.0,0.590549280254802,61443.98850578512,43.5929565551095,86.66666666666667,2923,True,elegible
ECL,1848.0,0.4466047059587861,1645.0330026488343,41.9147487328603,40.0,2923,True,elegible
CHILE,194.5,0.4038506443945451,177.3722335023155,46.45434781927432,93.33333333333333,2923,True,elegible
BSANTANDER,81.35,0.33935677433923983,73.99561423721543,47.22228196774124,83.33333333333334,2923,True,elegible
ANDINA-B,4780.1,0.2571317361764225,4325.923918085817,53.26841660043857,56.666666666666664,2923,True,elegible
VAPORES,50.9,0.187101143793307,44.975257876221896,59.25956498543786,33.33333333333333,2923,True,elegible
QUINENCO,4797.9,0.1664524603679387,4156.4424374092505,59.692383803906296,30.0,2923,True,elegible
ENELCHILE,81.8,0.145165334543083,76.16430479079636,49.912753684758485,63.33333333333333,2595,True,elegible
LTM,24.33,0.11523137764196933,24.290076349474933,47.49978122386199,100.0,2923,True,elegible
FALABELLA,6224.0,0.10142533103437756,6052.561124445858,44.19810147931519,90.0,2923,True,elegible
SQM-B,62900.0,0.8015545429815345,67957.58375126681,36.86752799613095,96.66666666666667,2923,False,bajo SMA200
MALLPLAZA,3555.0,0.6055368116640558,3799.721830070751,32.050404908337285,66.66666666666666,2031,False,bajo SMA200
PARAUCO,3505.0,0.5691360885099943,3762.1101458327676,28.71372887675615,60.0,2923,False,bajo SMA200
SALFACORP,1281.0,0.35656834339616394,1286.98914306333,49.12465073963362,13.333333333333334,2923,False,bajo SMA200
ENTEL,3960.0,0.24709787704928732,3855.4946943716245,57.310658592139006,16.666666666666664,2923,False,liquidez inferior al percentil 20
CENCOMALLS,2175.0,0.18780313949860505,2442.0951369805225,32.31382392865508,50.0,1804,False,bajo SMA200
CAP,5299.4,0.0643007532990778,6700.145997070313,36.73430517080925,10.0,2923,False,bajo SMA200
IAM,925.0,0.03600048834463321,966.1620384265206,50.39093540197556,3.3333333333333335,2923,False,bajo SMA200
CCU,5090.0,0.023150577452861754,5518.117299687263,30.077920823011056,46.666666666666664,2923,False,bajo SMA200
COLBUN,147.5,-0.02069132966150644,138.36115330298261,59.97480275674211,36.666666666666664,2923,False,momentum no positivo
COPEC,6300.0,-0.028465045931604926,6543.606261399572,42.34622884365645,80.0,2923,False,momentum no positivo
AGUAS-A,321.5,-0.05462247970909495,344.16190852551136,39.66231423999729,43.333333333333336,2923,False,momentum no positivo
ENELAM,82.2,-0.0685696387115946,81.75979188190814,40.57170816430206,70.0,2923,False,momentum no positivo
RIPLEY,448.22,-0.09930802901578584,396.58678585076603,65.28035763862695,26.666666666666668,2923,False,momentum no positivo
CONCHATORO,895.0,-0.1522127885766804,898.215990388204,43.009563625369374,6.666666666666667,2923,False,momentum no positivo
SMU,115.5,-0.20866475992459155,138.6447629168279,33.223233902924875,20.0,2405,False,momentum no positivo
CMPC,975.0,-0.25080635729463796,1163.7597937358876,42.788269936786115,53.333333333333336,2923,False,momentum no positivo
CENCOSUD,1905.0,-0.27237309926668996,2399.1318621686664,35.574861162565725,76.66666666666667,2923,False,momentum no positivo
