date,Sigma-6,Delta-12,IPSA Total Return
2021-07-08,100.0,100.0,100.0
2021-07-09,100.0,100.0,101.4247306693154
2021-07-12,99.94753777414856,100.0,101.31441969743278
2021-07-13,99.75227051379308,100.0,100.2523781326406
2021-07-14,99.78171877654556,100.0,99.28847035452324
2021-07-15,99.93590532145912,100.0,99.1612068306846
2021-07-19,101.06765075308246,100.0,101.05463974633253
2021-07-20,101.63921880605838,100.0,102.47960918398532
2021-07-21,101.5297422272779,100.0,102.05579538508556
2021-07-22,101.42415524353711,100.0,102.38505692237166
2021-07-23,100.66355814294386,100.0,99.98400252139363
2021-07-26,100.361517500087,100.0,99.01030524144254
2021-07-27,100.49044804136334,100.0,99.01818459657702
2021-07-28,100.58987005901628,100.0,99.61844819682152
2021-07-29,101.66092288093648,100.0,101.56990181845968
2021-07-30,101.4113360402112,100.0,101.5252521393643
2021-08-02,100.57217762887583,99.8215,100.56206066625916
2021-08-03,99.8554184355456,99.21391458562195,100.45055585268948
2021-08-04,99.88854303518706,99.63006770393591,100.55680776283616
2021-08-05,100.3008256883542,99.92536664558857,101.25066855134476
2021-08-06,100.96130133863896,101.07836785257065,102.2520629584352
2021-08-09,100.16343570589412,100.30034190114321,101.32635811430318
2021-08-10,101.52209927537425,101.93958184857709,103.75487087408312
2021-08-11,102.35296576445316,102.72427770907689,104.28804057151592
2021-08-12,102.65680123621812,103.43741420500261,104.45517840770172
2021-08-13,102.89471332500312,104.10193569034394,105.10438951711492
2021-08-16,102.45188941587512,102.74518419058208,103.37260276589242
2021-08-17,102.37056600671411,101.7852730823766,103.16177032396088
2021-08-18,102.68377518489164,101.86618894144983,103.66318383251834
2021-08-19,102.78726523934878,100.15214499200408,102.92133060819071
2021-08-20,102.7815461041816,100.8748651351453,103.80429591992666
2021-08-23,103.12437477604448,101.85824604468823,104.88496141503668
2021-08-24,102.94270328913898,101.82373834437418,104.3281536522005
2021-08-25,103.87683129413728,102.58321673612905,105.96371676344744
2021-08-26,103.5769142568935,102.48029134492397,106.10411254584352
2021-08-27,103.59733548572147,102.1982569625138,106.47205455378976
2021-08-30,103.79624928440217,102.76759889363942,107.60166755806846
2021-08-31,103.8498979026915,101.81689578194661,107.24447012530564
2021-09-01,103.59829420520964,100.41039005405204,106.27459313875303
2021-09-02,103.09435504266598,100.41954421546505,105.95201711491444
2021-09-03,102.984695684422,100.71530783416057,106.57544124388754
2021-09-06,103.29185652824702,99.94822438262858,106.39994651589242
2021-09-07,102.84592110322332,98.98306497132576,105.8455264364303
2021-09-08,102.0552481513016,96.93973872693154,104.53612087408315
2021-09-09,102.19493466376936,98.80519071756758,105.23093673594131
2021-09-10,102.53911701826436,99.66235659246969,106.5861858190709
2021-09-13,102.6992753889739,98.7450395044325,105.0893471118582
2021-09-14,102.16557554159738,98.61688034384584,105.28298823349633
2021-09-15,102.37638298422952,98.68163483202096,105.86606051344744
2021-09-16,102.4537926973374,97.9307417292913,106.62128476466994
2021-09-20,99.12088342470604,93.50920113452516,102.4640892420538
2021-09-21,99.13542583588747,94.18876023794594,102.84778996026895
2021-09-22,100.72189943331216,96.77924967270202,104.67675542481662
2021-09-23,101.0898384534047,96.7530810376708,105.337188646088
2021-09-24,100.17946424587684,96.16664323727838,104.51343788202934
2021-09-27,100.7563862929181,96.9133043786588,103.90505615831296
2021-09-28,100.16930163127024,96.63981314084833,103.22767038508556
2021-09-29,100.28626775352336,97.29284428645374,103.51084963325184
2021-09-30,101.2392251602712,97.93457814594699,104.1648361094132
2021-10-01,100.0521952572316,95.96508119650979,103.30837408312958
2021-10-04,98.318170311931,94.30882287477985,101.30033236552566
2021-10-05,97.311788265563,95.34335081858922,100.90540953545232
2021-10-06,95.56173336383188,93.29369245146431,98.66624006723718
2021-10-07,95.37827301724468,94.40307270174358,98.6036827628362
2021-10-08,96.31596254770736,96.13735660030014,98.98427949266504
2021-10-12,93.81358306671616,94.93327568226535,97.9695140586797
2021-10-13,91.11936040233654,93.25069495167325,95.66229561430318
2021-10-14,89.87687813465203,92.7764861469441,95.42328850855746
2021-10-15,90.80535071698483,92.0029642174271,95.08184978606356
2021-10-18,91.42686570559631,92.25572002275119,95.71601849022004
2021-10-19,91.00102622465012,91.32386072519469,95.38580187958436
2021-10-20,91.82925165671324,91.12879169897248,96.40247746026894
2021-10-21,93.67197534223594,93.45906544246083,96.78235788508556
2021-10-22,94.38257743610885,92.9437125086985,97.52134588936433
2021-10-25,96.65469781406038,94.19772343375192,99.70846386002444
2021-10-26,97.21750791845292,95.15632218138052,101.378887148533
2021-10-27,94.51119884990598,93.34500991659013,98.26892955378972
2021-10-28,94.49581773346766,93.36204485338061,97.8052414425428
2021-10-29,94.24110969374146,93.7114668243562,97.70877903422983
2021-11-02,94.71814103395482,95.97220518408896,100.45461491442542
2021-11-03,96.24809290765324,97.10360240608907,102.90748204462103
2021-11-04,97.69972640299405,99.94332521699639,106.82017878973107
2021-11-05,96.653338296864,100.28003004335564,104.77608305317848
2021-11-08,94.98123157568855,99.6662092251638,104.18250496638142
2021-11-09,97.386499036396,99.96787158697437,106.74186277506116
2021-11-10,97.44997481292867,99.99291311221661,107.18406173594131
2021-11-11,98.52718297636753,100.88580475457422,107.90848487163817
2021-11-12,97.689738480988,99.43426452533909,107.110759856357
2021-11-15,96.36650962184687,98.15999295552173,104.63926879584352
2021-11-16,94.89909582501528,97.9213490266698,102.78499388753058
2021-11-17,94.70853944363652,98.45829897711648,102.50754507946212
2021-11-18,94.36924896086532,98.47866780553235,102.23248395476772
2021-11-19,95.22752498549023,98.41843414025686,104.06670232273838
2021-11-22,99.78143125816658,101.30576453482021,114.15299319987776
2021-11-23,99.42963398952558,100.69277596661426,112.16524679095356
2021-11-24,99.16829059486712,100.37278088650955,110.53159382640588
2021-11-25,98.71476190819456,100.05466818909045,109.87903996026895
2021-11-26,98.1262007154326,100.21329951085586,109.33918474938876
2021-11-29,96.267920108277,99.83907678488255,107.5799396393643
2021-11-30,96.86106888476436,98.95259173912089,105.8390796913203
2021-12-01,95.3988177341854,99.43663358757252,103.44518834046454
2021-12-02,95.7100738065081,99.71965900402633,104.3632525977995
2021-12-03,96.3102769543201,99.84186085451026,104.32743734718824
2021-12-06,95.86794195807734,99.42767554539613,104.31358878361858
2021-12-07,96.6219543965394,100.32039976181048,104.94226581601468
2021-12-09,97.31475488021655,100.71632245731318,105.50671416564792
2021-12-10,97.50472949455624,100.29954587099587,105.19464394865528
2021-12-13,95.59514512594215,99.1456209884088,102.7002311277506
2021-12-14,93.24698644929548,96.68361264124685,99.79465922982888
2021-12-15,95.07579001503214,98.00140166421627,101.9875076405868
2021-12-16,97.01670393352548,99.68448172451605,104.87517191320296
2021-12-17,97.29705617681236,98.72146681448594,104.0499885391198
2021-12-20,94.56085774453412,94.44875620489405,97.61470430929096
2021-12-21,94.63265499095591,96.26805694521195,98.90954500305624
2021-12-22,94.15472407259988,96.71689948495127,98.41815976466992
2021-12-23,95.11137046270416,98.93648771081378,101.27669430012224
2021-12-24,95.51647195545216,100.68418485929134,102.64865716687042
2021-12-27,94.91239821499876,100.9570972777847,102.23797562652813
2021-12-28,94.95782743809409,101.14024970674868,101.93903766809292
2021-12-29,94.76134037235472,100.28625916791101,101.50615067237165
2021-12-30,95.22224638958257,101.33300121897003,102.87047295232274
2022-01-03,95.75887931988292,102.66683318787204,102.70190250611246
2022-01-04,96.75269293473704,102.41615114810281,102.54240525672374
2022-01-05,97.6694929832164,102.22913668515598,103.0906173594132
2022-01-06,98.8294094179861,102.54402431880393,103.82697891198043
2022-01-07,98.25687145382444,102.34034521420959,102.58323464242054
2022-01-10,98.86528484639196,102.35171124286666,102.62836185819071
2022-01-11,99.0158154409419,104.24325482094669,104.93653537591688
2022-01-12,99.28011324439628,106.25422967312616,107.63246867359412
2022-01-13,99.62992247372316,106.3617665694827,107.74254087713938
2022-01-14,99.10491776216452,106.01741764280911,107.12508595660148
2022-01-17,99.0605734151804,106.06618480408659,106.80752406784842
2022-01-18,99.17063825726164,106.15839582637079,107.4648533007335
2022-01-19,99.05501877423076,105.94240186203682,106.74639937347187
2022-01-20,98.90828585484724,105.38889673831781,107.1286674816626
2022-01-21,99.60645198874352,106.46291638977503,110.90454996943764
2022-01-24,99.28827703167995,104.47815656869952,107.52144139669927
2022-01-25,99.27680006493162,104.61663585744898,108.1453430623472
2022-01-26,99.58454369596872,105.71613343348885,108.69522654339852
2022-01-27,99.45057615299328,104.80354561768495,108.9437843826406
2022-01-28,99.60918376406396,104.65049176473089,108.46911292787284
2022-01-31,99.30325092626632,105.48372669505736,108.60258442848412
2022-02-01,99.3866129752962,106.39413132282586,109.8028728606357
2022-02-02,99.2060090540129,105.83880472077765,108.76805088630807
2022-02-03,98.79808115882716,103.92875760110647,106.3705780103912
2022-02-04,98.58554382874838,104.03600809018864,105.66740525672374
2022-02-07,99.06806062127454,104.63933193993903,106.82734183985332
2022-02-08,99.98293702781072,105.70675557121444,109.41845583740832
2022-02-09,99.66385080104244,106.34360840832714,109.9547295232274
2022-02-10,100.2085342969884,107.66145410540538,110.82504011308068
2022-02-11,99.80980918012251,107.1791861690205,111.08004469743278
2022-02-14,99.56034250284068,106.80898374117679,109.9437461797066
2022-02-15,99.17795110963652,107.04187087005806,110.87661407396088
2022-02-16,99.44108080653488,107.45812632556564,111.09986246943764
2022-02-17,98.11396386362937,105.61611062402578,108.61762683374084
2022-02-18,98.24941462024012,105.1426477991844,108.61738806540342
2022-02-21,98.74454155546438,105.26656925065653,108.06177414425429
2022-02-22,98.88545612682957,105.1928527013712,106.79773456601468
2022-02-23,97.93088064419308,104.3232882309106,104.47762263141809
2022-02-24,97.67874064123136,105.07460331759843,105.04851772616138
2022-02-25,97.8723983371218,106.95873072201405,106.62223983801957
2022-02-28,98.34210459127438,108.84827658449032,108.26878629278728
2022-03-01,97.04376806116608,105.48377062995164,105.89781670232274
2022-03-02,98.19640425879876,106.89295732136215,107.14418742359412
2022-03-03,99.15272807020362,109.01670990709069,109.16010849633253
2022-03-04,99.8399172563268,110.32052782681795,110.82312996638142
2022-03-07,99.55941077855871,109.43960623026183,110.2648895935208
2022-03-08,99.63253311929566,109.26320288762976,109.32438111246944
2022-03-09,99.81075186533978,110.51137744867044,111.17125420232274
2022-03-10,99.67058385593678,109.64562373297484,110.04761040647924
2022-03-11,99.88208240870506,110.4856265226008,110.6297276130807
2022-03-14,99.91640992168097,109.0743759032411,109.558612851467
2022-03-15,100.8305181319985,109.71888468117459,110.38355745721272
2022-03-16,101.92858990384634,111.0801180050496,112.11152391503668
2022-03-17,102.19183439466433,113.00962179272517,114.367168398533
2022-03-18,102.18413847079395,114.69094166926162,115.90865678484109
2022-03-21,103.13182809771143,117.39323024432825,119.25690518031786
2022-03-22,102.67189366513598,115.47497398452765,116.71426115525674
2022-03-23,103.0950385807032,114.48876750639681,115.59873548288508
2022-03-24,103.55771443692174,116.01873848517029,118.29801153728609
2022-03-25,103.75241709442624,115.81470176629654,118.55110597493888
2022-03-28,103.72754855823337,115.44144583673109,117.92290647921762
2022-03-29,103.75052242873696,115.36463232673458,117.3481910910758
2022-03-30,103.49402888765252,115.31193153750166,116.87662362469436
2022-03-31,103.62436410370354,116.70844927869642,117.8792118734719
2022-04-01,103.70293942086144,116.86333202971085,118.8705780103912
2022-04-04,103.57311733556872,116.65882545554697,119.20007831601468
2022-04-05,103.20695752033645,115.99166047944098,117.69130119193156
2022-04-06,103.31490399253543,115.9834096640813,118.71418474938876
2022-04-07,103.30553485568292,116.1202583490497,118.55612011002444
2022-04-08,103.9455787121724,117.40626014600146,118.64995606662592
2022-04-11,103.880682466763,116.78422755503608,117.44513103606356
2022-04-12,103.86614341610354,117.00493438084202,117.21233190709046
2022-04-13,103.6236668477812,116.47669444285964,117.50888218215158
2022-04-14,103.8228325200275,116.70676745209,117.40955455378976
2022-04-18,103.5749473644448,116.79024434658173,116.22383099022008
2022-04-19,103.93965239047624,117.25124977913896,117.27751566320296
2022-04-20,104.77007513751238,117.41339708428713,118.78151742053792
2022-04-21,104.19685307150937,116.73911087860525,117.28061965158923
2022-04-22,103.53653692278944,116.83476567995531,116.22956143031786
2022-04-25,102.73708540232604,115.95552444486877,113.63343329767726
2022-04-26,102.67380085407616,117.06187847983675,112.25621752750612
2022-04-27,103.36450108910056,118.47516071129819,114.02047677261614
2022-04-28,103.59372414207876,119.18295160145915,114.43354599633253
2022-04-29,103.5280427314752,119.29529641428638,114.0937786522005
2022-05-02,103.41996362892476,119.09871163197249,113.65134092298288
2022-05-03,104.0210996741986,120.43987808663316,114.26569185513448
2022-05-04,105.08751884096635,123.34216474607408,116.6996962866748
2022-05-05,104.895410652881,123.18918819973635,115.89313684290954
2022-05-06,104.82410955363942,122.71988667031432,115.52901512836186
2022-05-09,103.9735247869756,120.49210649530538,113.27599709657704
2022-05-10,103.82306273988198,120.15417198747186,112.15330837408312
2022-05-11,103.42227070659628,119.70896167082986,111.67028002750612
2022-05-12,103.750784811278,120.3942455664936,112.54990258251836
2022-05-13,104.8874171085668,123.84252413637043,115.81314944987776
2022-05-16,105.419966250225,124.83729465193493,116.24627521393644
2022-05-17,106.82554288196928,128.30935414959342,119.9390663202934
2022-05-18,106.35442811580364,127.74097461021846,118.54274908312958
2022-05-19,106.25288338734111,128.09814878002322,118.9567733801956
2022-05-20,105.95943523216091,127.51200145668942,118.97706868887528
2022-05-23,107.52743149808803,130.39128734526295,122.42894254278733
2022-05-24,107.7681639980299,130.4189336604592,122.79258672066015
2022-05-25,108.07414979526946,131.228554546905,123.94583779034232
2022-05-26,106.66746681244244,130.29122547928966,125.80608190709046
2022-05-27,108.3822017660258,133.20122482532662,128.62593597188263
2022-05-30,108.8034677568686,132.82926008516293,128.59346347799513
2022-05-31,110.37749167689338,133.0572741048269,127.752521393643
2022-06-01,110.1605358015208,130.7670191544863,126.52596844437652
2022-06-02,110.69144449035294,131.26420332084558,127.81579500305624
2022-06-03,110.00474128362126,130.90927463599178,127.79931998777504
2022-06-06,109.85732371459883,130.62487121503003,127.32536483801957
2022-06-07,110.53751403874874,131.18841044777608,127.95475817542788
2022-06-08,110.13531967562578,130.71677061343595,125.99805165036676
2022-06-09,109.46953817612844,129.55534599301123,123.78395285757948
2022-06-10,109.36872685365108,130.25212954031892,125.0632736094132
2022-06-13,108.1450386891198,129.17616755722122,122.51919697432764
2022-06-14,107.89189750847927,128.8294637616128,122.2828163202934
2022-06-15,108.26593179520718,129.17791806972397,122.71283809596578
2022-06-16,107.46860264697202,128.60912320209593,120.08805776283616
2022-06-17,108.0302334934183,129.09027123274626,120.98534917481663
2022-06-20,108.45678042122763,128.90221023259764,121.39865716687042
2022-06-22,108.16723112002065,128.11985433207698,120.73010582212711
2022-06-23,106.21620690110952,126.29167079457774,117.8276379125917
2022-06-24,106.03838116045128,126.29463311708507,118.99402124083127
2022-06-28,106.3037874249796,126.70064085551742,119.4911369193154
2022-06-29,106.76681555800502,126.85971392054532,119.6141026130807
2022-06-30,105.83288539217826,125.57514044025446,118.19963898227384
2022-07-01,106.10799396235528,126.50306230595244,119.22586529645476
2022-07-04,105.48888951998492,126.0963357096286,119.1231949113692
2022-07-05,105.89749235445036,126.60430767834166,119.47513944070909
2022-07-06,107.30645880073178,127.83819906571608,119.55011269865524
2022-07-07,108.56033941776433,130.43843450271103,121.80575718215158
2022-07-08,108.61771737050124,130.5674858023258,122.07699801344742
2022-07-11,107.02719304665143,128.67508787285965,120.77976963630807
2022-07-12,107.45694125147156,129.05405858223256,121.1572623777506
2022-07-13,107.85416636453353,129.72176971080873,122.19709848716384
2022-07-14,108.09180021965948,129.95536502325714,122.63261193459658
2022-07-15,108.18738033257168,128.23627858336644,121.57439066320292
2022-07-18,108.31296718638988,128.13524405375293,121.33586109413204
2022-07-19,108.63963613102352,129.86236157436485,123.20899870110024
2022-07-20,109.50301645393812,129.30050913532943,122.8940632640587
2022-07-21,109.86980499822698,129.7025016551106,124.26578736246944
2022-07-22,109.71935190696048,130.0199719336194,124.64495148227384
2022-07-25,109.02159640999596,130.69860967374916,125.02698082212711
2022-07-26,108.82736029521968,130.10062565674156,124.16263944070904
2022-07-27,109.15937058169897,131.41602758461204,125.3848945599022
2022-07-28,109.35034862883752,133.92791455565015,125.57758060819071
2022-07-29,110.37515299754465,135.51412234828112,125.56946248471884
2022-08-01,110.74654836819862,135.5940669313401,125.5537037744499
2022-08-02,110.57317564816051,135.38456268985928,125.31827819376528
2022-08-03,110.5879038197404,134.5440269290579,124.30399029645478
2022-08-04,110.03867621475064,132.88290649946606,123.55401894865528
2022-08-05,110.0580204855308,133.1837225697661,124.45560819070904
2022-08-08,110.13725521241724,134.73645494144787,125.6002636002445
2022-08-09,109.5777860663729,134.7039855206846,125.02721959046454
2022-08-10,109.0555516170068,135.42736556934346,125.90087293704156
2022-08-11,109.76985420343644,135.8352309819041,127.1656288202934
2022-08-12,109.46466189418042,136.8546624633514,128.81336911674816
2022-08-16,110.1998619819298,136.62180797853395,128.61996676344745
2022-08-17,110.939416333752,137.19352748142498,129.06168818765283
2022-08-18,111.46168546744975,135.63913225717494,127.63433106662592
2022-08-19,111.02234863191175,134.01015097755933,126.37626069682152
2022-08-22,110.8878932069993,134.83282340006937,127.51399182457212
2022-08-23,110.90573691041256,134.28461532476467,128.39815097799513
2022-08-24,110.31164445705646,134.81472001131763,129.3687442695599
2022-08-25,110.6308176691218,135.57392895322192,130.3820770935208
2022-08-26,111.22046940508426,136.47049065896795,130.41049052567237
2022-08-29,111.68976402345147,136.54856172184637,131.73111819987776
2022-08-30,111.97682412498597,135.08858905496203,132.191463554401
2022-08-31,111.61636277714145,134.9915159352994,129.92006036063572
2022-09-01,111.45427573869132,132.91651084558242,129.1271107121027
2022-09-02,114.48321419044936,138.57482244218843,134.9805165036675
2022-09-05,116.47751947818816,141.06770882886138,137.9901913966993
2022-09-06,114.33406636243568,135.9228787663608,133.90319376528117
2022-09-07,113.52413015193768,134.5593938479688,132.29723792787286
2022-09-08,112.2565442218724,133.9934279042639,131.72371638141811
2022-09-09,112.78566188249071,135.38232963694608,133.9984623319071
2022-09-12,113.5519274054708,135.03427911773883,133.62096959046457
2022-09-13,113.21444061434036,134.15514264298582,133.248729752445
2022-09-14,112.23384816590152,135.07859488711435,133.93303980745722
2022-09-15,113.13675067857903,135.08331263728002,131.869842603912
2022-09-20,109.991294133491,129.66822746413388,127.52545270476774
2022-09-21,109.5867753669016,129.04055175603563,128.2025997096577
2022-09-22,108.87454562546296,126.50156909563745,126.62028193765282
2022-09-23,108.32622266653058,124.35066712560061,124.33192619193154
2022-09-26,108.5044121965938,126.1463308736019,123.65215273533008
2022-09-27,108.59840303802709,125.68800352826443,123.69727995110024
2022-09-28,107.77399910778767,124.3443225594724,121.7775825183374
2022-09-29,106.04357965794637,121.70743488085041,120.22893108190708
2022-09-30,107.17514546099603,123.9840175622482,122.110664349022
2022-10-03,108.32135743914915,125.7391339936983,122.80404760085575
2022-10-04,111.23529540199168,129.55176857421597,125.32639631723715
2022-10-05,110.9354726029399,128.3774186048389,123.97448999083127
2022-10-06,110.45795105666087,128.24812281352433,123.76676153728609
2022-10-07,108.52572072579878,125.58013576717174,121.28667481662592
2022-10-11,104.86157427551336,123.01507038278126,119.11674816625916
2022-10-12,103.7533080365956,121.5314134427183,117.86966113997556
2022-10-13,104.01375103346396,121.69990262435418,118.45512110330074
2022-10-14,105.30833233734708,122.81706918031567,118.72492932457214
2022-10-17,107.38543948670976,125.21925098444045,121.84491518948656
2022-10-18,108.7386399158001,127.12655464689475,122.31743772921762
2022-10-19,107.54856935867323,125.92663914846345,121.47792825488996
2022-10-20,111.38503019047674,127.76374404224516,122.71140548594131
2022-10-21,109.99154514860209,127.89090206973519,122.9028976925428
2022-10-24,109.29000876894524,127.03298969810432,121.9669258099022
2022-10-25,109.61190571166466,127.30621122704507,123.30737125611248
2022-10-26,110.20758517993426,126.40812487836787,122.9976887224939
2022-10-27,111.1135194187572,127.47999317161542,123.85892611552566
2022-10-28,111.20107685360615,129.0138795614882,124.011737851467
2022-11-02,110.78228347895842,128.66995605226145,124.03203316014672
2022-11-03,110.24520440728205,129.12159328456661,123.68916182762835
2022-11-04,111.20841342313012,130.0233270013067,124.638027200489
2022-11-07,112.5040050422588,131.16523237048756,126.2977059138142
2022-11-08,114.04859318552931,133.10627930434117,129.08102842298288
2022-11-09,113.2429621546698,133.317375469582,127.74965617359412
2022-11-10,113.52265162199448,134.70903335986682,127.49130883251834
2022-11-11,113.99748298646584,135.32645024059522,127.7599232121027
2022-11-14,113.83054784565918,134.22299786575132,126.6054783007335
2022-11-15,114.0331276903316,133.3066407072344,125.09383595660148
2022-11-16,114.47946425437598,133.94835047175764,124.88658503973105
2022-11-17,114.80935506102684,133.07929932878235,123.49838592603912
2022-11-18,114.9339673494799,133.71200491517,124.085994804401
2022-11-21,114.75277778225627,135.50702673404447,126.85021584657702
2022-11-22,114.5895747973196,135.62698685033328,126.42258175427872
2022-11-23,113.76011810441118,134.1087275908996,125.6138733954768
2022-11-24,112.77610410312036,134.28250262868792,125.91973563569682
2022-11-25,112.44720337284323,133.29284070303711,125.34311010085575
2022-11-28,111.82721777783068,131.642544590305,124.3419544621027
2022-11-29,111.81670825690576,131.91972131420928,125.23065021393644
2022-11-30,112.37093556482994,131.87941007478972,126.1320006876528
2022-12-01,112.81665581651212,132.61645878969694,125.94265739608804
2022-12-02,113.27304605428829,134.48636214297335,126.3265968826406
2022-12-05,113.31243026878433,133.9127970228666,125.930957747555
2022-12-06,114.94100731365867,133.66874115657518,125.0945522616137
2022-12-07,114.09521496747216,132.92099395967563,124.22758442848412
2022-12-09,113.8496244823852,132.22441120174062,123.98475702933986
2022-12-12,114.76092000223008,131.95701896499654,125.52218635391196
2022-12-13,114.76324853305856,130.38682780973573,124.7984795232274
2022-12-14,115.4737006937434,131.56770556354272,124.31377979828852
2022-12-15,114.91417955191736,130.445655455536,122.55429591992666
2022-12-16,115.3146770498178,131.13858888389606,123.23430814486554
2022-12-19,116.31751533034593,133.47931615236385,124.3254794468215
2022-12-20,118.30535235677613,134.8815996175644,126.25902544315404
2022-12-21,119.22366895555874,136.33222056427647,125.82375076405869
2022-12-22,119.00829382653916,135.94653953540106,124.69031746638142
2022-12-23,119.57075319431402,135.77200766219386,125.51836606051346
2022-12-26,118.51569384972838,135.71551181974883,124.695331601467
2022-12-27,118.00648334712147,134.7024871425644,124.09387415953546
2022-12-28,118.04712456462644,136.04576326193896,124.52771622860637
2022-12-29,119.27877228392762,136.08814408889532,125.33833473410758
2022-12-30,119.92247713524937,136.87188505028476,125.63775022921762
2023-01-03,117.6671444972623,134.75697438307682,122.64407281479215
2023-01-04,116.86430934205858,133.49452497694813,121.56818268643032
2023-01-05,117.92571368779724,133.9265477764313,122.34967145476772
2023-01-06,118.35238466993022,133.5322855257835,122.64789310819071
2023-01-09,118.313115483796,133.07643873627376,123.20231318765282
2023-01-10,118.21935477687784,132.7839596877728,122.8312671913203
2023-01-11,119.3870235652184,132.91794133993255,123.6922658160147
2023-01-12,119.75183229466748,133.99153070660617,124.20323005806846
2023-01-13,119.1190133662514,132.62004925021205,123.1244747096577
2023-01-16,118.12272333179654,132.40780693681194,123.11158121943764
2023-01-17,117.82756542759982,132.38230774751216,123.58887912591688
2023-01-18,120.14943350114542,133.18890926285607,124.86509588936433
2023-01-19,120.37532437658092,133.96992577331974,124.34649106051346
2023-01-20,121.2645816973652,133.41323987981883,125.01838516198043
2023-01-23,122.98013306483053,134.4081337784023,126.82992053789732
2023-01-24,122.48419416270788,132.7252157798246,125.51168054706604
2023-01-25,122.71981518424644,133.1765088617905,125.55847914119803
2023-01-26,124.6190735279406,134.65303237839146,127.35162935513446
2023-01-27,124.95838856299252,134.8356050731568,127.77305547066015
2023-01-30,124.52815419751822,134.4925986499542,127.45334466687042
2023-01-31,124.2027828961971,134.8812350513367,127.08182113386307
2023-02-01,124.02544479125524,134.181612350769,126.74229255806846
2023-02-02,123.98516643354182,133.56680984503177,126.87003361858191
2023-02-03,124.16659810528952,132.95706796173457,126.88841878056236
2023-02-06,123.73000419617026,132.18957971710861,126.20386995721272
2023-02-07,123.77798501021636,133.2777624470139,125.8612373930318
2023-02-08,124.54832955949531,134.17512683485938,127.23558794315404
2023-02-09,124.41029028026044,135.73335026909854,127.906288202934
2023-02-10,125.0280463216945,136.86226873694434,128.7546321057457
2023-02-13,125.29986979795277,135.1130870994977,128.1273876833741
2023-02-14,124.77069841748931,134.42486402240093,127.32154454462103
2023-02-15,125.33145302992446,136.36670594073365,129.03757258557457
2023-02-16,126.1949525879799,136.2381568803584,130.16336529645477
2023-02-17,125.46303630436776,133.99776769047065,127.23869193154032
2023-02-20,125.0830055630016,134.19839619246366,127.28167023227384
2023-02-21,124.11651433049072,132.14469498672318,125.62485673899756
2023-02-22,124.11006992667711,132.56818839878525,125.55537515281176
2023-02-23,125.11266998321626,132.80268630759863,126.85260352995112
2023-02-24,125.3476849535065,133.01664280178625,127.30101046760392
2023-02-27,124.93304298861732,132.06825844698557,127.91058603300736
2023-02-28,127.01806004001604,134.21633022630192,128.81313034841077
2023-03-01,127.7243462423412,135.8455328247471,128.34681578545232
2023-03-02,129.6851784084986,138.34954744483468,129.10777047677263
2023-03-03,131.49578552660884,139.1032812418792,129.8770820599022
2023-03-06,132.3962919575294,139.49418612778126,129.59199266503668
2023-03-07,132.42079894828368,140.9319069372427,129.01703850855745
2023-03-08,132.49453110989143,143.21316811824363,129.32624350550122
2023-03-09,133.9423402448033,144.37872076820858,129.1877578698044
2023-03-10,132.2663062350324,144.6750641856269,128.78495568459658
2023-03-13,131.10953088862175,143.56600542749464,127.43161674816623
2023-03-14,131.4175727525465,143.6889874652654,126.51808908924204
2023-03-15,130.01477683490413,140.57191175841257,124.07859298594131
2023-03-16,129.13350377514553,139.90843869424677,124.12013867665036
2023-03-17,125.6084247000947,137.19360321168966,122.0590903881418
2023-03-20,126.6097336887489,137.8733187124477,123.44537935513448
2023-03-21,129.76662394503208,141.6552011565039,126.527401054401
2023-03-22,129.6016264556553,141.94476328643785,125.85908847799512
2023-03-23,129.77727171315072,142.52490230731527,125.9591324113692
2023-03-24,129.24891850349658,142.64764786125826,125.32615754889976
2023-03-27,130.03420543558454,142.28968245378928,125.54630195599022
2023-03-28,129.88832134800649,140.60943835152747,125.22802376222496
2023-03-29,130.46957229169703,141.55017037365926,126.8757640586797
2023-03-30,132.2475529276565,142.32083389585708,126.7668856968215
2023-03-31,133.98286906972334,144.70897447955866,127.13506647310513
2023-04-03,133.67184341360283,143.32907860709958,126.76211033007336
2023-04-04,131.4901294764971,141.6924494237626,124.82808679706604
2023-04-05,132.2428847095884,142.4037882670702,125.02435437041568
2023-04-06,133.22176144412452,143.6193468636386,125.93119651589242
2023-04-10,133.43766150977416,142.94268956068865,126.10501986552566
2023-04-11,133.97776888106625,141.89371270115777,126.7114914425428
2023-04-12,134.9861587310087,141.5537838188846,127.8148399297066
2023-04-13,136.13020124976148,143.64400689832576,128.1020782396088
2023-04-14,136.68115703925744,143.89786637698148,129.34510620415648
2023-04-17,136.39681166184357,144.8009676467709,130.60484795232273
2023-04-18,137.17321766757854,144.0266865654927,130.71659153422982
2023-04-19,137.09785366267008,145.05191972865626,129.49576902506112
2023-04-20,137.0145722789202,146.0449024956328,128.8773590311736
2023-04-21,134.98783565230582,143.93006918765843,124.80253858496332
2023-04-24,137.1206134093859,145.9645666076068,126.47033542176038
2023-04-25,137.97528951189815,146.45519625309777,126.53719055623472
2023-04-26,139.1642806254074,147.27413984140165,127.15822700183377
2023-04-27,140.92414448074973,148.3828600386272,129.1789234413203
2023-04-28,141.61804465354749,148.27669932005583,129.31908045537898
2023-05-02,141.1481379339421,146.7378678709983,128.20283847799513
2023-05-03,142.03455890292997,146.18748392724004,128.2801994193154
2023-05-04,142.13947120336093,148.18225310209522,128.3718864608802
2023-05-05,143.70856420051962,150.00727317339656,130.85507716992666
2023-05-08,146.80558080423864,153.77535312487325,133.91298326711492
2023-05-09,144.72652462330316,150.52017553428618,132.53767764364304
2023-05-10,144.67918916134948,151.95394604381173,132.98465197127138
2023-05-11,144.6520094116308,151.71549867356467,133.71026894865523
2023-05-12,145.65701655722262,150.31038895669488,133.62646126222495
2023-05-15,142.94004692042142,150.5032976451067,133.66752941625916
2023-05-16,143.51173799689826,151.08868607085327,134.1653613997555
2023-05-17,143.31128571520486,149.59290609965774,133.83824877750612
2023-05-18,144.1578787929079,149.66573313045328,134.68110100855745
2023-05-19,146.0055787618883,151.3436976891459,134.99006723716383
2023-05-22,146.50455988534353,151.69195873519206,135.89499923594133
2023-05-23,147.14996350221955,152.35806399057387,135.74696286674816
2023-05-24,145.69139010181934,151.02299055301128,134.74413584963324
2023-05-25,145.5997999629593,150.60942420848124,134.19281975855745
2023-05-26,146.20836834816103,151.35335098935087,133.93590502750612
2023-05-29,145.91709840192314,150.6824888028581,133.6823330531785
2023-05-30,145.77353926532004,153.1528036721718,133.53954958740832
2023-05-31,144.9520317154364,149.4065996644287,130.6430508863081
2023-06-01,145.25170593592637,150.30871351893464,131.81779110635696
2023-06-02,146.58262589220666,153.21091945161228,134.99508137224942
2023-06-05,146.4659373423424,155.2518952782474,135.01036254584352
2023-06-06,147.57932258022782,156.47663277996938,136.4398685819071
2023-06-07,147.16074678715984,157.3682042377868,135.6034630959658
2023-06-08,147.39842199064122,158.81570749884253,135.44635352995112
2023-06-09,147.5891873294852,160.0017084806324,135.88162820904645
2023-06-12,147.65664779671104,160.72205198292954,135.9348735482885
2023-06-13,148.2356347631784,159.92397468119225,136.39020476772615
2023-06-14,148.67872307826923,161.16855615290552,136.48690594437653
2023-06-15,149.62707157026588,161.25269838689778,137.09385505806847
2023-06-16,150.12031512326084,161.69014630010943,137.05063798899755
2023-06-19,150.0947474993925,161.1351657994505,137.39303178484107
2023-06-20,150.3946608804797,163.85580976579183,138.08235597493888
2023-06-22,151.3073892200889,166.78963666742848,137.60935589853304
2023-06-23,150.47706396264329,164.46357220514577,135.60990984107582
2023-06-27,150.04596776215627,163.72552931389959,135.1156593826406
2023-06-28,150.28202480216578,163.62416748155584,135.07100970354523
2023-06-29,151.37651899646073,165.02037434267527,136.77390548594133
2023-06-30,152.41799633368288,166.39205114362244,138.17046149144255
2023-07-03,153.16179647359695,167.08410975105258,139.77020935207824
2023-07-04,154.49912958587265,166.78746160553584,140.73817619193153
2023-07-05,153.66746338166837,166.75834276944255,139.3244288661369
2023-07-06,152.59899096005086,166.26350808663753,138.29868008863082
2023-07-07,155.36143394741654,169.25572651296926,141.88092145476773
2023-07-10,156.54237873139294,170.33960190088234,142.11372058374084
2023-07-11,157.55000574227878,171.57825698651263,143.1528403881418
2023-07-12,158.89639324895,173.84276097393536,145.13700527200487
2023-07-13,159.6333604846972,173.88043755440734,144.73969475855748
2023-07-14,162.2065514316044,175.88688758558598,146.38122707823962
2023-07-17,164.70085653799634,176.75844677588842,147.9692752903423
2023-07-18,166.393493292065,178.44900541808062,150.10171531173594
2023-07-19,167.87943143422007,181.37272936030536,150.9130501222494
2023-07-20,170.12160141565113,181.8805675779045,150.97130959657704
2023-07-21,168.91891177674069,181.04951953688922,150.44578048594133
2023-07-24,170.70881258615347,182.48207393882748,151.64392000305625
2023-07-25,171.76858066665042,182.7223962129929,153.084648150978
2023-07-26,170.11267736323364,180.96036480529372,152.32035070293398
2023-07-27,169.355534159047,180.04229954037615,150.86887797982885
2023-07-28,169.46087516873467,180.18693235767702,151.3562041564792
2023-07-31,171.1226732580395,182.66418894515482,152.67802567237163
2023-08-01,172.91041445774204,183.03803585695414,153.59394101466995
2023-08-02,170.4756772172287,181.0346181285897,151.19049893031786
2023-08-03,168.94580277704486,178.04370606945005,149.76242550427875
2023-08-04,169.14651716082227,178.04829607321096,150.24831907090464
2023-08-07,170.58739458424344,179.9123443244877,150.86219246638143
2023-08-08,168.8105246334279,178.37653036935095,149.02295996332518
2023-08-09,171.36778519060664,179.4525755948359,151.41159841075796
2023-08-10,171.04587321633483,179.93259477815798,150.19340235330074
2023-08-11,169.1076306827536,176.78569633080255,149.40785452322737
2023-08-14,168.0421191021499,176.32721677720647,148.42484527811737
2023-08-16,167.49242276257425,176.6845864094284,148.3510658618582
2023-08-17,165.9060751744601,176.40653244632804,146.4008060819071
2023-08-18,165.60199542444664,176.19909773241653,146.44282930929094
2023-08-21,165.5773550819989,175.82197157266125,146.19594284841077
2023-08-22,166.3135659148793,176.98283567822128,147.05121103300735
2023-08-23,166.70867621599098,177.11912185892703,147.79569070904645
2023-08-24,165.07131865889087,174.43429297146912,144.87841916259168
2023-08-25,163.9241120048192,173.77134940041293,144.37414043398533
2023-08-28,163.62268247939767,173.08705721470065,143.98088898227385
2023-08-29,163.84812175593905,173.63923679814,144.68525557762837
2023-08-30,163.95061399512377,173.89899893063094,143.9340903881418
2023-08-31,164.5815774546787,174.75036272659133,143.48257946210268
2023-09-01,163.80781067422038,173.50461009106834,143.17409077017115
2023-09-04,163.66922274990694,173.78159978484229,143.02796454767724
2023-09-05,160.7310847847058,172.01132373671592,141.54019903728607
2023-09-06,159.1440378838821,170.55099866443902,141.01037209657702
2023-09-07,159.71404043098676,169.70737324860784,140.52758251833745
2023-09-08,160.38746040810966,169.24010743910353,140.12955569987778
2023-09-11,161.70601542387675,170.1822571090167,140.3754870874083
2023-09-12,163.1775200645913,171.3955506053423,140.54907166870416
2023-09-13,162.72838444930687,170.90348943267142,141.24388753056238
2023-09-14,164.14538871426595,172.49333198993673,143.3104274908313
2023-09-15,165.52417533210223,171.7737186684275,143.3247535910758
2023-09-20,163.85374540978904,171.42963733500116,141.65719552261612
2023-09-21,160.6402704445732,168.85591093783455,139.86380654034232
2023-09-22,160.50684573308567,169.35229864363643,139.24850053484107
2023-09-25,158.74815103308947,167.85541601616913,138.14753973105135
2023-09-26,156.6103577693468,164.8586814464307,137.59216457823962
2023-09-27,155.46369844173677,163.31517288424592,137.5950297982885
2023-09-28,155.2695757931713,164.09753444886732,139.07491595354523
2023-09-29,155.42957095542695,164.0476240615968,139.28216687041564
2023-10-02,153.29632598937576,162.48672176504144,137.42645935207824
2023-10-03,151.22626116614276,160.91661014561143,135.75985635696824
2023-10-04,151.32625030538173,159.90805964770368,136.08195484413204
2023-10-05,148.6152588519388,157.72249409820895,134.08823922677263
2023-10-06,149.17372621861412,158.68562420793302,135.12592642114916
2023-10-10,151.52330180205146,161.98692903199,138.04152658924204
2023-10-11,151.22223957779127,163.0387084798859,138.0310207823961
2023-10-12,150.1382638858904,163.36730716613317,138.4908886002445
2023-10-13,149.6258998209782,162.8428710765738,137.95437614608804
2023-10-16,150.64522390934417,163.82569754856368,139.75612202017115
2023-10-17,152.02838616350894,164.7906400021527,140.65221959046454
2023-10-18,150.95040436863025,164.34871049571586,138.40063416870416
2023-10-19,149.7434508029459,162.38199900025282,136.41885696821515
2023-10-20,147.22021359824114,162.9888889303086,134.4583301497555
2023-10-23,144.40779763447566,159.49891296650557,131.40209543092908
2023-10-24,145.9702113253976,160.18474638624454,132.69836873471883
2023-10-25,144.98236781129145,160.14768178467313,131.6955417176039
2023-10-26,146.46623609731242,160.01978950720058,132.95456716075796
2023-10-30,143.99946937350907,157.68053722364928,129.73143337408314
2023-10-31,142.99862965566922,158.36939210033927,129.11397845354523
2023-11-02,144.88365238376988,158.9958650157866,130.3830321668704
2023-11-03,147.6736033189149,160.38373124434867,134.20141541870416
2023-11-06,146.8591982664058,159.91151725555733,133.12480898533005
2023-11-07,148.00922836837717,160.59686022859535,134.92249579767727
2023-11-08,148.6011784470483,160.35687702812024,134.8551631265281
2023-11-09,148.87875246486536,160.59801297074648,134.4416163661369
2023-11-10,148.98234103300942,160.88706654416197,134.15628820293398
2023-11-13,149.69475346226838,162.81153312485418,136.74119422371638
2023-11-14,150.03465406951926,163.3201760058732,136.38686201100245
2023-11-15,151.46159760807473,165.3652820555958,137.89778805012224
2023-11-16,150.95859810624754,166.16355097335233,136.8073330531785
2023-11-17,151.57092954351364,167.04187848424306,137.7955952017115
2023-11-20,152.1590179742938,167.49626737156592,139.48273227383865
2023-11-21,150.94214173479986,166.1998098937373,138.252597799511
2023-11-22,150.73885335205836,165.78617734717434,138.4992454920538
2023-11-23,151.6054249816737,165.90878016658652,138.6573101314181
2023-11-24,151.47053116484247,165.26898027761177,137.9302605440098
2023-11-27,150.8915074690178,165.45065204057008,137.4689601161369
2023-11-28,151.80214003616575,167.44447190614582,137.92596271393646
2023-11-29,152.09288789797355,167.4448910195341,138.3132449572127
2023-11-30,152.97832508894535,166.41703796495395,138.9275958893643
2023-12-01,152.55798823409427,168.16188166303294,140.555995950489
2023-12-04,152.90925928670717,168.57303971176674,139.04339853300735
2023-12-05,155.39363025883762,170.5039278715133,141.00010505806847
2023-12-06,156.1793146662778,171.50863072137864,141.3510945140587
2023-12-07,156.02808447573503,172.2739414239432,142.5640376680929
2023-12-11,154.08194388762675,170.38736982453935,140.5099136613692
2023-12-12,155.14143610293385,171.44876678922046,141.19565632640587
2023-12-13,157.0429524135506,174.40188262878564,143.74832862163814
2023-12-14,159.77214407169575,177.37865302677903,146.76110750305625
2023-12-15,159.56572630586874,175.08272333633715,146.55839318459658
2023-12-18,156.49159274905924,173.7878337379926,144.4911369193154
2023-12-19,157.59334059640398,175.18963644723533,144.70411827628362
2023-12-20,159.12686196184194,174.05053209478245,145.0245453850856
2023-12-21,159.3567272894087,175.1672648768062,145.83444758557457
2023-12-22,160.3329563575307,175.36320092028615,146.9299167176039
2023-12-26,161.2149956692415,175.61437027962074,148.46734604217605
2023-12-27,162.28571063828215,175.14914265625907,148.07600473716383
2023-12-28,163.11147777145248,175.45715854138015,149.217556158313
2023-12-29,163.46108104693974,175.49154256353617,147.983123853912
2024-01-02,163.14972016731656,174.43563070615807,148.28922486246944
2024-01-03,162.52075278806427,173.1062191116839,146.5906269101467
2024-01-04,160.93114911557032,171.78467604199977,145.0799396393643
2024-01-05,160.64192599997455,170.33677970413393,144.398494804401
2024-01-08,161.63917934555107,170.02996012169575,144.60574572127138
2024-01-09,164.13882321654225,171.98356606197186,145.83301497555013
2024-01-10,164.2211875519045,171.79747432763693,144.59953774449878
2024-01-11,163.97279058280964,170.77828120682642,143.9539081601467
2024-01-12,163.36106503122022,170.81723204445865,142.5115086338631
2024-01-15,163.33563348942857,171.1156490676603,143.16454003667482
2024-01-16,162.93607359296044,170.6393061136584,142.5554420079462
2024-01-17,161.31084240431736,168.735247456346,140.9143872249389
2024-01-18,161.89965216390206,167.4177816496397,140.1025748777506
2024-01-19,161.6930476471979,166.9430811052215,139.549587408313
2024-01-22,164.87513007273947,167.99985361972261,141.3756876528117
2024-01-23,165.10366438798783,169.65367677184292,142.41528499388752
2024-01-24,168.32162596555912,172.44292389920273,144.64108343520783
2024-01-25,166.56620278060393,171.3865719024547,142.96182571821515
2024-01-26,168.53128750906882,172.8528528413115,144.65970736552566
2024-01-29,169.40101088695428,173.8542002186581,144.80272959963324
2024-01-30,167.43800979025067,172.27966467435002,142.55973983801957
2024-01-31,168.3265341647218,173.1492260788658,142.9539463630807
2024-02-01,170.05831494417797,175.1957029068232,144.48874923594133
2024-02-02,167.72895589326663,173.50203439256381,143.1320675427873
2024-02-05,168.46915694754165,173.30613606638832,143.38707212713936
2024-02-06,168.76754968406863,173.63710980265998,143.38492321210268
2024-02-07,168.92368200714455,173.76144990917726,143.50669506418092
2024-02-08,168.69977436789804,174.2401290111302,143.2896546454768
2024-02-09,171.12112418322806,176.1401833071928,144.03962599327627
2024-02-12,171.80062929925663,176.47055669071247,145.6708912744499
2024-02-13,172.49299038908288,175.83921715496277,143.83691167481663
2024-02-14,175.30157551962765,177.99909764753528,145.25161407396087
2024-02-15,177.51170600624408,180.54595345711752,147.75939792176038
2024-02-16,180.41863562337,183.2845109142819,151.3029588172372
2024-02-19,181.2101256278584,183.37631445060862,152.39413011919316
2024-02-20,180.9897706002958,182.6363317998585,151.5940174205379
2024-02-21,178.76231165174096,179.8440161696438,149.26411598410758
2024-02-22,178.45493674178675,180.05615864182104,148.93485444682153
2024-02-23,178.1537192626427,180.2396907822599,147.78709504889977
2024-02-26,178.13111333411052,180.75597218718195,148.23430814486554
2024-02-27,180.11265662454392,181.19558834300585,150.95411827628362
2024-02-28,179.5480339866726,182.24851995187424,151.48513905867972
2024-02-29,181.007365997044,182.23065391405984,154.00271240831296
2024-03-01,181.1832270635288,183.48398103224736,154.75172868276283
2024-03-04,177.834508742039,179.52757593861702,151.39751107885087
2024-03-05,177.76105016141798,179.21308786302635,149.44175962713936
2024-03-06,179.6015225781095,180.50959533797314,151.5706181234719
2024-03-07,180.37289069128988,179.90295042270435,151.79840311735944
2024-03-08,180.2829179085437,179.7278748810748,151.32206028422982
2024-03-11,181.10911723747785,179.92803181408382,153.2047486246944
2024-03-12,183.31145728674343,181.27455582158427,155.25147081295844
2024-03-13,182.6596006251252,180.63690491529854,154.98715426344742
2024-03-14,184.5604344682837,180.1979601232097,154.26129851772615
2024-03-15,183.1082821630176,179.92544109202657,154.33412286063572
2024-03-18,182.4548320273308,179.1400386710694,154.11087446515893
2024-03-19,181.7892574468682,179.1162720450151,153.21501566320293
2024-03-20,184.8874382981604,178.03038092717517,155.2297428942543
2024-03-21,184.3560000557341,178.18466003215119,154.86323349633253
2024-03-22,186.1800018397092,179.0635515618332,155.59028308374084
2024-03-25,186.1136344296181,177.82740869782532,155.0630825947433
2024-03-26,187.03183680490105,179.17105975587916,155.68626795537898
2024-03-27,187.8278124641892,180.221392611885,157.53791641198043
2024-03-28,188.9491335953616,181.19232986497815,158.63195293398533
2024-04-01,189.6305354439897,181.34398481152837,158.49227345660145
2024-04-02,190.49823518540137,182.22629026175565,158.40369040342298
2024-04-03,189.95488546665388,181.97677210233627,157.9872784229829
2024-04-04,190.74645531425344,183.11570523625093,157.3184883099022
2024-04-05,188.55139609924944,181.29220309670515,155.4945369804401
2024-04-08,190.8384179066667,181.5738104191087,157.66613500916873
2024-04-09,191.7471595490388,183.41997962391378,159.22385964242054
2024-04-10,192.27951783876563,183.14592239019376,159.68874159535454
2024-04-11,193.2632872012436,184.42892177291628,160.60799969437653
2024-04-12,190.01861016073727,181.65342642721697,156.72992435819074
2024-04-15,187.3461126963109,179.41428194692435,154.71400328545232
2024-04-16,186.05934909014863,178.79825368486448,153.54260582212714
2024-04-17,186.06705213057032,178.08550160944932,154.1390491289731
2024-04-18,186.6156956708129,177.5736037456252,154.03661751222495
2024-04-19,185.95676639625543,175.27732193918987,151.97819567542788
2024-04-22,186.3368285037505,177.0345203966177,152.199295155868
2024-04-23,188.36308582360965,178.49339830608722,154.43082403728607
2024-04-24,187.88843207690311,177.311846738767,151.93975397310513
2024-04-25,187.31509753558564,176.41016039804956,150.7000687652812
2024-04-26,190.34293945434567,178.08119244048927,152.6481796301956
2024-04-29,193.46960804456484,181.1733944618254,156.4025729676039
2024-04-30,192.98209712153712,181.04971929341062,155.48426994193156
2024-05-02,192.59463594103568,179.84442614906683,155.14736781784842
2024-05-03,194.0164110492464,180.9160053917062,156.60934634779952
2024-05-06,192.67445594187583,177.96956044717885,155.1211033007335
2024-05-07,194.6437698596021,181.00212536185037,157.60692046149146
2024-05-08,195.7590485902754,183.01057040638307,158.6479504125917
2024-05-09,195.05779481823907,182.57939473123653,158.30102001833745
2024-05-10,196.9070379210665,183.76565079750642,158.54981662591686
2024-05-13,198.02353342521783,184.7701603282053,159.86160987163817
2024-05-14,197.3353820973615,185.47395103445157,160.6531269101467
2024-05-15,197.5572481712761,185.83349682925444,160.25414501833745
2024-05-16,196.6058238871207,184.14378860587672,158.81580455378975
2024-05-17,197.3604575860828,185.60007645381756,158.9953583435208
2024-05-20,197.47300446486847,185.5411819981278,159.84728377139365
2024-05-22,198.8180499280835,185.14381175406945,160.49530103911982
2024-05-23,200.0613227977162,186.07231124776766,161.54970201711492
2024-05-24,199.7566539474991,185.61383834432925,161.40667978300735
2024-05-27,200.4736231175428,185.72901639813625,162.24117512224942
2024-05-28,200.21100133827065,185.8378819999473,161.38447432762837
2024-05-29,197.6836248900416,184.5318670549583,159.53736246943765
2024-05-30,195.78500266912727,182.70634037915661,158.52140319376528
2024-05-31,195.28492665079168,181.62908150454433,158.37026283618582
2024-06-03,194.0754914387582,182.04209722496466,157.92997402200487
2024-06-04,194.6518518849524,182.09863346118792,157.53218597188263
2024-06-05,197.36913853955835,184.47230679605474,158.92110139058678
2024-06-06,197.54384764504084,185.44820823531404,159.69112927872862
2024-06-07,196.77238388101657,184.70686585200923,158.48630424816625
2024-06-10,196.1530574418848,184.2796162284863,158.1133481051345
2024-06-11,192.7638509441586,181.44095559268098,156.18911407396087
2024-06-12,192.99616138855603,183.02501604501347,156.04131647310516
2024-06-13,192.12749279397207,183.09817743383883,154.8737393031785
2024-06-14,192.17911538262751,183.03780614398295,155.63182877444987
2024-06-17,191.5551115417129,183.0356603169789,155.35485750305625
2024-06-18,193.1904588442659,183.96058126816226,156.21537859107582
2024-06-19,194.901844140572,184.42171589772775,157.33209810513446
2024-06-21,191.91338889255223,181.3927320436704,154.93080493581908
2024-06-24,191.2377417034685,181.22185232404289,154.99646622860638
2024-06-25,188.7855183881652,179.50034432095174,153.0984967145477
2024-06-26,189.95696690258825,180.65561590874097,155.48904530867972
2024-06-27,189.88580346435583,180.19084922023728,155.3075813722494
2024-06-28,189.11785796688184,178.43362973061417,153.14314639364304
2024-07-01,188.1348869782136,177.86101981269505,152.97744116748166
2024-07-02,187.3345493753484,176.84773578849442,152.46289540036676
2024-07-03,190.1778273045939,179.80334691363518,156.00382984413204
2024-07-04,190.0361085249476,179.53864818337178,155.97565518031786
2024-07-05,189.51720219216847,179.33346355431797,154.8095106204157
2024-07-08,189.846437640794,180.5147550914271,155.69916144559903
2024-07-09,189.1884969408364,180.32572732196977,154.4862182915648
2024-07-10,188.6223834494476,179.98942347441726,154.41554286369194
2024-07-11,188.7957459505064,181.3771970007163,156.26480363691934
2024-07-12,188.1549815310549,182.62128491724965,156.3934997707824
2024-07-15,189.3718922748688,183.16492306183065,156.78436353911982
2024-07-17,190.29964579041072,183.56207081741408,156.8414291717604
2024-07-18,192.02019584063703,184.4910047522743,157.03077246332518
2024-07-19,191.60413369189527,184.77663190506365,156.6005119193154
2024-07-22,193.29306967250764,185.35110284270542,157.6023838630807
2024-07-23,191.56904315787688,184.8548218186652,156.4257334963325
2024-07-24,189.61729665783471,183.25644087658816,155.53011346271396
2024-07-25,186.59088426203687,179.68380226118754,153.7909248930318
2024-07-26,186.6057191613453,179.3422369785748,153.57961491442543
2024-07-29,187.13806061207308,180.26516027944734,154.86968024144255
2024-07-30,187.4769035694162,179.59929990304306,154.39071095660148
2024-07-31,186.58342212992827,179.93695817615932,153.78018031784845
2024-08-01,185.9649063232216,179.80513252847516,153.24510047371638
2024-08-02,183.41195355443875,177.14637139694193,150.7931884168704
2024-08-05,178.0283553071883,172.7883243968921,145.62170499694375
2024-08-06,179.84029559861332,173.7773978535437,147.52421110941322
2024-08-07,180.4040820393769,174.40275447961417,147.86182953850854
2024-08-08,182.73315660814143,176.23927523889026,150.27171836797066
2024-08-09,183.0485621571948,176.10278024026135,150.924511002445
2024-08-12,182.6635408148754,177.80044740726657,151.04604408618582
2024-08-13,182.6408452713241,178.06975399585056,152.08922295232276
2024-08-14,183.8549422122503,179.15409724185474,152.93398533007337
2024-08-16,184.78890763598795,180.55456565186313,154.1903843215159
2024-08-19,184.4744927224185,180.20752780689108,154.21521622860638
2024-08-20,184.81946980213584,181.5432419457924,154.9854828850856
2024-08-21,184.8743130201124,181.3995336216856,155.09030218520783
2024-08-22,185.41196433987903,181.61366025182843,154.6356872707824
2024-08-23,185.78364965972327,181.9323956746574,154.32170690709046
2024-08-26,184.141667436378,181.48114550506972,153.81909955684597
2024-08-27,182.7422700900348,179.85082525011492,152.32130577628362
2024-08-28,182.24686133206265,179.50808542062305,152.46599938875306
2024-08-29,184.0300766508636,180.73383882177922,153.96450947432763
2024-08-30,183.6137344759993,181.85102174612936,154.24339089242054
2024-09-02,184.27188065791293,182.28460664043786,154.15480783924207
2024-09-03,182.776539541936,180.35352530217068,152.50563493276286
2024-09-04,182.10973135374928,179.62176233530477,152.5502846118582
2024-09-05,181.59426581663445,178.64480161827458,151.89462675733498
2024-09-06,179.62513714512542,175.59557646534296,149.1208549816626
2024-09-09,179.64396635327896,175.81147974912054,148.80305432457212
2024-09-10,179.50373570475767,174.48040829540204,148.39117894254278
2024-09-11,180.33209571721343,174.16248421154629,150.46177796454768
2024-09-12,181.19016977686232,175.50661036867726,151.45457671149146
2024-09-13,181.3727329712371,176.25730303257,151.64917290647924
2024-09-16,182.34039461820447,177.03376317085352,151.54172715464549
2024-09-17,182.91829867995813,177.06318878165547,151.21580837408314
2024-09-23,183.72816743160487,178.86099267675593,152.199295155868
2024-09-24,184.12033030628984,179.75556497813412,154.00318994498775
2024-09-25,184.1792281794881,180.0531615897879,153.7875821363081
2024-09-26,186.1742380343556,182.2006472873495,155.91524679095355
2024-09-27,185.2634256484827,182.8782285903726,155.93315441625916
2024-09-30,183.3972801450492,181.74773327721778,154.97426077322737
2024-10-01,183.53639930482527,180.5259740790681,153.9783580378973
2024-10-02,182.78163602840664,178.55473893150196,152.62287018643033
2024-10-03,181.83590988833336,178.64983725077155,152.56866977383862
2024-10-04,182.75773250678108,180.61795146140864,154.7440880959658
2024-10-07,182.73086369568904,178.8430276516735,154.60607999694375
2024-10-08,183.2032040396804,179.83817514118775,155.0263122707824
2024-10-09,184.3848625169976,181.27719011762497,156.18529378056238
2024-10-10,184.45315707127008,182.77856320126037,157.08019750916873
2024-10-11,184.0566204864037,184.0333250133246,156.94123433679707
2024-10-14,183.99091227289,184.0333250133246,156.9185513447433
2024-10-15,183.99091227289,184.0333250133246,156.60767496943762
2024-10-16,183.99091227289,184.0333250133246,156.21752750611248
2024-10-17,185.56640175426955,184.54633040730195,156.90876184290954
2024-10-18,186.78488956805745,186.03156605580807,158.62622249388752
2024-10-21,187.41997887767715,186.52906293516116,159.28402926344742
2024-10-22,187.64293250403813,186.25440011379857,159.36974709657704
2024-10-23,187.9769888704455,186.38408856700542,159.66390968826406
2024-10-24,187.9964121956676,186.87537451321987,160.59080837408314
2024-10-25,188.4999300257361,187.63980800781377,161.28061010085574
2024-10-28,187.96528099383377,186.1891093455485,160.82145858801957
2024-10-29,187.38796938160328,185.31458645662894,159.3207995874083
2024-10-30,186.1645436461678,182.780824526433,156.40090158924204
2024-11-04,187.10470792062583,184.41500486196168,158.30245262836186
2024-11-05,185.7550939687088,182.60066451686944,155.80541335574574
2024-11-06,186.7766409622428,183.91682247304328,157.10120912286064
2024-11-07,187.1908506133529,182.88095490368642,156.67572394559903
2024-11-08,186.72178075129384,182.20046619530692,155.67027047677263
2024-11-11,185.73221850092145,181.9410629375358,156.13897272310516
2024-11-12,185.2362046857684,181.54912133751807,155.40571515892424
2024-11-13,185.7872162667261,182.611403755156,156.59621408924207
2024-11-14,184.8357407250861,180.42481330750508,154.69728950183375
2024-11-15,184.78239427893064,181.58105734632184,155.8445713630807
2024-11-18,185.38737461216027,181.410536778656,156.21155829767727
2024-11-19,185.4340445524108,181.48045915228784,156.3782185971883
2024-11-20,185.8715583244886,182.55862235471642,157.02193803484107
2024-11-21,186.0962004368528,182.92077222535224,157.4182934749389
2024-11-22,186.08583662571093,181.82821292302702,156.73135696821515
2024-11-25,185.7126190145177,181.64713160383005,156.3732044621027
2024-11-26,186.4929140528715,182.82581693621205,156.5914387224939
2024-11-27,187.7722722057597,184.1536352575115,157.08521164425426
2024-11-28,188.0024521157839,183.78310524703295,157.28506074266505
2024-11-29,188.0527646236068,183.57233775634106,157.02838477995112
2024-12-02,188.56481522482176,185.04497372579365,158.5388332823961
2024-12-03,188.1742524488699,184.2730466830388,158.29672218826408
2024-12-04,188.96594654361493,184.9776877996727,158.335880195599
2024-12-05,189.5993012554217,185.7725653939619,159.02305547066015
2024-12-06,189.90451781114484,186.0089000389817,158.748710650978
2024-12-09,189.8093430358152,186.66032855739448,160.3119269559902
2024-12-10,189.93327602083824,186.84444897074889,160.4573368734719
2024-12-11,189.9119642456029,187.73708099246068,160.7309653881418
2024-12-12,191.8196751757769,189.85137249002904,161.90976466992666
2024-12-13,193.05062918513224,190.3870972290022,161.5805031326406
2024-12-16,193.33419553765577,191.65842363863274,162.33835383557457
2024-12-17,192.1046958436084,189.48580377934346,160.6963439792176
2024-12-18,192.4324349723756,189.32133370032872,160.72666755806847
2024-12-19,192.166962758534,188.3116199748418,159.97096577017115
2024-12-20,191.38329728754545,188.43628479654575,159.99436506723717
2024-12-23,190.3236956055218,187.86859811644413,159.1479313111247
2024-12-24,190.7729512094591,188.38989020571896,159.501308450489
2024-12-26,190.52118710806164,189.33931077835686,159.76204347493888
2024-12-27,191.29554209314728,189.47609592289473,160.05286330990222
2024-12-30,190.9845869729977,190.29015236844972,160.21403193765283
2025-01-02,190.7219769072076,190.09815423027047,159.54309290953546
2025-01-03,190.48967596007657,189.63353798544495,159.99818536063572
2025-01-06,190.54697514456043,189.88524552249447,161.88564906784842
2025-01-07,191.2960184679119,190.05627443131704,162.516952551956
2025-01-08,191.2894524669005,189.14436997558545,161.47281861246944
2025-01-09,191.72597808130928,190.79246467242444,162.42407166870416
2025-01-10,191.62555093348303,190.75046817997907,162.69961033007337
2025-01-13,190.31733445410288,188.5387825478297,161.32382716992666
2025-01-14,191.2481380045145,189.33677659103284,162.91187538202936
2025-01-15,192.86011596244256,190.8395815376668,164.75134665342298
2025-01-16,193.2888181095369,191.90544946556204,166.1271298135697
2025-01-17,193.2289676781569,191.6523262403933,166.1538718673594
2025-01-20,195.2030296582431,192.77865937604906,167.38185742665038
2025-01-21,196.3773596331856,193.69274143907737,168.05064753973105
2025-01-22,196.25077339760944,193.5972562740404,167.7817943918093
2025-01-23,197.16662621903336,195.2991196687138,168.35459963325184
2025-01-24,198.1128260184012,196.3772326314761,168.77745835880197
2025-01-27,197.72452947771555,195.75201552172726,167.81737087408314
2025-01-28,198.445007550176,197.14597265170525,167.9737641350856
2025-01-29,200.69101804761007,199.55120076447767,169.2578602536675
2025-01-30,205.102785634754,204.47631958097992,172.44040342298288
2025-01-31,206.63408758553783,205.33057594247106,171.9034134321516
2025-02-03,207.2983793472258,206.35255070043092,172.02518528422982
2025-02-04,208.8912287817901,207.74056146296786,173.56524106051344
2025-02-05,210.34997605321087,208.44132495101942,173.67984986246944
2025-02-06,210.1732891283316,209.28248118971848,174.33526894865523
2025-02-07,210.37357219053868,209.00072618294664,173.94536025366747
2025-02-10,210.82375263908693,209.0407792541396,174.1729064792176
2025-02-11,211.74146340055952,209.32327141819783,173.77655103911982
2025-02-12,212.6321146616526,209.93880070710293,173.8792214242054
2025-02-13,213.37247080992407,210.5125483220766,174.97779454462105
2025-02-14,213.66966593344813,210.4013634285757,175.73134741748166
2025-02-17,212.5095998852527,210.26363396616406,174.38732044621028
2025-02-18,212.4325485836974,210.40754399408894,174.25098372555013
2025-02-19,212.15860177370308,210.61871383290372,173.85510582212714
2025-02-20,213.134299342892,211.3298284861231,174.83763753056235
2025-02-21,212.6167470851493,210.90985296655944,174.58143910452324
2025-02-24,212.8799546810168,211.59532726371626,174.5714108343521
2025-02-25,213.01115339001032,212.34910408409274,174.6831544162592
2025-02-26,215.1450874907337,214.332943531036,175.5200374388753
2025-02-27,216.1773094529285,214.23470474533818,176.51785032090464
2025-02-28,215.61677076605807,214.16803931535154,175.06781020782395
2025-03-03,215.79154766012616,213.77651602698987,175.37438875305625
2025-03-04,213.7234787314094,213.05345324022775,174.63253552872862
2025-03-05,214.2301860019124,213.432271211666,175.09120950489
2025-03-06,214.7414229005697,214.73560699530495,175.97990525672373
2025-03-07,214.66395487406663,214.3765858895257,176.14155142114916
2025-03-10,215.02208788619487,214.62916559148655,175.9643853147922
2025-03-11,214.38112964796625,213.19103365446824,175.87245950488995
2025-03-12,214.94839821191428,214.50517666861418,176.48084122860638
2025-03-13,217.65549041033108,216.02699624696677,177.87930738080684
2025-03-14,218.2849725603008,216.3384727235608,179.2911445599022
2025-03-17,219.3852027903148,217.23286794497685,181.5073922677261
2025-03-18,219.5445285499644,217.78943737766966,181.1203487927873
2025-03-19,219.8332010194836,219.24607236089423,181.34335841992663
2025-03-20,219.10885953648489,219.27695357540006,180.8796703086797
2025-03-21,218.8092093029013,217.5480100473512,181.1251241595355
2025-03-24,221.252807293643,220.8656794211412,182.24375382029345
2025-03-25,222.11573219098395,221.02235740847024,181.617225702934
2025-03-26,223.5476015136541,222.54685140854778,181.307304400978
2025-03-27,225.91468896218805,225.85109448534863,182.7547180623472
2025-03-28,227.3509002682609,227.45284686304626,183.720058450489
2025-03-31,225.9323723644662,226.1046887805745,182.62411178178485
2025-04-01,227.0333494586323,226.74171213790467,183.50779339853304
2025-04-02,227.0304197573576,228.25576927360532,183.8205799205379
2025-04-03,229.0154443488503,229.75179732025214,184.31053254889977
2025-04-04,222.82469417134595,223.2179543963464,179.17677452628362
2025-04-07,215.34847257630125,217.04093173338433,173.16816931540345
2025-04-08,214.93621503535613,218.38613041934804,171.03190900061125
2025-04-09,220.8625266989972,224.57546467501135,178.44184558374084
2025-04-10,219.94100437093493,221.54295930767745,176.022167252445
2025-04-11,221.0884777586629,222.19725933246454,177.4213497096577
2025-04-14,225.41225107290188,228.68994025187794,180.8001604523228
2025-04-15,229.83713947490548,231.90112574235914,183.73366824572128
2025-04-16,231.54138680252348,233.96366773643578,184.1035204003668
2025-04-17,235.57673433507665,236.5657682352418,186.6034248930318
2025-04-21,233.14370278529952,235.5340756060181,185.0784115220049
2025-04-22,234.89573309008057,236.94213508611926,186.58217451100245
2025-04-23,237.3522663614588,238.37437637005138,189.16445408007337
2025-04-24,239.54604312801047,239.92736394396636,190.9812423594132
2025-04-25,240.35837644135083,241.40891733546715,190.8145820599022
2025-04-28,241.2447992446212,241.07230040149358,190.6999732579462
2025-04-29,245.09599684087297,244.92268637255125,192.4329538508557
2025-04-30,244.70632275127352,245.33159932009508,191.9969628667482
2025-05-02,245.394058954386,247.03516697115222,191.9513581143032
2025-05-05,245.71983913510115,247.45133056893238,191.4867149297066
2025-05-06,244.8451709044196,247.3811267876035,192.6812729217604
2025-05-07,248.45469025380345,251.79430782376238,195.16470239914423
2025-05-08,247.8555152309132,249.42024701492247,194.9034898380196
2025-05-09,249.32957914679383,249.2918816081782,196.580837408313
2025-05-12,251.1493794265189,249.64903878496472,198.8030543245721
2025-05-13,252.76809178737065,250.66785084288543,199.8194911369193
2025-05-14,253.5471733775337,254.46670308602094,202.2281861246944
2025-05-15,251.4461715268337,255.0697027128775,200.82828736246947
2025-05-16,251.3059760236281,253.55097735127404,200.23494804400977
2025-05-19,250.74981877511945,252.66687324926158,200.3767764364304
2025-05-20,253.9544654619073,253.65671208373305,201.00306578545232
2025-05-22,253.23530439946936,252.26817885275327,199.7922715464548
2025-05-23,255.69269636970367,253.08854115138112,200.5556139211492
2025-05-26,256.04387567679765,252.10046206528384,200.3314104523228
2025-05-27,254.6704601181971,250.50813897873596,199.41430126833745
2025-05-28,250.76741339842164,250.14490612620915,196.85303331295844
2025-05-29,247.5151924901181,248.06416138787046,195.6033198349633
2025-05-30,246.2795373744031,245.60214364048718,192.14905829767727
2025-06-02,245.70742584084465,246.10136167935806,192.18296340158923
2025-06-03,247.9938585141836,248.13539758141536,193.69054668398533
2025-06-04,249.3548860071749,250.0278735690996,195.0732541259169
2025-06-05,247.2058073816514,248.37225055359647,194.490898150978
2025-06-06,247.05637613038016,246.1315064736958,195.07468673594133
2025-06-09,245.63398727095475,246.80045913915808,195.1346175886308
2025-06-10,246.72621636172343,249.21677628236506,196.43900901589245
2025-06-11,249.9249375753783,252.1665222955579,198.65788317542788
2025-06-12,247.92437917823992,250.79417375467776,197.44804400978
2025-06-13,246.21306985953376,251.06813887693914,196.0268948655257
2025-06-16,245.28227611683363,249.62060578098652,194.9612717756724
2025-06-17,243.32033875295537,248.785461024135,193.2010715922983
2025-06-18,243.1542258352013,247.32225308140778,193.08526894865528
2025-06-19,241.8912786249316,247.43921137083825,192.86464700489
2025-06-23,241.4571197513554,245.67449975458393,191.7240506570905
2025-06-24,244.8684577355994,247.04579109301602,194.5520228453545
2025-06-25,244.75036723760863,247.9519800541989,194.37748319070903
2025-06-26,245.13201305028247,247.54051547984508,195.23943688875303
2025-06-27,246.1960720018383,247.20827104109242,196.1023456601467
2025-06-30,247.72503455836863,249.16870164394035,196.925857655868
2025-07-01,246.71617127108087,249.33086717929692,196.07249961797064
2025-07-02,246.28683877384933,249.01939486980646,197.42440594437656
2025-07-03,246.8756725102808,249.8020727901188,197.94515968826408
2025-07-04,246.4952829959329,249.27088679710695,197.8264918245721
2025-07-07,246.8212368349471,248.68688292055387,197.14027162286064
2025-07-08,248.9424382216598,251.2693084617609,198.57741824572128
2025-07-09,248.23119248426687,250.57097382841997,198.8818478759169
2025-07-10,247.7520712031855,248.34373744599108,199.2206601466993
2025-07-11,245.72374564591263,245.8181528921572,196.55218520782395
2025-07-14,244.82944396632536,243.79748065040764,196.59540227689487
2025-07-15,243.80890300728265,241.430431116466,194.65517076711487
2025-07-17,242.8567977000626,239.83922296873772,196.0397883557457
2025-07-18,241.52786370457267,239.86289851483176,195.4199457518337
2025-07-21,240.834961242893,239.8291932334394,194.00309443765283
2025-07-22,238.968564792618,238.1405673680022,193.85386422677263
2025-07-23,241.06589696897217,239.08079074679853,194.37414043398533
2025-07-24,240.11979090933,237.34096338871132,194.40088248777505
2025-07-25,242.06492739312696,239.01537197735573,196.31293933374084
2025-07-28,239.26606934372057,234.92266843548825,192.7889574419316
2025-07-29,240.057762800504,236.71238749520845,193.9137950794621
2025-07-30,240.67339160277967,240.13297475642594,193.9145113844744
2025-07-31,243.21022478501,241.84984506313722,195.4579099174817
2025-08-01,244.8433513808667,244.42643335581454,194.8667195140587
2025-08-04,245.77212478720267,245.14052117342703,196.0249847188264
2025-08-05,246.3289485514927,246.10180056548234,195.6747115678484
2025-08-06,247.92438336626185,246.60698765555242,196.91964967909536
2025-08-07,249.48861799925464,248.39705991833978,199.6318192237164
2025-08-08,251.2073921650345,250.51289265024386,203.4432781937653
2025-08-11,253.0487434188276,252.0143885182883,205.1378170843521
2025-08-12,253.35355194258824,251.77219611352206,204.9969437652812
2025-08-13,257.35878303029034,256.2007680446082,208.63243047066013
2025-08-14,259.1456271556335,258.5295715426353,208.66967833129584
2025-08-18,261.89621714356895,260.46384093141586,210.7648704920538
2025-08-19,260.8660339452871,258.6847741886957,208.6080761002445
2025-08-20,259.1055695998148,256.4616287164764,207.3383060819071
2025-08-21,259.28894330828155,255.22994244949206,208.34256570904645
2025-08-22,263.31514242039265,257.9776879029936,211.4116939180929
2025-08-25,266.13761037871745,259.77460510951454,212.10650977995112
2025-08-26,264.3738628528252,257.42752612745994,210.76081143031783
2025-08-27,265.73014248370384,258.58654115808736,212.13301306540345
2025-08-28,268.5370456453405,258.8088643634589,213.00499503361857
2025-08-29,268.08512068328474,258.7089290263509,212.50167137836183
2025-09-01,270.7091892534292,260.8247012216767,213.02911063569684
2025-09-02,273.96219026752254,262.431865970299,214.6885505806846
2025-09-03,276.63247208144696,265.5632744324401,216.3938340464548
2025-09-04,280.1814263910565,270.4492304105215,219.07759015892407
2025-09-05,280.68741609658474,271.2279000829068,219.921875
2025-09-08,277.5578018030849,267.5017265551745,217.0234661522005
2025-09-09,276.6812242919935,267.2669563375918,214.53717145476773
2025-09-10,277.4626954767242,267.4446909051969,214.2633041717604
2025-09-11,284.09629809301407,272.20752692985053,218.5062175275061
2025-09-12,281.006145699632,268.3792571159832,214.64676612163817
2025-09-15,284.1820852581814,272.2561656229512,217.00531975855748
2025-09-16,284.1265910269185,272.38604011808667,216.4680909993888
2025-09-17,281.2234233941026,269.7029616751347,215.0619842603912
2025-09-22,282.9009151918203,273.84554742720695,217.68342183679707
2025-09-23,283.55027288890903,275.3503751497346,218.3966228606357
2025-09-24,284.0015330069621,276.37068937686547,217.6323254125917
2025-09-25,280.68652731360874,275.16726300052727,215.8575603606357
2025-09-26,280.2216629401029,273.4148903526615,215.44186468520783
2025-09-29,279.71349427720224,272.92004818829344,214.80960612775056
2025-09-30,279.34166397919074,272.8676116360185,214.19143490220048
2025-10-01,278.6289816416872,272.08635716413124,213.44385123777508
2025-10-02,277.72551219903454,270.85711102454854,212.49594093826408
2025-10-03,277.22174214366004,271.36825625651056,212.27197623777508
2025-10-06,275.16621371753445,266.4714054506269,210.8916564792176
2025-10-07,275.71552857373825,266.933654869011,210.8319643948655
2025-10-08,276.6727230002976,272.2997547170865,212.7280237622249
2025-10-09,275.60218749088057,269.4215008327425,210.56215617359416
2025-10-10,273.1463791201655,268.0177684672652,207.15063416870416
2025-10-13,275.8669626537683,270.57987722916135,209.98553063875303
2025-10-14,281.41002117774417,277.54201581050336,215.2100206295844
2025-10-15,285.0309435665765,281.5467840123735,217.57955761002447
2025-10-16,285.114561654797,281.98868474013045,217.5692905715159
2025-10-17,286.29139310436653,284.7592377657282,217.99501451711487
2025-10-20,285.95185723942257,285.63698757500464,218.7058278575795
2025-10-21,284.56058886880066,284.7974441836725,217.63113157090464
2025-10-22,281.9014512585855,282.36134409065414,216.0722130959658
2025-10-23,284.2240820361278,284.1051494286895,218.46443306845967
2025-10-24,283.1645954362087,284.6685265182676,219.2946305776284
2025-10-27,286.4643189033015,285.54273010648546,219.84928942542783
2025-10-28,287.65929824342925,285.5344126063912,220.4349881570905
2025-10-29,290.17343897148135,288.309477521138,222.6872898838631
2025-10-30,291.1747027889953,291.45836280971724,225.1320388905868
2025-11-03,293.69139239141,293.9783831669625,227.1111896393643
2025-11-04,290.0177988240915,290.4944428634501,222.6013332823961
2025-11-05,292.42305347913225,293.00444194091847,225.2093998319071
2025-11-06,291.6966294104568,293.83426152756715,225.8650576864304
2025-11-07,295.4175736479094,297.930492426548,229.33842069070903
2025-11-10,297.3966459062207,298.2298571964923,230.65427299816625
2025-11-11,296.5979917739321,301.6833656399743,231.8638733954768
2025-11-12,303.0802260900228,308.2777899035069,236.23405027506115
2025-11-13,298.5511451585372,299.72286554408,231.85312882029345
2025-11-14,294.6510690049568,295.6735923364419,229.28971194987776
2025-11-17,297.0984134581346,303.22650270520165,236.48738348105127
2025-11-18,295.03547499846985,296.89503999408424,234.21669659229832
2025-11-19,296.55307037283507,296.66437695502697,235.7500668551345
2025-11-20,295.7312508167623,295.47964649966485,234.04263447432768
2025-11-21,296.2563426881458,295.7081343995907,234.627616900978
2025-11-24,297.4334982530917,297.3278356257238,234.0641236246944
2025-11-25,302.1826461187265,302.75975241863205,237.59383595660148
2025-11-26,302.6856207898182,303.5578688652171,238.72774679095352
2025-11-27,304.9860812149864,305.7499748631426,240.6338344284841
2025-11-28,305.18886307611444,306.83181182550965,241.83842069070903
2025-12-01,305.2150575185259,306.9911573127711,242.2070790036675
2025-12-02,305.0685714756617,304.98727041198197,242.2660547830073
2025-12-03,309.6427901726291,306.4915041064185,242.9725702933985
2025-12-04,310.60096233825965,307.45510101401004,243.0523189180929
2025-12-05,310.9976981474623,309.13472742173144,244.0835593673594
2025-12-09,308.23851801501763,306.0548231611614,243.0654511766504
2025-12-10,308.32991615575787,305.39411063247405,242.8362335727384
2025-12-11,311.55284276483854,309.71219939470274,247.43228529951105
2025-12-12,313.74978199275967,310.9651361244788,248.3193096729829
2025-12-15,309.9444621634093,309.43062681465364,245.9846328698044
2025-12-16,306.26746858275857,305.5951309675229,243.2674491900978
2025-12-17,300.7099896760308,301.7680908210325,241.9802490831296
2025-12-18,302.85947009112795,302.20343580869064,243.40665113080684
2025-12-19,306.17791157676544,304.89933048342505,246.03310284229832
2025-12-22,310.6155981710107,309.5934542520102,248.06573769865523
2025-12-23,313.0841474133808,312.915273466662,248.4081314944988
2025-12-24,313.0404430404036,312.0608849695167,248.00843329767724
2025-12-26,313.98482909741153,314.74765897399783,250.3044296301956
2025-12-29,315.6152780789928,317.39757490456157,251.22440403422985
2025-12-30,315.684289814314,316.21623915375733,250.2626451711492
2026-01-02,316.03664629121783,315.7179817889243,249.00266465464543
2026-01-05,326.67075169949754,324.7289869498404,255.32859298594133
2026-01-06,334.7389931432629,329.1803322136762,260.9210249847189
2026-01-07,332.96604721332614,326.60292651352984,259.7035452322738
2026-01-08,335.48384458298904,327.8700452976583,260.64142726161367
2026-01-09,338.00404791058554,329.8392903945848,260.9534974786063
2026-01-12,342.7028910771054,331.8536389267792,264.22486246943765
2026-01-13,351.0225818957977,339.7004233753129,268.721347799511
2026-01-14,350.028894630147,340.1932905433931,267.89759703545235
2026-01-15,351.073293121528,335.7090258017435,264.757793398533
2026-01-16,357.1405137588441,342.18745364095577,266.38738730134475
2026-01-19,356.51297820808685,340.89551536672985,266.0691091075795
2026-01-20,353.21175089153013,338.9360500028543,266.4499446057457
2026-01-21,355.9970429815285,347.0100381413701,268.73065976466995
2026-01-22,358.94130577685223,356.4936089267838,274.76743963936434
2026-01-23,359.3556685602775,354.39460265201376,274.585975702934
2026-01-26,361.9392361422233,360.77046564535954,275.6886078850856
2026-01-27,363.4783762549062,365.48306293983336,277.5968444376528
2026-01-28,361.9762527100725,366.027450066667,277.62979446821515
2026-01-29,361.4165844027823,361.62808562956667,275.1434997707824
2026-01-30,359.1120863439326,357.91191762915895,272.67511269865525
2026-02-02,365.8210370857293,361.9301528106779,274.1707575641809
2026-02-03,367.0283759624055,366.13063870727865,277.19571363080684
2026-02-04,362.3971546183095,359.79647960387354,272.8138371026895
2026-02-05,356.4413212728883,357.80643761111594,268.65306005501225
2026-02-06,355.14407501157564,352.4920925061196,267.67793016503674
2026-02-09,357.25524712013754,355.0725803626024,268.62775061124694
2026-02-10,348.3891023728825,348.33095243793156,262.8667481662592
2026-02-11,351.9235081051635,350.0398429655922,267.84602307457214
2026-02-12,346.1609214541589,341.79169200328846,262.0444300122249
2026-02-13,342.57293295493025,339.99123802334464,260.20352613080684
2026-02-16,343.17420646199366,340.45138417246335,260.53398150978
2026-02-17,343.01007740958323,342.840978458299,260.0726810819071
2026-02-18,341.38583886295726,343.45265371508367,259.40938264058684
2026-02-19,339.49717988414625,340.42817875205327,258.0882774297066
2026-02-20,342.41125420047183,344.3037633197852,259.184940403423
2026-02-23,346.2397446205281,346.8034526050286,260.81262415953546
2026-02-24,348.3388222536392,347.9776726695836,262.4484260391198
2026-02-25,350.4277006361062,351.86756442386115,265.8274755501223
2026-02-26,348.53734136838057,350.6246226553004,263.8316110177262
2026-02-27,343.2937863834907,350.0489189432899,259.72598945599026
2026-03-02,331.3763519247948,340.14196212125853,251.8834046454768
2026-03-03,321.2346694428506,329.63776605297693,244.7127139364304
2026-03-04,327.6437766223554,341.22391954843835,250.58665380501225
2026-03-05,319.61172912907034,333.79584120836006,245.88196248471883
2026-03-06,319.77798459705093,336.2156979200382,246.26637950794623
2026-03-09,322.9346941281122,338.541761348293,249.0029034229829
2026-03-10,328.2410255004993,346.2261551677113,253.2023609413203
2026-03-11,324.5561520508056,342.5988193922093,250.8311525825184
2026-03-12,322.19873883949384,337.68593746661804,248.3104752444988
2026-03-13,325.1219067202326,340.5305462153309,249.9073578850856
2026-03-16,327.06971147551343,343.4527949714443,252.72745071821515
2026-03-17,328.5793609653463,344.8393689034567,253.59322470965768
2026-03-18,331.2145166190923,345.1767152451515,253.5645725091688
2026-03-19,328.2385786720059,341.002196273087,250.0728243429096
2026-03-20,323.64636490993826,337.75228238207677,245.39439753973107
2026-03-23,320.1042297702208,335.83488165157166,245.9552643643032
2026-03-24,318.9914533216299,332.12966773994816,243.6907854523228
2026-03-25,321.38866130792445,339.0073360130049,248.5566454003668
2026-03-26,322.724021609942,338.8632929887144,248.24815670843523
2026-03-27,322.14777683246905,337.96541521933193,248.7295136766504
2026-03-30,321.7852736828802,336.43837506684594,248.7502865220049
2026-03-31,325.83471331259284,342.87872887499424,254.05142114914423
2026-04-01,333.504418165299,352.64998839869963,259.2138313722494
2026-04-02,331.3261447704977,346.4163821343714,256.4168990678484
2026-04-06,331.8211367638842,346.73678273354994,255.3761078850856
2026-04-07,328.5950364779981,343.28326421249034,251.1460880195599
2026-04-08,336.6119214073715,353.8996344372998,259.2642114914425
2026-04-09,339.7490785914747,357.8013725864078,261.6502234871638
2026-04-10,345.8937008841408,362.52607188906165,264.475330455379
2026-04-13,346.1045128565732,364.702942555874,265.8169697432764
2026-04-14,354.1472273679121,376.55066835500355,270.6682648227384
2026-04-15,355.6126580526736,377.61426788845165,270.139392955379
2026-04-16,355.7817994148588,380.7341978026124,274.0370472952323
2026-04-17,360.06471039761834,383.1665711179062,272.89286942237163
2026-04-20,357.6551463758224,380.0329358889172,270.84805738080684
2026-04-21,352.13893827313217,373.93106412417757,265.7123892114914
2026-04-22,346.9406262676892,369.01118287340114,262.6960288050122
2026-04-23,348.7439477402042,369.2840230674921,262.4563053942543
2026-04-24,353.53134386350365,375.0429511666548,266.7880405715159
2026-04-27,349.3975060889165,374.28173257573803,265.74987584046454
2026-04-28,346.4411124012777,366.23962024234794,260.3876165189487
2026-04-29,343.9828856339998,363.1650795876883,259.25442198960883
2026-04-30,345.84345855850773,364.0382852929414,260.45566549511
2026-05-04,341.68882243409524,356.84701886659593,255.8961453239609
2026-05-05,341.3488639806754,353.5209635771864,255.27367626833745
2026-05-06,347.6726309580857,358.3965923270291,261.14546722188265
2026-05-07,348.7537937771812,355.3922668399123,259.5717451100245
2026-05-08,345.390181993647,351.91179105437817,256.88846653422985
2026-05-11,342.88007771508046,349.1513297874963,255.53297868276283
2026-05-12,339.5226271345648,349.1552260629759,254.065269712714
2026-05-13,335.7838985806839,342.18350611385597,248.2355019865525
2026-05-14,337.1779077136015,341.4459382090324,250.28341801650367
2026-05-15,336.7793006945325,341.3123076516458,248.82884130501225
2026-05-18,337.0050640535124,344.2863451669269,249.93744269559903
2026-05-19,336.2257872612473,339.6735242439188,247.14576329462105
2026-05-20,342.6348858535893,344.74017643679076,253.0870358343521
2026-05-22,340.27270037578074,344.9925757599507,252.2320064180929
2026-05-25,343.57915760878325,350.62244894916773,258.4793799663815
2026-05-26,342.86209220835536,351.32740957014533,256.6048097493888
2026-05-27,344.34289947987315,358.18945747506905,258.77807915647924
2026-05-28,345.42212058480203,358.5960432541294,260.1899163355746
2026-05-29,345.7879528648737,361.13517517654316,257.58781899449883
2026-06-01,342.5646813929168,355.46547122667675,253.7250248319071
2026-06-02,340.2625092271477,350.49940950939583,249.97087026283623
2026-06-03,340.2258397465018,346.99030654042724,247.3625649449878
2026-06-04,339.9592396478322,343.10365827238456,246.0278499388753
2026-06-05,339.1728642720067,342.91975354192124,245.28886193459653
2026-06-08,336.8865555593681,337.72232542024244,242.67816893337408
2026-06-09,342.724356997253,350.18557123420885,250.73110864914423
2026-06-10,341.2177241520823,348.7378047556263,249.59528766809296
2026-06-11,346.7936328609597,356.6520467510821,256.45390816014674
2026-06-12,349.48739147417444,360.6551940019922,260.8061774144254
2026-06-15,348.58521362174355,357.7433639971885,259.7555967298288
2026-06-16,348.37719202394896,360.4815268441261,260.3432056081907
2026-06-17,346.6638670134631,356.6232490582607,258.144626757335
2026-06-18,348.0856596881892,355.38345148460854,258.7530084810513
2026-06-19,348.3486120987588,358.5551576214898,259.9812328086797
2026-06-22,350.2397935966661,360.3788521730844,260.2699037286064
2026-06-23,349.02102423686915,357.0031087659098,257.14179974022005
2026-06-24,348.84885192498984,354.60899625001593,254.8871103300733
2026-06-25,348.60618952165714,353.6404846017733,255.63135123777508
2026-06-26,350.6083585756591,353.8268315766285,256.9858840158924
2026-06-30,352.4272793620049,359.03573945960954,258.82010238386306
2026-07-01,352.6870994874355,359.740519076344,258.155132564181
2026-07-02,352.57552746690897,360.01657621766367,257.73275137530567
2026-07-03,354.0526357805979,361.0830343420614,258.3745606662592
2026-07-06,354.3861645658341,362.3148715269505,259.7558354981663
2026-07-07,355.8851325139726,367.514217365072,263.2471061277506
2026-07-08,352.4224403683439,365.89219250087325,261.38017649755506
2026-07-09,355.7919708497147,366.7040917502361,263.2490162744499
2026-07-10,355.92032521096223,366.64097068957017,264.00304668398536
2026-07-13,353.8132699543968,364.3705289613223,260.91911483801954
2026-07-14,356.2058450016272,367.8766354104531,263.2206028422983
2026-07-15,355.4021945752444,366.2435065643637,261.3887721577017
