ticker,action,previous_weight,target_weight,change
ABT,SALE,0.1666666666666666,0.0,-0.1666666666666666
BAC,SALE,0.1666666666666666,0.0,-0.1666666666666666
CVX,ENTRA,0.0,0.1666666666666666,0.1666666666666666
FCX,ENTRA,0.0,0.1666666666666666,0.1666666666666666
INTC,MANTIENE,0.1666666666666666,0.1666666666666666,0.0
JNJ,SALE,0.1666666666666666,0.0,-0.1666666666666666
MRK,MANTIENE,0.1666666666666666,0.1666666666666666,0.0
MSFT,ENTRA,0.0,0.1666666666666666,0.1666666666666666
TGT,MANTIENE,0.1666666666666666,0.1666666666666666,0.0
