alphadata_ticker,yahoo_ticker,date,close,adjusted_close,volume
BSANTANDER,BSANTANDER.SN,2021-01-08,39.779998779296875,29.205780029296875,164774066.0
CENCOSUD,CENCOSUD.SN,2021-01-08,1410.0,980.703125,4593531.0
FALABELLA,FALABELLA.SN,2021-01-08,2900.0,2644.062744140625,1618411.0
SQM-B,SQM-B.SN,2021-01-08,39983.84765625,37723.54296875,178089.0
BSANTANDER,BSANTANDER.SN,2021-01-15,39.43000030517578,28.948816299438477,134728574.0
CENCOSUD,CENCOSUD.SN,2021-01-15,1440.0,1001.5692138671875,3276052.0
FALABELLA,FALABELLA.SN,2021-01-15,2719.89990234375,2479.857421875,2051395.0
SQM-B,SQM-B.SN,2021-01-15,40820.94921875,38513.3203125,230758.0
BSANTANDER,BSANTANDER.SN,2021-01-22,38.0,27.898935317993164,94399004.0
CENCOSUD,CENCOSUD.SN,2021-01-22,1383.699951171875,962.4105834960938,4059786.0
FALABELLA,FALABELLA.SN,2021-01-22,2663.39990234375,2428.343994140625,864421.0
SQM-B,SQM-B.SN,2021-01-22,40269.44921875,37992.9921875,112337.0
BSANTANDER,BSANTANDER.SN,2021-01-29,37.20000076293945,27.311588287353516,306539079.0
CENCOSUD,CENCOSUD.SN,2021-01-29,1275.199951171875,886.9450073242188,7607448.0
FALABELLA,FALABELLA.SN,2021-01-29,2515.5,2293.49658203125,2937496.0
SQM-B,SQM-B.SN,2021-01-29,36586.20703125,34517.9765625,370631.0
BSANTANDER,BSANTANDER.SN,2021-02-05,38.4900016784668,28.258686065673828,78676043.0
CENCOSUD,CENCOSUD.SN,2021-02-05,1305.0999755859375,907.7415161132812,2079148.0
FALABELLA,FALABELLA.SN,2021-02-05,2690.0,2452.59619140625,1221751.0
SQM-B,SQM-B.SN,2021-02-05,37915.71875,35772.32421875,170591.0
BSANTANDER,BSANTANDER.SN,2021-02-12,40.70000076293945,29.881227493286133,38804357.0
CENCOSUD,CENCOSUD.SN,2021-02-12,1390.0,966.7924194335938,1449905.0
FALABELLA,FALABELLA.SN,2021-02-12,2790.0,2543.7705078125,1523364.0
SQM-B,SQM-B.SN,2021-02-12,40377.77734375,38095.19921875,107046.0
BSANTANDER,BSANTANDER.SN,2021-02-19,42.880001068115234,31.481746673583984,76881971.0
CENCOSUD,CENCOSUD.SN,2021-02-19,1400.0,973.747802734375,2020240.0
FALABELLA,FALABELLA.SN,2021-02-19,2838.10009765625,2587.6259765625,629245.0
SQM-B,SQM-B.SN,2021-02-19,39230.45703125,37012.73828125,115769.0
BSANTANDER,BSANTANDER.SN,2021-02-26,41.400001525878906,30.39515495300293,188562949.0
CENCOSUD,CENCOSUD.SN,2021-02-26,1417.5,985.9197387695312,4302345.0
FALABELLA,FALABELLA.SN,2021-02-26,2999.0,2734.325927734375,3126708.0
SQM-B,SQM-B.SN,2021-02-26,38211.1640625,36051.0625,257860.0
BSANTANDER,BSANTANDER.SN,2021-03-05,44.400001525878906,32.59770584106445,102746497.0
CENCOSUD,CENCOSUD.SN,2021-03-05,1460.0,1015.4797973632812,3079383.0
FALABELLA,FALABELLA.SN,2021-03-05,3220.0,2935.8212890625,1711134.0
SQM-B,SQM-B.SN,2021-03-05,36783.171875,34703.80078125,204550.0
BSANTANDER,BSANTANDER.SN,2021-03-12,46.2400016784668,33.94860076904297,72929690.0
CENCOSUD,CENCOSUD.SN,2021-03-12,1464.0,1018.2620239257812,1888479.0
FALABELLA,FALABELLA.SN,2021-03-12,3229.0,2944.02734375,1607786.0
SQM-B,SQM-B.SN,2021-03-12,40268.46484375,37992.06640625,227355.0
BSANTANDER,BSANTANDER.SN,2021-03-19,45.22999954223633,33.20707321166992,205485134.0
CENCOSUD,CENCOSUD.SN,2021-03-19,1455.300048828125,1012.2107543945312,6428497.0
FALABELLA,FALABELLA.SN,2021-03-19,3060.0,2789.9423828125,5448639.0
SQM-B,SQM-B.SN,2021-03-19,38851.30078125,36655.01171875,395859.0
BSANTANDER,BSANTANDER.SN,2021-03-26,44.650001525878906,32.781246185302734,75934922.0
CENCOSUD,CENCOSUD.SN,2021-03-26,1550.0,1078.078125,3570717.0
FALABELLA,FALABELLA.SN,2021-03-26,3200.0,2917.58642578125,2702255.0
SQM-B,SQM-B.SN,2021-03-26,37860.0,35719.75390625,126056.0
BSANTANDER,BSANTANDER.SN,2021-04-01,44.650001525878906,32.781246185302734,141599563.0
CENCOSUD,CENCOSUD.SN,2021-04-01,1496.9000244140625,1041.1451416015625,3740485.0
FALABELLA,FALABELLA.SN,2021-04-01,3250.0,2963.173828125,2904974.0
SQM-B,SQM-B.SN,2021-04-01,39200.0,36984.0078125,339425.0
BSANTANDER,BSANTANDER.SN,2021-04-09,44.33000183105469,32.54631423950195,99812209.0
CENCOSUD,CENCOSUD.SN,2021-04-09,1599.9000244140625,1112.7850341796875,1811031.0
FALABELLA,FALABELLA.SN,2021-04-09,3440.0,3136.405517578125,910665.0
SQM-B,SQM-B.SN,2021-04-09,38199.0,36039.5859375,238020.0
BSANTANDER,BSANTANDER.SN,2021-04-16,45.20000076293945,33.1850471496582,89517350.0
CENCOSUD,CENCOSUD.SN,2021-04-16,1681.0999755859375,1169.262451171875,49627225.0
FALABELLA,FALABELLA.SN,2021-04-16,3450.0,3145.523193359375,1708855.0
SQM-B,SQM-B.SN,2021-04-16,38750.0,36559.4375,239555.0
BSANTANDER,BSANTANDER.SN,2021-04-23,43.33000183105469,31.81212615966797,157212298.0
CENCOSUD,CENCOSUD.SN,2021-04-23,1628.0,1132.3294677734375,4346633.0
FALABELLA,FALABELLA.SN,2021-04-23,3400.0,3099.935546875,2142762.0
SQM-B,SQM-B.SN,2021-04-23,38101.0,35947.12890625,508591.0
BSANTANDER,BSANTANDER.SN,2021-04-30,39.0,29.764854431152344,155785801.0
CENCOSUD,CENCOSUD.SN,2021-04-30,1475.5,1045.39208984375,2725120.0
FALABELLA,FALABELLA.SN,2021-04-30,3210.0,2926.703857421875,2126566.0
SQM-B,SQM-B.SN,2021-04-30,37449.0,35331.9921875,359560.0
BSANTANDER,BSANTANDER.SN,2021-05-07,41.0,31.291250228881836,68238438.0
CENCOSUD,CENCOSUD.SN,2021-05-07,1481.0,1049.28857421875,2219290.0
FALABELLA,FALABELLA.SN,2021-05-07,3340.0,3045.23095703125,1320330.0
SQM-B,SQM-B.SN,2021-05-07,38107.0,35952.8046875,208342.0
BSANTANDER,BSANTANDER.SN,2021-05-14,40.599998474121094,30.98596954345703,70885894.0
CENCOSUD,CENCOSUD.SN,2021-05-14,1526.5999755859375,1081.5963134765625,1829825.0
FALABELLA,FALABELLA.SN,2021-05-14,3400.0,3104.58349609375,2163731.0
SQM-B,SQM-B.SN,2021-05-14,36690.0,34615.91015625,213521.0
BSANTANDER,BSANTANDER.SN,2021-05-20,36.0,27.475248336791992,135672625.0
CENCOSUD,CENCOSUD.SN,2021-05-20,1275.699951171875,903.8335571289062,2485931.0
FALABELLA,FALABELLA.SN,2021-05-20,2911.0,2658.0712890625,2022845.0
SQM-B,SQM-B.SN,2021-05-20,30500.0,28775.833984375,251799.0
BSANTANDER,BSANTANDER.SN,2021-05-28,38.93000030517578,29.71142578125,293758160.0
CENCOSUD,CENCOSUD.SN,2021-05-28,1410.0,998.985107421875,8243454.0
FALABELLA,FALABELLA.SN,2021-05-28,3169.0,2893.654541015625,5300025.0
SQM-B,SQM-B.SN,2021-05-28,31500.0,29719.3046875,483116.0
BSANTANDER,BSANTANDER.SN,2021-06-04,38.380001068115234,29.291669845581055,118865447.0
CENCOSUD,CENCOSUD.SN,2021-06-04,1425.0,1009.6126098632812,3909299.0
FALABELLA,FALABELLA.SN,2021-06-04,3187.0,2910.090576171875,2671208.0
SQM-B,SQM-B.SN,2021-06-04,33050.0,31181.6796875,92124.0
BSANTANDER,BSANTANDER.SN,2021-06-11,38.79999923706055,29.612213134765625,95178915.0
CENCOSUD,CENCOSUD.SN,2021-06-11,1448.0,1025.9083251953125,2860509.0
FALABELLA,FALABELLA.SN,2021-06-11,3130.0,2858.043212890625,2036445.0
SQM-B,SQM-B.SN,2021-06-11,34587.0,32632.025390625,238362.0
BSANTANDER,BSANTANDER.SN,2021-06-18,38.31999969482422,29.24587059020996,237517325.0
CENCOSUD,CENCOSUD.SN,2021-06-18,1474.0,1044.3292236328125,5118810.0
FALABELLA,FALABELLA.SN,2021-06-18,3249.0,2966.70361328125,3640436.0
SQM-B,SQM-B.SN,2021-06-18,32012.0,30202.57421875,1898603.0
BSANTANDER,BSANTANDER.SN,2021-06-25,37.380001068115234,28.528465270996094,69088007.0
CENCOSUD,CENCOSUD.SN,2021-06-25,1462.0,1035.8272705078125,2569191.0
FALABELLA,FALABELLA.SN,2021-06-25,3197.0,2919.2216796875,2322903.0
SQM-B,SQM-B.SN,2021-06-25,34606.0,32649.951171875,118918.0
BSANTANDER,BSANTANDER.SN,2021-07-02,35.470001220703125,27.070749282836914,85360331.0
CENCOSUD,CENCOSUD.SN,2021-07-02,1430.0,1013.1553344726562,1859321.0
FALABELLA,FALABELLA.SN,2021-07-02,3125.0,2853.477294921875,1240637.0
SQM-B,SQM-B.SN,2021-07-02,35250.0,33257.55078125,174122.0
BSANTANDER,BSANTANDER.SN,2021-07-09,35.33000183105469,26.963905334472656,69678774.0
CENCOSUD,CENCOSUD.SN,2021-07-09,1386.800048828125,982.548095703125,1803634.0
FALABELLA,FALABELLA.SN,2021-07-09,3150.0,2876.30517578125,1358704.0
SQM-B,SQM-B.SN,2021-07-09,35950.0,33917.98828125,147994.0
BSANTANDER,BSANTANDER.SN,2021-07-15,33.599998474121094,25.64356231689453,33368739.0
CENCOSUD,CENCOSUD.SN,2021-07-15,1380.0,977.7301635742188,960133.0
FALABELLA,FALABELLA.SN,2021-07-15,3065.0,2798.690673828125,1369137.0
SQM-B,SQM-B.SN,2021-07-15,37350.0,35238.859375,79123.0
BSANTANDER,BSANTANDER.SN,2021-07-23,35.45000076293945,27.055484771728516,53829096.0
CENCOSUD,CENCOSUD.SN,2021-07-23,1405.0,995.4427490234375,1635858.0
FALABELLA,FALABELLA.SN,2021-07-23,2910.0,2657.158203125,1652244.0
SQM-B,SQM-B.SN,2021-07-23,36048.0,34010.4453125,176011.0
BSANTANDER,BSANTANDER.SN,2021-07-30,37.45000076293945,28.581890106201172,89642491.0
CENCOSUD,CENCOSUD.SN,2021-07-30,1376.4000244140625,975.1796875,2550656.0
FALABELLA,FALABELLA.SN,2021-07-30,2950.0,2693.6826171875,2199794.0
SQM-B,SQM-B.SN,2021-07-30,36250.0,34201.03515625,244932.0
BSANTANDER,BSANTANDER.SN,2021-08-06,38.0,29.001649856567383,93117429.0
CENCOSUD,CENCOSUD.SN,2021-08-06,1350.0,956.4752197265625,1218765.0
FALABELLA,FALABELLA.SN,2021-08-06,3040.0,2775.862548828125,2442579.0
SQM-B,SQM-B.SN,2021-08-06,39489.0,37256.94921875,124123.0
BSANTANDER,BSANTANDER.SN,2021-08-13,38.900001525878906,29.688533782958984,151307481.0
CENCOSUD,CENCOSUD.SN,2021-08-13,1487.0,1053.539794921875,4743441.0
FALABELLA,FALABELLA.SN,2021-08-13,3170.0,2894.56787109375,2060677.0
SQM-B,SQM-B.SN,2021-08-13,42001.0,39626.96484375,316717.0
BSANTANDER,BSANTANDER.SN,2021-08-20,39.720001220703125,30.314355850219727,147150614.0
CENCOSUD,CENCOSUD.SN,2021-08-20,1429.0,1012.4468383789062,3272809.0
FALABELLA,FALABELLA.SN,2021-08-20,3090.0,2821.5185546875,1365400.0
SQM-B,SQM-B.SN,2021-08-20,38949.0,36747.46875,160254.0
BSANTANDER,BSANTANDER.SN,2021-08-27,40.400001525878906,30.83333396911621,65514034.0
CENCOSUD,CENCOSUD.SN,2021-08-27,1478.0,1047.163330078125,1863896.0
FALABELLA,FALABELLA.SN,2021-08-27,3068.0,2801.43017578125,1626937.0
SQM-B,SQM-B.SN,2021-08-27,40240.0,37965.50390625,122050.0
BSANTANDER,BSANTANDER.SN,2021-09-03,39.29999923706055,29.993810653686523,301363452.0
CENCOSUD,CENCOSUD.SN,2021-09-03,1460.0,1034.410400390625,3262611.0
FALABELLA,FALABELLA.SN,2021-09-03,2994.89990234375,2734.681396484375,2725937.0
SQM-B,SQM-B.SN,2021-09-03,41790.0,39427.890625,247081.0
BSANTANDER,BSANTANDER.SN,2021-09-10,39.95000076293945,30.489891052246094,104275298.0
CENCOSUD,CENCOSUD.SN,2021-09-10,1440.0,1020.2401733398438,1452256.0
FALABELLA,FALABELLA.SN,2021-09-10,2889.0,2637.982666015625,1010093.0
SQM-B,SQM-B.SN,2021-09-10,44301.0,41797.2734375,189437.0
BSANTANDER,BSANTANDER.SN,2021-09-16,40.900001525878906,31.214935302734375,126301235.0
CENCOSUD,CENCOSUD.SN,2021-09-16,1426.800048828125,1010.8880615234375,4403252.0
FALABELLA,FALABELLA.SN,2021-09-16,2874.0,2624.2861328125,1868419.0
SQM-B,SQM-B.SN,2021-09-16,44230.0,41730.28125,1850813.0
BSANTANDER,BSANTANDER.SN,2021-09-24,39.720001220703125,30.314355850219727,43867520.0
CENCOSUD,CENCOSUD.SN,2021-09-24,1420.0,1006.0701293945312,2157308.0
FALABELLA,FALABELLA.SN,2021-09-24,2795.0,2579.790771484375,2048299.0
SQM-B,SQM-B.SN,2021-09-24,44180.0,41683.109375,320116.0
BSANTANDER,BSANTANDER.SN,2021-10-01,39.900001525878906,30.451732635498047,88200460.0
CENCOSUD,CENCOSUD.SN,2021-10-01,1518.0,1075.503173828125,2799860.0
FALABELLA,FALABELLA.SN,2021-10-01,2837.800048828125,2619.29541015625,2255865.0
SQM-B,SQM-B.SN,2021-10-01,43298.0,40850.9609375,290902.0
BSANTANDER,BSANTANDER.SN,2021-10-08,39.689998626708984,30.291458129882812,61466768.0
CENCOSUD,CENCOSUD.SN,2021-10-08,1490.0,1055.665283203125,1590665.0
FALABELLA,FALABELLA.SN,2021-10-08,2532.0,2337.04150390625,1299380.0
SQM-B,SQM-B.SN,2021-10-08,42401.0,40004.65234375,164264.0
BSANTANDER,BSANTANDER.SN,2021-10-15,35.20000076293945,26.864686965942383,101783314.0
CENCOSUD,CENCOSUD.SN,2021-10-15,1200.0,999.1206665039062,2195024.0
FALABELLA,FALABELLA.SN,2021-10-15,2370.0,2187.51513671875,1985685.0
SQM-B,SQM-B.SN,2021-10-15,44350.0,41843.51171875,181409.0
BSANTANDER,BSANTANDER.SN,2021-10-22,36.900001525878906,28.16213035583496,66756635.0
CENCOSUD,CENCOSUD.SN,2021-10-22,1187.0,988.2966918945312,6981512.0
FALABELLA,FALABELLA.SN,2021-10-22,2360.0,2178.28515625,2851326.0
SQM-B,SQM-B.SN,2021-10-22,42577.0,40170.71875,152461.0
BSANTANDER,BSANTANDER.SN,2021-10-29,35.599998474121094,27.169965744018555,85585270.0
CENCOSUD,CENCOSUD.SN,2021-10-29,1190.0,990.7946166992188,5610792.0
FALABELLA,FALABELLA.SN,2021-10-29,2249.60009765625,2076.385498046875,2950425.0
SQM-B,SQM-B.SN,2021-10-29,44180.0,41683.109375,274278.0
BSANTANDER,BSANTANDER.SN,2021-11-05,38.0,29.001649856567383,120754982.0
CENCOSUD,CENCOSUD.SN,2021-11-05,1240.0999755859375,1032.5079345703125,3974683.0
FALABELLA,FALABELLA.SN,2021-11-05,2461.0,2271.50830078125,3194751.0
SQM-B,SQM-B.SN,2021-11-05,52100.0,49155.50390625,308660.0
BSANTANDER,BSANTANDER.SN,2021-11-12,39.45000076293945,30.108291625976562,113057044.0
CENCOSUD,CENCOSUD.SN,2021-11-12,1262.0,1050.7418212890625,6744974.0
FALABELLA,FALABELLA.SN,2021-11-12,2900.0,2676.706298828125,1676835.0
SQM-B,SQM-B.SN,2021-11-12,52965.0,49971.62109375,256633.0
BSANTANDER,BSANTANDER.SN,2021-11-19,37.59000015258789,28.68873405456543,332539639.0
CENCOSUD,CENCOSUD.SN,2021-11-19,1170.0,974.142578125,13427516.0
FALABELLA,FALABELLA.SN,2021-11-19,2770.0,2556.7158203125,3324192.0
SQM-B,SQM-B.SN,2021-11-19,52700.0,49721.59375,398658.0
BSANTANDER,BSANTANDER.SN,2021-11-26,39.0,29.764854431152344,136814462.0
CENCOSUD,CENCOSUD.SN,2021-11-26,1300.0,1082.380615234375,6767859.0
FALABELLA,FALABELLA.SN,2021-11-26,2830.0,2612.095703125,6958834.0
SQM-B,SQM-B.SN,2021-11-26,52866.0,49878.21875,268819.0
BSANTANDER,BSANTANDER.SN,2021-12-03,36.20000076293945,27.62788963317871,335197434.0
CENCOSUD,CENCOSUD.SN,2021-12-03,1330.0,1107.3585205078125,12550258.0
FALABELLA,FALABELLA.SN,2021-12-03,2800.0,2584.406005859375,4761799.0
SQM-B,SQM-B.SN,2021-12-03,49000.0,46230.703125,643013.0
BSANTANDER,BSANTANDER.SN,2021-12-10,37.959999084472656,28.971120834350586,45625429.0
CENCOSUD,CENCOSUD.SN,2021-12-10,1330.0,1107.3585205078125,1796606.0
FALABELLA,FALABELLA.SN,2021-12-10,2664.0,2458.877685546875,1476971.0
SQM-B,SQM-B.SN,2021-12-10,48801.0,46042.9453125,178000.0
BSANTANDER,BSANTANDER.SN,2021-12-17,36.2400016784668,27.658414840698242,178289506.0
CENCOSUD,CENCOSUD.SN,2021-12-17,1340.0,1115.6845703125,5666075.0
FALABELLA,FALABELLA.SN,2021-12-17,2701.0,2493.028564453125,13616163.0
SQM-B,SQM-B.SN,2021-12-17,47990.0,45277.7890625,817967.0
BSANTANDER,BSANTANDER.SN,2021-12-24,35.400001525878906,27.01732635498047,135186303.0
CENCOSUD,CENCOSUD.SN,2021-12-24,1359.9000244140625,1132.2532958984375,3603998.0
FALABELLA,FALABELLA.SN,2021-12-24,2603.0,2402.57421875,2586619.0
SQM-B,SQM-B.SN,2021-12-24,43800.0,41325.90625,346228.0
BSANTANDER,BSANTANDER.SN,2021-12-30,34.25,26.139644622802734,54624033.0
CENCOSUD,CENCOSUD.SN,2021-12-30,1425.0,1186.45556640625,2664567.0
FALABELLA,FALABELLA.SN,2021-12-30,2779.0,2565.023193359375,2732418.0
SQM-B,SQM-B.SN,2021-12-30,43489.0,41032.4765625,146056.0
BSANTANDER,BSANTANDER.SN,2022-01-07,37.0,28.238449096679688,36829899.0
CENCOSUD,CENCOSUD.SN,2022-01-07,1345.0,1119.84765625,1314960.0
FALABELLA,FALABELLA.SN,2022-01-07,2500.0,2307.505126953125,1581046.0
SQM-B,SQM-B.SN,2022-01-07,41440.0,39099.2109375,188740.0
BSANTANDER,BSANTANDER.SN,2022-01-14,38.900001525878906,29.688533782958984,78849667.0
CENCOSUD,CENCOSUD.SN,2022-01-14,1396.0,1162.310302734375,2918182.0
FALABELLA,FALABELLA.SN,2022-01-14,2650.0,2445.95556640625,2215038.0
SQM-B,SQM-B.SN,2022-01-14,45699.0,43117.63671875,179639.0
BSANTANDER,BSANTANDER.SN,2022-01-21,40.5,30.90965461730957,58282451.0
CENCOSUD,CENCOSUD.SN,2022-01-21,1475.0,1228.085693359375,2285169.0
FALABELLA,FALABELLA.SN,2022-01-21,2785.0,2570.560791015625,1350819.0
SQM-B,SQM-B.SN,2022-01-21,43999.0,41513.66796875,131204.0
BSANTANDER,BSANTANDER.SN,2022-01-28,40.04999923706055,30.566211700439453,81763649.0
CENCOSUD,CENCOSUD.SN,2022-01-28,1506.0,1253.8963623046875,2270192.0
FALABELLA,FALABELLA.SN,2022-01-28,2800.0,2584.406005859375,1568244.0
SQM-B,SQM-B.SN,2022-01-28,41000.0,38684.07421875,187258.0
BSANTANDER,BSANTANDER.SN,2022-02-04,39.470001220703125,30.123559951782227,103204261.0
CENCOSUD,CENCOSUD.SN,2022-02-04,1455.0,1211.433837890625,2213672.0
FALABELLA,FALABELLA.SN,2022-02-04,2700.0,2492.105712890625,1883150.0
SQM-B,SQM-B.SN,2022-02-04,43415.0,40962.65234375,145647.0
BSANTANDER,BSANTANDER.SN,2022-02-11,40.18000030517578,30.66542625427246,52058811.0
CENCOSUD,CENCOSUD.SN,2022-02-11,1450.0,1207.2706298828125,2070929.0
FALABELLA,FALABELLA.SN,2022-02-11,2640.0,2436.7255859375,1219932.0
SQM-B,SQM-B.SN,2022-02-11,52120.0,49175.94140625,285064.0
BSANTANDER,BSANTANDER.SN,2022-02-18,38.79999923706055,29.612213134765625,56801261.0
CENCOSUD,CENCOSUD.SN,2022-02-18,1456.0,1212.266357421875,1789591.0
FALABELLA,FALABELLA.SN,2022-02-18,2619.0,2417.3427734375,1109581.0
SQM-B,SQM-B.SN,2022-02-18,49350.0,46562.41015625,204164.0
BSANTANDER,BSANTANDER.SN,2022-02-25,38.5,29.383249282836914,90436075.0
CENCOSUD,CENCOSUD.SN,2022-02-25,1453.0,1209.7685546875,2175747.0
FALABELLA,FALABELLA.SN,2022-02-25,2587.39990234375,2388.17578125,1534234.0
SQM-B,SQM-B.SN,2022-02-25,49960.0,47137.95703125,273399.0
BSANTANDER,BSANTANDER.SN,2022-03-04,40.560001373291016,30.9554443359375,167834073.0
CENCOSUD,CENCOSUD.SN,2022-03-04,1458.0,1213.9315185546875,6407093.0
FALABELLA,FALABELLA.SN,2022-03-04,2465.0,2275.2001953125,3270091.0
SQM-B,SQM-B.SN,2022-03-04,61498.0,58024.21875,514874.0
BSANTANDER,BSANTANDER.SN,2022-03-11,41.29999923706055,31.52021598815918,62389210.0
CENCOSUD,CENCOSUD.SN,2022-03-11,1468.0,1222.257568359375,2200386.0
FALABELLA,FALABELLA.SN,2022-03-11,2443.89990234375,2255.724853515625,2177159.0
SQM-B,SQM-B.SN,2022-03-11,61000.0,57554.34765625,212680.0
BSANTANDER,BSANTANDER.SN,2022-03-18,44.70000076293945,34.1151008605957,509305835.0
CENCOSUD,CENCOSUD.SN,2022-03-18,1560.0,1298.8568115234375,15379373.0
FALABELLA,FALABELLA.SN,2022-03-18,2520.0,2325.96533203125,7098950.0
SQM-B,SQM-B.SN,2022-03-18,61400.0,57931.7578125,1047057.0
BSANTANDER,BSANTANDER.SN,2022-03-25,43.900001525878906,33.504539489746094,82738879.0
CENCOSUD,CENCOSUD.SN,2022-03-25,1548.0,1288.86572265625,3729411.0
FALABELLA,FALABELLA.SN,2022-03-25,2549.0,2352.732666015625,1771046.0
SQM-B,SQM-B.SN,2022-03-25,65529.0,61827.51953125,301818.0
BSANTANDER,BSANTANDER.SN,2022-04-01,44.650001525878906,34.07693862915039,74038044.0
CENCOSUD,CENCOSUD.SN,2022-04-01,1540.199951171875,1282.3712158203125,2803997.0
FALABELLA,FALABELLA.SN,2022-04-01,2548.89990234375,2352.639892578125,1531825.0
SQM-B,SQM-B.SN,2022-04-01,68810.0,64923.1953125,169936.0
BSANTANDER,BSANTANDER.SN,2022-04-08,43.04999923706055,32.85581588745117,101713282.0
CENCOSUD,CENCOSUD.SN,2022-04-08,1520.0,1265.5528564453125,2049031.0
FALABELLA,FALABELLA.SN,2022-04-08,2539.0,2343.502685546875,1799145.0
SQM-B,SQM-B.SN,2022-04-08,69850.0,65904.453125,156743.0
BSANTANDER,BSANTANDER.SN,2022-04-14,43.88999938964844,33.49690246582031,54701472.0
CENCOSUD,CENCOSUD.SN,2022-04-14,1502.0,1250.5660400390625,2564003.0
FALABELLA,FALABELLA.SN,2022-04-14,2562.0,2364.731201171875,1265903.0
SQM-B,SQM-B.SN,2022-04-14,67805.0,63974.95703125,214889.0
BSANTANDER,BSANTANDER.SN,2022-04-22,44.720001220703125,34.1303596496582,109229480.0
CENCOSUD,CENCOSUD.SN,2022-04-22,1469.0,1223.0902099609375,2879262.0
FALABELLA,FALABELLA.SN,2022-04-22,2425.0,2238.280029296875,3715809.0
SQM-B,SQM-B.SN,2022-04-22,64800.0,61139.703125,311489.0
BSANTANDER,BSANTANDER.SN,2022-04-29,41.029998779296875,33.14279556274414,139831068.0
CENCOSUD,CENCOSUD.SN,2022-04-29,1365.0,1243.0989990234375,3279728.0
FALABELLA,FALABELLA.SN,2022-04-29,2395.0,2271.47509765625,3667986.0
SQM-B,SQM-B.SN,2022-04-29,63300.0,59724.43359375,328652.0
BSANTANDER,BSANTANDER.SN,2022-05-06,41.59000015258789,33.595149993896484,72991120.0
CENCOSUD,CENCOSUD.SN,2022-05-06,1344.0,1223.974365234375,2437332.0
FALABELLA,FALABELLA.SN,2022-05-06,2324.0,2204.136962890625,1750226.0
SQM-B,SQM-B.SN,2022-05-06,67626.0,63806.171875,194934.0
BSANTANDER,BSANTANDER.SN,2022-05-13,40.70000076293945,32.87623596191406,111533815.0
CENCOSUD,CENCOSUD.SN,2022-05-13,1288.0,1172.975341796875,2798372.0
FALABELLA,FALABELLA.SN,2022-05-13,2316.0,2196.549560546875,2151824.0
SQM-B,SQM-B.SN,2022-05-13,71500.0,67461.34375,154736.0
BSANTANDER,BSANTANDER.SN,2022-05-20,39.5099983215332,31.91498374938965,105220429.0
CENCOSUD,CENCOSUD.SN,2022-05-20,1274.300048828125,1160.4989013671875,6292925.0
FALABELLA,FALABELLA.SN,2022-05-20,2260.0,2143.437744140625,2522468.0
SQM-B,SQM-B.SN,2022-05-20,79200.0,74726.4296875,275981.0
BSANTANDER,BSANTANDER.SN,2022-05-27,41.099998474121094,33.1993408203125,83388297.0
CENCOSUD,CENCOSUD.SN,2022-05-27,1298.0,1182.082275390625,3859064.0
FALABELLA,FALABELLA.SN,2022-05-27,2293.0,2174.735595703125,3886466.0
SQM-B,SQM-B.SN,2022-05-27,93250.0,87982.8125,200189.0
BSANTANDER,BSANTANDER.SN,2022-06-03,41.0,33.118560791015625,423168390.0
CENCOSUD,CENCOSUD.SN,2022-06-03,1295.0,1179.350341796875,16031020.0
FALABELLA,FALABELLA.SN,2022-06-03,2369.0,2246.815673828125,4163274.0
SQM-B,SQM-B.SN,2022-06-03,85552.0,80719.625,935740.0
BSANTANDER,BSANTANDER.SN,2022-06-10,39.349998474121094,31.78574562072754,102280936.0
CENCOSUD,CENCOSUD.SN,2022-06-10,1350.0,1229.4385986328125,5650441.0
FALABELLA,FALABELLA.SN,2022-06-10,2145.0,2034.3692626953125,1832216.0
SQM-B,SQM-B.SN,2022-06-10,81600.0,79086.546875,390194.0
BSANTANDER,BSANTANDER.SN,2022-06-17,38.599998474121094,31.179914474487305,281175530.0
CENCOSUD,CENCOSUD.SN,2022-06-17,1245.0,1133.8155517578125,8148373.0
FALABELLA,FALABELLA.SN,2022-06-17,2040.0999755859375,1934.8795166015625,3941832.0
SQM-B,SQM-B.SN,2022-06-17,77800.0,75403.6015625,854333.0
BSANTANDER,BSANTANDER.SN,2022-06-24,37.29999923706055,30.129812240600586,55135984.0
CENCOSUD,CENCOSUD.SN,2022-06-24,1200.0,1092.8343505859375,2704125.0
FALABELLA,FALABELLA.SN,2022-06-24,2075.0,1967.9793701171875,831469.0
SQM-B,SQM-B.SN,2022-06-24,82000.0,79474.21875,128173.0
BSANTANDER,BSANTANDER.SN,2022-07-01,38.220001220703125,30.872962951660156,107032723.0
CENCOSUD,CENCOSUD.SN,2022-07-01,1196.0,1089.19140625,3654255.0
FALABELLA,FALABELLA.SN,2022-07-01,2090.0,1982.2056884765625,1946893.0
SQM-B,SQM-B.SN,2022-07-01,78999.0,76565.6640625,259924.0
BSANTANDER,BSANTANDER.SN,2022-07-08,36.90999984741211,29.81478500366211,199051145.0
CENCOSUD,CENCOSUD.SN,2022-07-08,1235.0,1124.70849609375,18448570.0
FALABELLA,FALABELLA.SN,2022-07-08,1988.0,1885.466552734375,5927164.0
SQM-B,SQM-B.SN,2022-07-08,84142.0,81550.25,910432.0
BSANTANDER,BSANTANDER.SN,2022-07-15,36.54999923706055,29.523988723754883,129432616.0
CENCOSUD,CENCOSUD.SN,2022-07-15,1248.0,1136.547607421875,1977276.0
FALABELLA,FALABELLA.SN,2022-07-15,1908.0,1809.5926513671875,2769240.0
SQM-B,SQM-B.SN,2022-07-15,83110.0,80550.0390625,148613.0
BSANTANDER,BSANTANDER.SN,2022-07-22,36.41999816894531,29.418973922729492,80210124.0
CENCOSUD,CENCOSUD.SN,2022-07-22,1265.0,1152.0294189453125,2120315.0
FALABELLA,FALABELLA.SN,2022-07-22,1979.0,1876.9306640625,1680601.0
SQM-B,SQM-B.SN,2022-07-22,87000.0,84320.21875,227480.0
BSANTANDER,BSANTANDER.SN,2022-07-29,35.689998626708984,28.829303741455078,126242898.0
CENCOSUD,CENCOSUD.SN,2022-07-29,1231.0,1121.0657958984375,2223550.0
FALABELLA,FALABELLA.SN,2022-07-29,2010.0,1906.33203125,1695226.0
SQM-B,SQM-B.SN,2022-07-29,89499.0,86742.2421875,157628.0
BSANTANDER,BSANTANDER.SN,2022-08-05,36.099998474121094,29.160491943359375,93874100.0
CENCOSUD,CENCOSUD.SN,2022-08-05,1234.800048828125,1124.5263671875,3799724.0
FALABELLA,FALABELLA.SN,2022-08-05,1945.0,1844.6844482421875,3948844.0
SQM-B,SQM-B.SN,2022-08-05,84600.0,81994.140625,209371.0
BSANTANDER,BSANTANDER.SN,2022-08-12,37.400001525878906,30.210596084594727,109569000.0
CENCOSUD,CENCOSUD.SN,2022-08-12,1200.0,1092.8343505859375,3477203.0
FALABELLA,FALABELLA.SN,2022-08-12,2006.199951171875,1902.727783203125,1325650.0
SQM-B,SQM-B.SN,2022-08-12,95010.0,92083.484375,182607.0
BSANTANDER,BSANTANDER.SN,2022-08-19,35.150001525878906,28.393112182617188,127218805.0
CENCOSUD,CENCOSUD.SN,2022-08-19,1196.0,1089.19140625,3178866.0
FALABELLA,FALABELLA.SN,2022-08-19,2010.0,1906.33203125,2659706.0
SQM-B,SQM-B.SN,2022-08-19,85000.0,82381.8203125,278258.0
BSANTANDER,BSANTANDER.SN,2022-08-26,35.25,28.473886489868164,102202191.0
CENCOSUD,CENCOSUD.SN,2022-08-26,1266.0,1152.9403076171875,3442599.0
FALABELLA,FALABELLA.SN,2022-08-26,2121.5,2012.081298828125,1475713.0
SQM-B,SQM-B.SN,2022-08-26,93855.0,90964.0703125,201375.0
BSANTANDER,BSANTANDER.SN,2022-09-02,37.279998779296875,30.113658905029297,228988494.0
CENCOSUD,CENCOSUD.SN,2022-09-02,1301.0,1184.814453125,8659595.0
FALABELLA,FALABELLA.SN,2022-09-02,2398.89990234375,2275.173828125,5044735.0
SQM-B,SQM-B.SN,2022-09-02,89000.0,86258.6015625,468938.0
BSANTANDER,BSANTANDER.SN,2022-09-09,37.47999954223633,30.27521514892578,116326127.0
CENCOSUD,CENCOSUD.SN,2022-09-09,1350.0,1229.4385986328125,2306601.0
FALABELLA,FALABELLA.SN,2022-09-09,2200.0,2086.5322265625,2471163.0
SQM-B,SQM-B.SN,2022-09-09,101680.0,98548.046875,214729.0
BSANTANDER,BSANTANDER.SN,2022-09-15,36.79999923706055,29.725929260253906,251242627.0
CENCOSUD,CENCOSUD.SN,2022-09-15,1340.0,1220.3314208984375,6718992.0
FALABELLA,FALABELLA.SN,2022-09-15,2200.0,2086.5322265625,3297458.0
SQM-B,SQM-B.SN,2022-09-15,97885.0,94869.9375,525731.0
BSANTANDER,BSANTANDER.SN,2022-09-23,34.79999923706055,28.11039161682129,67280582.0
CENCOSUD,CENCOSUD.SN,2022-09-23,1325.0,1206.671142578125,1975477.0
FALABELLA,FALABELLA.SN,2022-09-23,2040.0,1934.7845458984375,1886636.0
SQM-B,SQM-B.SN,2022-09-23,90505.0,87717.2578125,149594.0
BSANTANDER,BSANTANDER.SN,2022-09-30,33.81999969482422,27.318777084350586,110608920.0
CENCOSUD,CENCOSUD.SN,2022-09-30,1225.0,1115.6016845703125,4232668.0
FALABELLA,FALABELLA.SN,2022-09-30,1930.0,1830.4578857421875,2877705.0
SQM-B,SQM-B.SN,2022-09-30,90100.0,87324.7265625,213380.0
BSANTANDER,BSANTANDER.SN,2022-10-07,33.40999984741211,26.987590789794922,34284793.0
CENCOSUD,CENCOSUD.SN,2022-10-07,1245.0,1133.8155517578125,2553074.0
FALABELLA,FALABELLA.SN,2022-10-07,1771.0,1679.65869140625,10620161.0
SQM-B,SQM-B.SN,2022-10-07,85750.0,84779.4921875,71043.0
BSANTANDER,BSANTANDER.SN,2022-10-14,33.33000183105469,26.922969818115234,41728402.0
CENCOSUD,CENCOSUD.SN,2022-10-14,1195.0,1088.28076171875,2977507.0
FALABELLA,FALABELLA.SN,2022-10-14,1814.9000244140625,1742.775146484375,1073929.0
SQM-B,SQM-B.SN,2022-10-14,79954.0,79049.09375,162747.0
BSANTANDER,BSANTANDER.SN,2022-10-21,33.97999954223633,27.44801902770996,102911880.0
CENCOSUD,CENCOSUD.SN,2022-10-21,1198.0,1091.0128173828125,5545506.0
FALABELLA,FALABELLA.SN,2022-10-21,1746.5,1677.093505859375,1470440.0
SQM-B,SQM-B.SN,2022-10-21,90900.0,89871.203125,206177.0
BSANTANDER,BSANTANDER.SN,2022-10-28,33.79999923706055,27.30261993408203,83269907.0
CENCOSUD,CENCOSUD.SN,2022-10-28,1270.0,1156.5828857421875,2912153.0
FALABELLA,FALABELLA.SN,2022-10-28,1844.800048828125,1771.4869384765625,1417441.0
SQM-B,SQM-B.SN,2022-10-28,89800.0,88783.6484375,173137.0
BSANTANDER,BSANTANDER.SN,2022-11-04,33.310001373291016,26.90681266784668,39679094.0
CENCOSUD,CENCOSUD.SN,2022-11-04,1330.0,1211.2244873046875,1022003.0
FALABELLA,FALABELLA.SN,2022-11-04,1850.0,1776.48046875,638557.0
SQM-B,SQM-B.SN,2022-11-04,90000.0,88981.390625,133367.0
BSANTANDER,BSANTANDER.SN,2022-11-11,33.970001220703125,27.439943313598633,91603462.0
CENCOSUD,CENCOSUD.SN,2022-11-11,1300.0,1183.9036865234375,3817341.0
FALABELLA,FALABELLA.SN,2022-11-11,1738.0,1668.93115234375,2152102.0
SQM-B,SQM-B.SN,2022-11-11,99000.0,97879.5234375,272719.0
BSANTANDER,BSANTANDER.SN,2022-11-18,33.70000076293945,27.221843719482422,115231821.0
CENCOSUD,CENCOSUD.SN,2022-11-18,1285.0,1170.243408203125,2809338.0
FALABELLA,FALABELLA.SN,2022-11-18,1601.0,1537.3756103515625,1428470.0
SQM-B,SQM-B.SN,2022-11-18,85400.0,84433.4375,314127.0
BSANTANDER,BSANTANDER.SN,2022-11-25,34.20000076293945,27.625728607177734,105176238.0
CENCOSUD,CENCOSUD.SN,2022-11-25,1314.0999755859375,1196.7445068359375,1938096.0
FALABELLA,FALABELLA.SN,2022-11-25,1579.0,1516.25,925961.0
SQM-B,SQM-B.SN,2022-11-25,85740.0,84769.6015625,295375.0
BSANTANDER,BSANTANDER.SN,2022-12-02,34.54999923706055,27.908449172973633,136967737.0
CENCOSUD,CENCOSUD.SN,2022-12-02,1325.0999755859375,1206.7623291015625,6795927.0
FALABELLA,FALABELLA.SN,2022-12-02,1521.0999755859375,1460.65087890625,3909140.0
SQM-B,SQM-B.SN,2022-12-02,87500.0,86509.6875,697908.0
BSANTANDER,BSANTANDER.SN,2022-12-09,33.29999923706055,26.89873504638672,43481906.0
CENCOSUD,CENCOSUD.SN,2022-12-09,1320.0999755859375,1202.2086181640625,2084496.0
FALABELLA,FALABELLA.SN,2022-12-09,1580.0,1517.210205078125,5273662.0
SQM-B,SQM-B.SN,2022-12-09,81500.0,80577.59375,139803.0
BSANTANDER,BSANTANDER.SN,2022-12-16,33.630001068115234,27.165302276611328,50800751.0
CENCOSUD,CENCOSUD.SN,2022-12-16,1310.0,1193.0107421875,5474434.0
FALABELLA,FALABELLA.SN,2022-12-16,1550.0,1488.4024658203125,6416225.0
SQM-B,SQM-B.SN,2022-12-16,74989.0,74143.078125,673569.0
BSANTANDER,BSANTANDER.SN,2022-12-23,33.36000061035156,26.947200775146484,57782853.0
CENCOSUD,CENCOSUD.SN,2022-12-23,1348.0,1227.6171875,3957789.0
FALABELLA,FALABELLA.SN,2022-12-23,1645.0,1579.626953125,1990307.0
SQM-B,SQM-B.SN,2022-12-23,71887.0,71076.0703125,173354.0
BSANTANDER,BSANTANDER.SN,2022-12-30,33.95000076293945,27.423786163330078,106495753.0
CENCOSUD,CENCOSUD.SN,2022-12-30,1395.0,1270.4197998046875,2195708.0
FALABELLA,FALABELLA.SN,2022-12-30,1650.0,1584.428466796875,3637339.0
SQM-B,SQM-B.SN,2022-12-30,68600.0,67826.1484375,199980.0
BSANTANDER,BSANTANDER.SN,2023-01-06,33.459999084472656,27.027978897094727,34559504.0
CENCOSUD,CENCOSUD.SN,2023-01-06,1296.5,1180.7164306640625,1677186.0
FALABELLA,FALABELLA.SN,2023-01-06,1709.9000244140625,1641.947998046875,3137724.0
SQM-B,SQM-B.SN,2023-01-06,67502.0,66740.5390625,264079.0
BSANTANDER,BSANTANDER.SN,2023-01-13,32.849998474121094,26.53523826599121,84960859.0
CENCOSUD,CENCOSUD.SN,2023-01-13,1300.0,1183.9036865234375,2655673.0
FALABELLA,FALABELLA.SN,2023-01-13,1804.0,1732.308349609375,2416128.0
SQM-B,SQM-B.SN,2023-01-13,68600.0,67826.1484375,219650.0
BSANTANDER,BSANTANDER.SN,2023-01-20,31.959999084472656,25.816322326660156,87882491.0
CENCOSUD,CENCOSUD.SN,2023-01-20,1374.0,1251.2952880859375,4289877.0
FALABELLA,FALABELLA.SN,2023-01-20,1850.0,1776.48046875,4108877.0
SQM-B,SQM-B.SN,2023-01-20,70770.0,69971.6640625,212434.0
BSANTANDER,BSANTANDER.SN,2023-01-27,33.06999969482422,26.712949752807617,99423671.0
CENCOSUD,CENCOSUD.SN,2023-01-27,1475.0,1343.275390625,4076323.0
FALABELLA,FALABELLA.SN,2023-01-27,1855.0,1781.281494140625,5073330.0
SQM-B,SQM-B.SN,2023-01-27,75999.0,75141.6875,242851.0
BSANTANDER,BSANTANDER.SN,2023-02-03,33.459999084472656,27.027978897094727,206000997.0
CENCOSUD,CENCOSUD.SN,2023-02-03,1448.0,1318.6866455078125,4908700.0
FALABELLA,FALABELLA.SN,2023-02-03,1840.5,1767.35791015625,3456778.0
SQM-B,SQM-B.SN,2023-02-03,77210.0,76339.015625,310514.0
BSANTANDER,BSANTANDER.SN,2023-02-10,34.11000061035156,27.553030014038086,57683138.0
CENCOSUD,CENCOSUD.SN,2023-02-10,1450.0,1320.5079345703125,1761714.0
FALABELLA,FALABELLA.SN,2023-02-10,1907.9000244140625,1832.079345703125,1636022.0
SQM-B,SQM-B.SN,2023-02-10,73895.0,73061.4140625,164238.0
BSANTANDER,BSANTANDER.SN,2023-02-17,34.29999923706055,27.706504821777344,104345434.0
CENCOSUD,CENCOSUD.SN,2023-02-17,1505.0,1370.59619140625,7799870.0
FALABELLA,FALABELLA.SN,2023-02-17,1884.0,1809.129150390625,2215685.0
SQM-B,SQM-B.SN,2023-02-17,69403.0,68620.09375,315207.0
BSANTANDER,BSANTANDER.SN,2023-02-24,34.66999816894531,28.0053768157959,79945352.0
CENCOSUD,CENCOSUD.SN,2023-02-24,1495.0,1361.4893798828125,3793611.0
FALABELLA,FALABELLA.SN,2023-02-24,1860.0,1786.0828857421875,4444505.0
SQM-B,SQM-B.SN,2023-02-24,70999.0,70198.0859375,707826.0
BSANTANDER,BSANTANDER.SN,2023-03-03,34.810001373291016,28.118471145629883,170003694.0
CENCOSUD,CENCOSUD.SN,2023-03-03,1550.0,1411.57763671875,7438474.0
FALABELLA,FALABELLA.SN,2023-03-03,1880.0,1805.2879638671875,3046671.0
SQM-B,SQM-B.SN,2023-03-03,72300.0,71484.4140625,537875.0
BSANTANDER,BSANTANDER.SN,2023-03-10,36.09000015258789,29.152414321899414,138910878.0
CENCOSUD,CENCOSUD.SN,2023-03-10,1550.0,1411.57763671875,3043189.0
FALABELLA,FALABELLA.SN,2023-03-10,1849.0,1775.52001953125,1710300.0
SQM-B,SQM-B.SN,2023-03-10,63085.0,62373.36328125,211876.0
BSANTANDER,BSANTANDER.SN,2023-03-17,34.189998626708984,27.617650985717773,529635115.0
CENCOSUD,CENCOSUD.SN,2023-03-17,1528.0,1391.5423583984375,13274114.0
FALABELLA,FALABELLA.SN,2023-03-17,1747.300048828125,1677.8616943359375,6982881.0
SQM-B,SQM-B.SN,2023-03-17,61600.0,60905.1171875,857435.0
BSANTANDER,BSANTANDER.SN,2023-03-24,34.0099983215332,27.472251892089844,86737043.0
CENCOSUD,CENCOSUD.SN,2023-03-24,1510.0,1375.1497802734375,9597393.0
FALABELLA,FALABELLA.SN,2023-03-24,1823.800048828125,1751.3216552734375,3242898.0
SQM-B,SQM-B.SN,2023-03-24,65350.0,64612.81640625,567474.0
BSANTANDER,BSANTANDER.SN,2023-03-31,35.25,28.473886489868164,118111473.0
CENCOSUD,CENCOSUD.SN,2023-03-31,1536.0,1398.8277587890625,4509834.0
FALABELLA,FALABELLA.SN,2023-03-31,1828.0,1755.3544921875,2751985.0
SQM-B,SQM-B.SN,2023-03-31,63800.0,63080.296875,221965.0
BSANTANDER,BSANTANDER.SN,2023-04-06,36.099998474121094,29.160491943359375,122011427.0
CENCOSUD,CENCOSUD.SN,2023-04-06,1544.0,1406.11328125,2519601.0
FALABELLA,FALABELLA.SN,2023-04-06,1800.0,1728.4674072265625,4782491.0
SQM-B,SQM-B.SN,2023-04-06,60748.0,60062.7265625,352620.0
BSANTANDER,BSANTANDER.SN,2023-04-14,37.459999084472656,30.259061813354492,81116038.0
CENCOSUD,CENCOSUD.SN,2023-04-14,1605.0999755859375,1461.7568359375,6386805.0
FALABELLA,FALABELLA.SN,2023-04-14,1795.0,1723.666015625,2121270.0
SQM-B,SQM-B.SN,2023-04-14,63023.0,62312.0625,162811.0
BSANTANDER,BSANTANDER.SN,2023-04-21,35.5,30.767059326171875,57837772.0
CENCOSUD,CENCOSUD.SN,2023-04-21,1570.0,1429.79150390625,2206527.0
FALABELLA,FALABELLA.SN,2023-04-21,1735.0,1666.050537109375,1264335.0
SQM-B,SQM-B.SN,2023-04-21,52979.0,52381.36328125,351624.0
BSANTANDER,BSANTANDER.SN,2023-04-28,38.599998474121094,33.45375442504883,82960647.0
CENCOSUD,CENCOSUD.SN,2023-04-28,1645.0,1498.0936279296875,2704732.0
FALABELLA,FALABELLA.SN,2023-04-28,1731.0,1662.2093505859375,1460868.0
SQM-B,SQM-B.SN,2023-04-28,54650.0,54033.515625,241304.0
BSANTANDER,BSANTANDER.SN,2023-05-05,38.900001525878906,33.71376037597656,107695616.0
CENCOSUD,CENCOSUD.SN,2023-05-05,1588.800048828125,1544.001953125,1208329.0
FALABELLA,FALABELLA.SN,2023-05-05,1780.0,1709.26220703125,1260644.0
SQM-B,SQM-B.SN,2023-05-05,53879.0,53271.2109375,190549.0
BSANTANDER,BSANTANDER.SN,2023-05-12,38.779998779296875,33.60975646972656,68734538.0
CENCOSUD,CENCOSUD.SN,2023-05-12,1530.0,1486.85986328125,4250437.0
FALABELLA,FALABELLA.SN,2023-05-12,1810.0,1738.06982421875,1629504.0
SQM-B,SQM-B.SN,2023-05-12,58600.0,57938.9609375,268743.0
BSANTANDER,BSANTANDER.SN,2023-05-19,37.70000076293945,32.67375183105469,48875269.0
CENCOSUD,CENCOSUD.SN,2023-05-19,1554.199951171875,1510.3773193359375,2435493.0
FALABELLA,FALABELLA.SN,2023-05-19,1945.0,1867.705078125,1072581.0
SQM-B,SQM-B.SN,2023-05-19,57000.0,56360.109375,224846.0
BSANTANDER,BSANTANDER.SN,2023-05-26,36.470001220703125,31.607736587524414,68814837.0
CENCOSUD,CENCOSUD.SN,2023-05-26,1538.0,1494.6341552734375,3301551.0
FALABELLA,FALABELLA.SN,2023-05-26,1846.9000244140625,1773.50341796875,1561132.0
SQM-B,SQM-B.SN,2023-05-26,53061.0,52465.32421875,209358.0
BSANTANDER,BSANTANDER.SN,2023-06-02,36.66999816894531,31.781068801879883,234639392.0
CENCOSUD,CENCOSUD.SN,2023-06-02,1545.0,1501.4368896484375,17713993.0
FALABELLA,FALABELLA.SN,2023-06-02,1797.800048828125,1726.354736328125,6642217.0
SQM-B,SQM-B.SN,2023-06-02,54650.0,54036.48828125,745594.0
BSANTANDER,BSANTANDER.SN,2023-06-09,37.279998779296875,32.30974197387695,93337597.0
CENCOSUD,CENCOSUD.SN,2023-06-09,1570.0,1525.73193359375,3753792.0
FALABELLA,FALABELLA.SN,2023-06-09,1850.0,1776.48046875,1681726.0
SQM-B,SQM-B.SN,2023-06-09,55800.0,55173.578125,334077.0
BSANTANDER,BSANTANDER.SN,2023-06-16,38.29999923706055,33.19375228881836,195351280.0
CENCOSUD,CENCOSUD.SN,2023-06-16,1558.0,1514.0703125,5408357.0
FALABELLA,FALABELLA.SN,2023-06-16,1886.0,1811.0496826171875,4082462.0
SQM-B,SQM-B.SN,2023-06-16,57305.0,56661.6875,732788.0
BSANTANDER,BSANTANDER.SN,2023-06-23,36.91999816894531,31.99773597717285,72534764.0
CENCOSUD,CENCOSUD.SN,2023-06-23,1545.0,1501.4368896484375,1189575.0
FALABELLA,FALABELLA.SN,2023-06-23,1856.0999755859375,1782.337890625,1148143.0
SQM-B,SQM-B.SN,2023-06-23,56115.0,55485.04296875,115045.0
BSANTANDER,BSANTANDER.SN,2023-06-30,37.939998626708984,32.881752014160156,79960641.0
CENCOSUD,CENCOSUD.SN,2023-06-30,1553.9000244140625,1510.0858154296875,2143522.0
FALABELLA,FALABELLA.SN,2023-06-30,1925.0,1848.4996337890625,1844861.0
SQM-B,SQM-B.SN,2023-06-30,58399.0,57743.40234375,215437.0
BSANTANDER,BSANTANDER.SN,2023-07-07,37.9900016784668,32.925086975097656,68799244.0
CENCOSUD,CENCOSUD.SN,2023-07-07,1630.0,1584.040283203125,2142799.0
FALABELLA,FALABELLA.SN,2023-07-07,1985.5,1906.595458984375,1924372.0
SQM-B,SQM-B.SN,2023-07-07,63621.0,62906.77734375,163308.0
BSANTANDER,BSANTANDER.SN,2023-07-14,40.099998474121094,34.7537727355957,98983741.0
CENCOSUD,CENCOSUD.SN,2023-07-14,1671.0,1623.8841552734375,2136476.0
FALABELLA,FALABELLA.SN,2023-07-14,2085.0,2002.1412353515625,2117072.0
SQM-B,SQM-B.SN,2023-07-14,64677.0,63950.921875,219405.0
BSANTANDER,BSANTANDER.SN,2023-07-21,42.90999984741211,37.18914031982422,103861149.0
CENCOSUD,CENCOSUD.SN,2023-07-21,1805.0,1754.1058349609375,3510338.0
FALABELLA,FALABELLA.SN,2023-07-21,2234.0,2145.219970703125,1946032.0
SQM-B,SQM-B.SN,2023-07-21,61315.0,60627.40234375,293181.0
BSANTANDER,BSANTANDER.SN,2023-07-28,43.75,37.917144775390625,120641818.0
CENCOSUD,CENCOSUD.SN,2023-07-28,1821.0,1769.6546630859375,1470232.0
FALABELLA,FALABELLA.SN,2023-07-28,2259.800048828125,2169.994873046875,898444.0
SQM-B,SQM-B.SN,2023-07-28,61990.0,61294.8359375,200046.0
BSANTANDER,BSANTANDER.SN,2023-08-04,42.27000045776367,36.634464263916016,85580581.0
CENCOSUD,CENCOSUD.SN,2023-08-04,1800.0,1749.246826171875,2962279.0
FALABELLA,FALABELLA.SN,2023-08-04,2359.800048828125,2266.020751953125,1799002.0
SQM-B,SQM-B.SN,2023-08-04,60506.0,59827.4765625,263255.0
BSANTANDER,BSANTANDER.SN,2023-08-11,41.47999954223633,35.94978713989258,116897390.0
CENCOSUD,CENCOSUD.SN,2023-08-11,1847.5,1795.407470703125,8492678.0
FALABELLA,FALABELLA.SN,2023-08-11,2289.0,2198.0341796875,1008379.0
SQM-B,SQM-B.SN,2023-08-11,58000.0,57349.578125,229149.0
BSANTANDER,BSANTANDER.SN,2023-08-18,40.04999923706055,34.7104377746582,85079184.0
CENCOSUD,CENCOSUD.SN,2023-08-18,1820.0,1768.682861328125,2060126.0
FALABELLA,FALABELLA.SN,2023-08-18,2179.89990234375,2093.269775390625,879429.0
SQM-B,SQM-B.SN,2023-08-18,55096.0,54478.14453125,241729.0
BSANTANDER,BSANTANDER.SN,2023-08-25,40.869998931884766,35.42111587524414,117222688.0
CENCOSUD,CENCOSUD.SN,2023-08-25,1848.5,1796.3792724609375,4072402.0
FALABELLA,FALABELLA.SN,2023-08-25,2115.0,2030.94921875,1365943.0
SQM-B,SQM-B.SN,2023-08-25,53800.0,53196.67578125,344114.0
BSANTANDER,BSANTANDER.SN,2023-09-01,40.560001373291016,35.15244674682617,168061781.0
CENCOSUD,CENCOSUD.SN,2023-09-01,1840.0,1788.118896484375,6037479.0
FALABELLA,FALABELLA.SN,2023-09-01,2110.0,2026.1478271484375,5415146.0
SQM-B,SQM-B.SN,2023-09-01,53798.0,53194.69921875,633234.0
BSANTANDER,BSANTANDER.SN,2023-09-08,39.88999938964844,34.571773529052734,36244398.0
CENCOSUD,CENCOSUD.SN,2023-09-08,1782.0,1731.7542724609375,1308084.0
FALABELLA,FALABELLA.SN,2023-09-08,2050.0,1968.5322265625,1474985.0
SQM-B,SQM-B.SN,2023-09-08,53155.0,52558.91015625,59275.0
BSANTANDER,BSANTANDER.SN,2023-09-15,42.279998779296875,36.643131256103516,201229326.0
CENCOSUD,CENCOSUD.SN,2023-09-15,1772.0,1722.036376953125,7113953.0
FALABELLA,FALABELLA.SN,2023-09-15,2090.0,2006.9425048828125,5013839.0
SQM-B,SQM-B.SN,2023-09-15,55350.0,54729.296875,469202.0
BSANTANDER,BSANTANDER.SN,2023-09-22,40.810001373291016,35.36911392211914,48946018.0
CENCOSUD,CENCOSUD.SN,2023-09-22,1680.0,1632.63037109375,1569601.0
FALABELLA,FALABELLA.SN,2023-09-22,2039.0,1957.96923828125,1304161.0
SQM-B,SQM-B.SN,2023-09-22,50989.0,50417.19921875,93371.0
BSANTANDER,BSANTANDER.SN,2023-09-29,41.150001525878906,35.663787841796875,62591170.0
CENCOSUD,CENCOSUD.SN,2023-09-29,1685.0,1637.4893798828125,3142489.0
FALABELLA,FALABELLA.SN,2023-09-29,1985.800048828125,1906.8836669921875,2057893.0
SQM-B,SQM-B.SN,2023-09-29,52852.0,52259.3125,170297.0
BSANTANDER,BSANTANDER.SN,2023-10-06,40.79999923706055,35.36044692993164,57406665.0
CENCOSUD,CENCOSUD.SN,2023-10-06,1615.0,1569.4630126953125,2540011.0
FALABELLA,FALABELLA.SN,2023-10-06,1950.0,1872.5062255859375,1801656.0
SQM-B,SQM-B.SN,2023-10-06,50495.0,49928.74609375,179087.0
BSANTANDER,BSANTANDER.SN,2023-10-13,40.25,34.88377380371094,174001127.0
CENCOSUD,CENCOSUD.SN,2023-10-13,1515.0999755859375,1472.3800048828125,3060247.0
FALABELLA,FALABELLA.SN,2023-10-13,1948.0,1870.585693359375,982961.0
SQM-B,SQM-B.SN,2023-10-13,54375.0,53765.234375,211710.0
BSANTANDER,BSANTANDER.SN,2023-10-20,40.43000030517578,35.03977584838867,96096726.0
CENCOSUD,CENCOSUD.SN,2023-10-20,1462.0,1420.777099609375,5357867.0
FALABELLA,FALABELLA.SN,2023-10-20,1850.0,1776.48046875,2142596.0
SQM-B,SQM-B.SN,2023-10-20,48998.0,48448.52734375,170437.0
BSANTANDER,BSANTANDER.SN,2023-10-26,40.27000045776367,34.9011116027832,90181701.0
CENCOSUD,CENCOSUD.SN,2023-10-26,1478.0999755859375,1436.423095703125,2441562.0
FALABELLA,FALABELLA.SN,2023-10-26,1850.0,1776.48046875,1098189.0
SQM-B,SQM-B.SN,2023-10-26,48062.0,47523.0234375,143874.0
BSANTANDER,BSANTANDER.SN,2023-11-03,40.59000015258789,35.17844772338867,84908273.0
CENCOSUD,CENCOSUD.SN,2023-11-03,1475.0,1433.4105224609375,1762707.0
FALABELLA,FALABELLA.SN,2023-11-03,1899.0,1823.532958984375,1018977.0
SQM-B,SQM-B.SN,2023-11-03,45140.0,44633.7890625,248316.0
BSANTANDER,BSANTANDER.SN,2023-11-10,41.099998474121094,35.62044906616211,83454120.0
CENCOSUD,CENCOSUD.SN,2023-11-10,1535.0,1491.7188720703125,1927739.0
FALABELLA,FALABELLA.SN,2023-11-10,1892.0999755859375,1816.9072265625,914287.0
SQM-B,SQM-B.SN,2023-11-10,42601.0,42123.83203125,152585.0
BSANTANDER,BSANTANDER.SN,2023-11-17,42.04999923706055,36.44379806518555,60212269.0
CENCOSUD,CENCOSUD.SN,2023-11-17,1579.0,1534.4781494140625,3001612.0
FALABELLA,FALABELLA.SN,2023-11-17,2010.0,1930.1219482421875,1166351.0
SQM-B,SQM-B.SN,2023-11-17,44260.0,43764.25,207640.0
BSANTANDER,BSANTANDER.SN,2023-11-24,41.79999923706055,36.22712707519531,42205409.0
CENCOSUD,CENCOSUD.SN,2023-11-24,1580.0,1535.449951171875,1876954.0
FALABELLA,FALABELLA.SN,2023-11-24,1972.0,1893.632080078125,904586.0
SQM-B,SQM-B.SN,2023-11-24,44150.0,43655.48046875,118769.0
BSANTANDER,BSANTANDER.SN,2023-12-01,42.20000076293945,36.573795318603516,351500754.0
CENCOSUD,CENCOSUD.SN,2023-12-01,1595.0,1550.027099609375,8581127.0
FALABELLA,FALABELLA.SN,2023-12-01,2094.89990234375,2011.647705078125,4741320.0
SQM-B,SQM-B.SN,2023-12-01,45990.0,45474.87109375,738495.0
BSANTANDER,BSANTANDER.SN,2023-12-07,43.0,37.26713943481445,63509879.0
CENCOSUD,CENCOSUD.SN,2023-12-07,1663.0,1616.109619140625,3331908.0
FALABELLA,FALABELLA.SN,2023-12-07,2197.89990234375,2110.55419921875,743304.0
SQM-B,SQM-B.SN,2023-12-07,46190.0,45672.6328125,160052.0
BSANTANDER,BSANTANDER.SN,2023-12-15,44.0,38.13381576538086,266628515.0
CENCOSUD,CENCOSUD.SN,2023-12-15,1680.0,1632.63037109375,8706329.0
FALABELLA,FALABELLA.SN,2023-12-15,2266.0,2175.947998046875,4351517.0
SQM-B,SQM-B.SN,2023-12-15,51000.0,50429.30859375,941753.0
BSANTANDER,BSANTANDER.SN,2023-12-22,42.79999923706055,37.09380340576172,84780736.0
CENCOSUD,CENCOSUD.SN,2023-12-22,1660.0,1613.1942138671875,3266736.0
FALABELLA,FALABELLA.SN,2023-12-22,2190.0,2102.968505859375,1718683.0
SQM-B,SQM-B.SN,2023-12-22,52897.0,52305.08203125,435484.0
BSANTANDER,BSANTANDER.SN,2023-12-29,43.0,37.26713943481445,57186373.0
CENCOSUD,CENCOSUD.SN,2023-12-29,1655.0,1608.335205078125,1535854.0
FALABELLA,FALABELLA.SN,2023-12-29,2200.0,2112.5712890625,595060.0
SQM-B,SQM-B.SN,2023-12-29,52650.0,52060.84375,171595.0
BSANTANDER,BSANTANDER.SN,2024-01-05,43.380001068115234,37.59647750854492,36248008.0
CENCOSUD,CENCOSUD.SN,2024-01-05,1555.0,1511.1549072265625,1272952.0
FALABELLA,FALABELLA.SN,2024-01-05,2145.10009765625,2059.85302734375,597066.0
SQM-B,SQM-B.SN,2024-01-05,48810.0,48263.81640625,126168.0
BSANTANDER,BSANTANDER.SN,2024-01-12,42.939998626708984,37.21513748168945,45604046.0
CENCOSUD,CENCOSUD.SN,2024-01-12,1590.0999755859375,1545.2652587890625,1426972.0
FALABELLA,FALABELLA.SN,2024-01-12,2150.0,2064.55810546875,809427.0
SQM-B,SQM-B.SN,2024-01-12,44410.0,43913.05078125,400712.0
BSANTANDER,BSANTANDER.SN,2024-01-19,42.45000076293945,36.79046630859375,87556686.0
CENCOSUD,CENCOSUD.SN,2024-01-19,1525.0,1482.000732421875,2785797.0
FALABELLA,FALABELLA.SN,2024-01-19,2000.0,1920.519287109375,1533512.0
SQM-B,SQM-B.SN,2024-01-19,42993.0,42511.90625,445214.0
BSANTANDER,BSANTANDER.SN,2024-01-26,42.61000061035156,36.929134368896484,50978861.0
CENCOSUD,CENCOSUD.SN,2024-01-26,1600.0,1554.885986328125,1857338.0
FALABELLA,FALABELLA.SN,2024-01-26,2200.0,2112.5712890625,1259235.0
SQM-B,SQM-B.SN,2024-01-26,43431.0,42945.00390625,302586.0
BSANTANDER,BSANTANDER.SN,2024-02-02,44.47999954223633,38.54982376098633,111455525.0
CENCOSUD,CENCOSUD.SN,2024-02-02,1680.0,1632.63037109375,2580253.0
FALABELLA,FALABELLA.SN,2024-02-02,2283.0,2192.272705078125,948200.0
SQM-B,SQM-B.SN,2024-02-02,38100.0,37673.66015625,354963.0
BSANTANDER,BSANTANDER.SN,2024-02-09,44.54999923706055,38.61048889160156,41214112.0
CENCOSUD,CENCOSUD.SN,2024-02-09,1666.5,1619.510986328125,1625645.0
FALABELLA,FALABELLA.SN,2024-02-09,2310.0,2218.19970703125,862236.0
SQM-B,SQM-B.SN,2024-02-09,39040.0,38603.140625,218319.0
BSANTANDER,BSANTANDER.SN,2024-02-16,48.93000030517578,42.40653991699219,69094341.0
CENCOSUD,CENCOSUD.SN,2024-02-16,1765.0,1715.233642578125,1208635.0
FALABELLA,FALABELLA.SN,2024-02-16,2339.89990234375,2246.911376953125,645024.0
SQM-B,SQM-B.SN,2024-02-16,42390.0,41915.65625,223731.0
BSANTANDER,BSANTANDER.SN,2024-02-23,46.20000076293945,40.04050827026367,78867369.0
CENCOSUD,CENCOSUD.SN,2024-02-23,1695.0,1647.2073974609375,2790906.0
FALABELLA,FALABELLA.SN,2024-02-23,2205.0,2117.37255859375,1287185.0
SQM-B,SQM-B.SN,2024-02-23,43338.0,42853.04296875,313227.0
BSANTANDER,BSANTANDER.SN,2024-03-01,47.93000030517578,41.53985595703125,194036401.0
CENCOSUD,CENCOSUD.SN,2024-03-01,1707.0,1658.8690185546875,4598505.0
FALABELLA,FALABELLA.SN,2024-03-01,2527.0,2426.575927734375,2605902.0
SQM-B,SQM-B.SN,2024-03-01,49460.0,48906.5390625,526815.0
BSANTANDER,BSANTANDER.SN,2024-03-08,46.86000061035156,40.61251449584961,48093680.0
CENCOSUD,CENCOSUD.SN,2024-03-08,1669.0,1621.9404296875,2740466.0
FALABELLA,FALABELLA.SN,2024-03-08,2440.0,2343.03369140625,1405526.0
SQM-B,SQM-B.SN,2024-03-08,44611.0,44111.80078125,185805.0
BSANTANDER,BSANTANDER.SN,2024-03-15,48.20000076293945,41.77386474609375,177251508.0
CENCOSUD,CENCOSUD.SN,2024-03-15,1695.0,1647.2073974609375,8636609.0
FALABELLA,FALABELLA.SN,2024-03-15,2477.10009765625,2378.658935546875,4881011.0
SQM-B,SQM-B.SN,2024-03-15,47749.0,47214.6875,1253775.0
BSANTANDER,BSANTANDER.SN,2024-03-22,47.58000183105469,41.23652648925781,56664472.0
CENCOSUD,CENCOSUD.SN,2024-03-22,1689.0,1641.3765869140625,2897105.0
FALABELLA,FALABELLA.SN,2024-03-22,2500.0,2400.649169921875,1993954.0
SQM-B,SQM-B.SN,2024-03-22,47300.0,46770.70703125,197882.0
BSANTANDER,BSANTANDER.SN,2024-03-28,48.79999923706055,42.29386901855469,47636168.0
CENCOSUD,CENCOSUD.SN,2024-03-28,1700.0,1652.06640625,3335484.0
FALABELLA,FALABELLA.SN,2024-03-28,2573.0,2470.747802734375,1773608.0
SQM-B,SQM-B.SN,2024-03-28,47698.0,47164.2578125,184617.0
BSANTANDER,BSANTANDER.SN,2024-04-05,47.650001525878906,41.29719161987305,44720907.0
CENCOSUD,CENCOSUD.SN,2024-04-05,1645.0,1598.6171875,2097560.0
FALABELLA,FALABELLA.SN,2024-04-05,2460.0,2362.238525390625,736332.0
SQM-B,SQM-B.SN,2024-04-05,44801.0,44299.67578125,268107.0
BSANTANDER,BSANTANDER.SN,2024-04-12,46.279998779296875,40.109840393066406,181110412.0
CENCOSUD,CENCOSUD.SN,2024-04-12,1659.0,1612.222412109375,6071404.0
FALABELLA,FALABELLA.SN,2024-04-12,2466.5,2368.480224609375,1815821.0
SQM-B,SQM-B.SN,2024-04-12,46599.0,46077.5546875,252903.0
BSANTANDER,BSANTANDER.SN,2024-04-19,43.099998474121094,38.931549072265625,118884823.0
CENCOSUD,CENCOSUD.SN,2024-04-19,1621.0,1575.2938232421875,2494974.0
FALABELLA,FALABELLA.SN,2024-04-19,2481.0,2382.404296875,946059.0
SQM-B,SQM-B.SN,2024-04-19,42925.0,42444.66796875,194986.0
BSANTANDER,BSANTANDER.SN,2024-04-26,43.47999954223633,39.27479934692383,248478629.0
CENCOSUD,CENCOSUD.SN,2024-04-26,1618.0,1572.3785400390625,3935058.0
FALABELLA,FALABELLA.SN,2024-04-26,2490.199951171875,2391.23828125,1539652.0
SQM-B,SQM-B.SN,2024-04-26,42200.0,41727.78125,395484.0
BSANTANDER,BSANTANDER.SN,2024-05-03,42.66999816894531,38.54313659667969,90766777.0
CENCOSUD,CENCOSUD.SN,2024-05-03,1695.300048828125,1647.4989013671875,2969815.0
FALABELLA,FALABELLA.SN,2024-05-03,2570.60009765625,2468.443359375,1073007.0
SQM-B,SQM-B.SN,2024-05-03,44910.0,44407.453125,238591.0
BSANTANDER,BSANTANDER.SN,2024-05-10,43.97999954223633,39.7264404296875,131383831.0
CENCOSUD,CENCOSUD.SN,2024-05-10,1726.0,1698.3714599609375,3449126.0
FALABELLA,FALABELLA.SN,2024-05-10,2749.0,2639.753662109375,1788075.0
SQM-B,SQM-B.SN,2024-05-10,43697.0,43208.02734375,208023.0
BSANTANDER,BSANTANDER.SN,2024-05-17,44.689998626708984,40.36777114868164,171810637.0
CENCOSUD,CENCOSUD.SN,2024-05-17,1800.4000244140625,1771.58056640625,3494234.0
FALABELLA,FALABELLA.SN,2024-05-17,2800.0,2688.726806640625,1310805.0
SQM-B,SQM-B.SN,2024-05-17,42471.0,41995.953125,243656.0
BSANTANDER,BSANTANDER.SN,2024-05-24,45.2599983215332,40.88264083862305,56654060.0
CENCOSUD,CENCOSUD.SN,2024-05-24,1862.300048828125,1832.4896240234375,1189901.0
FALABELLA,FALABELLA.SN,2024-05-24,2736.5,2627.75048828125,856536.0
SQM-B,SQM-B.SN,2024-05-24,44500.0,44002.2578125,131941.0
BSANTANDER,BSANTANDER.SN,2024-05-31,43.45000076293945,39.24769973754883,421250222.0
CENCOSUD,CENCOSUD.SN,2024-05-31,1723.9000244140625,1696.304931640625,17342773.0
FALABELLA,FALABELLA.SN,2024-05-31,2781.0,2670.48193359375,4583420.0
SQM-B,SQM-B.SN,2024-05-31,43002.0,42521.01171875,1081818.0
BSANTANDER,BSANTANDER.SN,2024-06-07,43.75,39.51868438720703,178433667.0
CENCOSUD,CENCOSUD.SN,2024-06-07,1786.800048828125,1758.1982421875,3252156.0
FALABELLA,FALABELLA.SN,2024-06-07,2851.0,2737.7001953125,1293698.0
SQM-B,SQM-B.SN,2024-06-07,41789.0,41321.58203125,201923.0
BSANTANDER,BSANTANDER.SN,2024-06-14,43.40999984741211,39.21156692504883,111594810.0
CENCOSUD,CENCOSUD.SN,2024-06-14,1770.0,1741.6671142578125,3623752.0
FALABELLA,FALABELLA.SN,2024-06-14,2998.0,2878.858154296875,1175577.0
SQM-B,SQM-B.SN,2024-06-14,39787.0,39341.97265625,191405.0
BSANTANDER,BSANTANDER.SN,2024-06-21,43.54999923706055,39.33802795410156,194971603.0
CENCOSUD,CENCOSUD.SN,2024-06-21,1777.5,1749.0469970703125,5932952.0
FALABELLA,FALABELLA.SN,2024-06-21,2970.0,2851.97119140625,3356904.0
SQM-B,SQM-B.SN,2024-06-21,38600.0,38168.25,533645.0
BSANTANDER,BSANTANDER.SN,2024-06-28,44.20000076293945,39.92516326904297,127568831.0
CENCOSUD,CENCOSUD.SN,2024-06-28,1775.0,1746.5870361328125,3061124.0
FALABELLA,FALABELLA.SN,2024-06-28,2901.0,2785.71337890625,1309456.0
SQM-B,SQM-B.SN,2024-06-28,38027.0,37601.66015625,376868.0
BSANTANDER,BSANTANDER.SN,2024-07-05,44.599998474121094,40.286476135253906,105748894.0
CENCOSUD,CENCOSUD.SN,2024-07-05,1714.0,1686.5634765625,1780382.0
FALABELLA,FALABELLA.SN,2024-07-05,3039.0,2918.22900390625,713146.0
SQM-B,SQM-B.SN,2024-07-05,38753.0,38319.5390625,210211.0
BSANTANDER,BSANTANDER.SN,2024-07-12,47.400001525878906,42.815673828125,99523868.0
CENCOSUD,CENCOSUD.SN,2024-07-12,1707.0,1679.675537109375,1927036.0
FALABELLA,FALABELLA.SN,2024-07-12,3047.0,2925.9111328125,971908.0
SQM-B,SQM-B.SN,2024-07-12,38704.0,38271.0859375,249328.0
BSANTANDER,BSANTANDER.SN,2024-07-19,47.79999923706055,43.17698669433594,764334829.0
CENCOSUD,CENCOSUD.SN,2024-07-19,1725.0,1697.387451171875,13951130.0
FALABELLA,FALABELLA.SN,2024-07-19,3047.0,2925.9111328125,11590643.0
SQM-B,SQM-B.SN,2024-07-19,37206.0,36789.84375,1825404.0
BSANTANDER,BSANTANDER.SN,2024-07-26,47.13999938964844,42.58081817626953,548975751.0
CENCOSUD,CENCOSUD.SN,2024-07-26,1737.0,1709.1953125,27795431.0
FALABELLA,FALABELLA.SN,2024-07-26,3076.10009765625,2953.854736328125,9313405.0
SQM-B,SQM-B.SN,2024-07-26,36300.0,35893.9765625,2007003.0
BSANTANDER,BSANTANDER.SN,2024-08-02,45.599998474121094,41.189762115478516,538421155.0
CENCOSUD,CENCOSUD.SN,2024-08-02,1740.0,1712.147216796875,16532184.0
FALABELLA,FALABELLA.SN,2024-08-02,3120.0,2996.010009765625,8916033.0
SQM-B,SQM-B.SN,2024-08-02,33600.0,33224.17578125,1858473.0
BSANTANDER,BSANTANDER.SN,2024-08-09,45.5,41.09943389892578,503023783.0
CENCOSUD,CENCOSUD.SN,2024-08-09,1776.0999755859375,1747.66943359375,31755023.0
FALABELLA,FALABELLA.SN,2024-08-09,3100.0,2976.804931640625,16571441.0
SQM-B,SQM-B.SN,2024-08-09,34295.0,33911.40234375,2624430.0
BSANTANDER,BSANTANDER.SN,2024-08-16,47.189998626708984,42.62598419189453,440717529.0
CENCOSUD,CENCOSUD.SN,2024-08-16,1798.0,1769.2188720703125,8317383.0
FALABELLA,FALABELLA.SN,2024-08-16,3220.10009765625,3092.132080078125,6012730.0
SQM-B,SQM-B.SN,2024-08-16,34760.0,34371.203125,2002044.0
BSANTANDER,BSANTANDER.SN,2024-08-23,46.849998474121094,42.31886291503906,459026683.0
CENCOSUD,CENCOSUD.SN,2024-08-23,1861.0,1831.2103271484375,13231993.0
FALABELLA,FALABELLA.SN,2024-08-23,3215.199951171875,3087.4267578125,11684259.0
SQM-B,SQM-B.SN,2024-08-23,34960.0,34568.96484375,2308701.0
BSANTANDER,BSANTANDER.SN,2024-08-30,47.0,42.4543571472168,486419872.0
CENCOSUD,CENCOSUD.SN,2024-08-30,1850.0,1820.386474609375,9777444.0
FALABELLA,FALABELLA.SN,2024-08-30,3230.0,3101.638671875,13691754.0
SQM-B,SQM-B.SN,2024-08-30,35600.0,35201.8046875,2010241.0
BSANTANDER,BSANTANDER.SN,2024-09-06,47.18000030517578,42.61695098876953,324743727.0
CENCOSUD,CENCOSUD.SN,2024-09-06,1811.4000244140625,1782.4044189453125,7788371.0
FALABELLA,FALABELLA.SN,2024-09-06,3131.0,3006.572998046875,6428898.0
SQM-B,SQM-B.SN,2024-09-06,32480.0,32116.703125,1955421.0
BSANTANDER,BSANTANDER.SN,2024-09-13,47.7400016784668,43.1227912902832,325351886.0
CENCOSUD,CENCOSUD.SN,2024-09-13,1765.0,1736.7470703125,6806718.0
FALABELLA,FALABELLA.SN,2024-09-13,3088.800048828125,2966.0498046875,8846270.0
SQM-B,SQM-B.SN,2024-09-13,35502.0,35104.90234375,1840908.0
BSANTANDER,BSANTANDER.SN,2024-09-17,47.0099983215332,42.4633903503418,122359751.0
CENCOSUD,CENCOSUD.SN,2024-09-17,1755.0,1726.9072265625,2396901.0
FALABELLA,FALABELLA.SN,2024-09-17,3050.300048828125,2929.080078125,1499157.0
SQM-B,SQM-B.SN,2024-09-17,35510.0,35112.8125,482906.0
BSANTANDER,BSANTANDER.SN,2024-09-27,47.77000045776367,43.1498908996582,355026117.0
CENCOSUD,CENCOSUD.SN,2024-09-27,1885.0,1854.8262939453125,13883819.0
FALABELLA,FALABELLA.SN,2024-09-27,3395.0,3260.081298828125,10309217.0
SQM-B,SQM-B.SN,2024-09-27,37304.0,36886.74609375,1890216.0
BSANTANDER,BSANTANDER.SN,2024-10-04,45.560001373291016,41.153629302978516,420962688.0
CENCOSUD,CENCOSUD.SN,2024-10-04,1831.5,1802.1826171875,14387795.0
FALABELLA,FALABELLA.SN,2024-10-04,3440.0,3303.29296875,56757088.0
SQM-B,SQM-B.SN,2024-10-04,38350.0,37921.046875,1492981.0
BSANTANDER,BSANTANDER.SN,2024-10-11,46.439998626708984,41.948516845703125,646262827.0
CENCOSUD,CENCOSUD.SN,2024-10-11,1895.0,1864.666259765625,11601103.0
FALABELLA,FALABELLA.SN,2024-10-11,3500.0,3360.90869140625,30561466.0
SQM-B,SQM-B.SN,2024-10-11,39270.0,38830.7578125,2273996.0
BSANTANDER,BSANTANDER.SN,2024-10-18,48.779998779296875,44.06220626831055,141578290.0
CENCOSUD,CENCOSUD.SN,2024-10-18,1970.0,1938.4656982421875,5681705.0
FALABELLA,FALABELLA.SN,2024-10-18,3580.0,3437.7294921875,2259847.0
SQM-B,SQM-B.SN,2024-10-18,37212.0,36795.7734375,548339.0
BSANTANDER,BSANTANDER.SN,2024-10-25,49.0,44.260929107666016,610800114.0
CENCOSUD,CENCOSUD.SN,2024-10-25,2030.0,1997.505126953125,16212711.0
FALABELLA,FALABELLA.SN,2024-10-25,3533.0,3392.59716796875,14167457.0
SQM-B,SQM-B.SN,2024-10-25,38815.0,38380.84375,1224351.0
BSANTANDER,BSANTANDER.SN,2024-10-30,47.7400016784668,43.1227912902832,221831154.0
CENCOSUD,CENCOSUD.SN,2024-10-30,1994.0,1962.0814208984375,6967725.0
FALABELLA,FALABELLA.SN,2024-10-30,3451.0,3313.85595703125,6238209.0
SQM-B,SQM-B.SN,2024-10-30,37001.0,36587.13671875,1070170.0
BSANTANDER,BSANTANDER.SN,2024-11-08,47.2400016784668,42.67115020751953,337319875.0
CENCOSUD,CENCOSUD.SN,2024-11-08,1936.5999755859375,1905.6002197265625,10062051.0
FALABELLA,FALABELLA.SN,2024-11-08,3450.0,3312.8955078125,13808929.0
SQM-B,SQM-B.SN,2024-11-08,35100.0,34707.3984375,1806263.0
BSANTANDER,BSANTANDER.SN,2024-11-15,47.369998931884766,42.78857421875,407711974.0
CENCOSUD,CENCOSUD.SN,2024-11-15,1941.0,1909.9298095703125,9299031.0
FALABELLA,FALABELLA.SN,2024-11-15,3435.0,3298.49169921875,25733869.0
SQM-B,SQM-B.SN,2024-11-15,36988.0,36574.28125,2871554.0
BSANTANDER,BSANTANDER.SN,2024-11-22,47.099998474121094,42.54468536376953,262102783.0
CENCOSUD,CENCOSUD.SN,2024-11-22,1970.0,1938.4656982421875,12526390.0
FALABELLA,FALABELLA.SN,2024-11-22,3378.0,3243.757080078125,15334688.0
SQM-B,SQM-B.SN,2024-11-22,37725.0,37303.0390625,1996403.0
BSANTANDER,BSANTANDER.SN,2024-11-29,46.400001525878906,41.912391662597656,331675034.0
CENCOSUD,CENCOSUD.SN,2024-11-29,2050.0,2017.18505859375,18397574.0
FALABELLA,FALABELLA.SN,2024-11-29,3300.0,3168.85693359375,11980147.0
SQM-B,SQM-B.SN,2024-11-29,37200.0,36783.91015625,2225380.0
BSANTANDER,BSANTANDER.SN,2024-12-06,46.939998626708984,42.40016174316406,345814979.0
CENCOSUD,CENCOSUD.SN,2024-12-06,2130.0,2095.904541015625,18330204.0
FALABELLA,FALABELLA.SN,2024-12-06,3450.0,3312.8955078125,13480576.0
SQM-B,SQM-B.SN,2024-12-06,37006.0,36592.078125,1966704.0
BSANTANDER,BSANTANDER.SN,2024-12-13,48.400001525878906,43.71895980834961,265501140.0
CENCOSUD,CENCOSUD.SN,2024-12-13,2198.89990234375,2163.70166015625,29305094.0
FALABELLA,FALABELLA.SN,2024-12-13,3540.0,3399.31884765625,38824007.0
SQM-B,SQM-B.SN,2024-12-13,37520.0,37100.33203125,2527717.0
BSANTANDER,BSANTANDER.SN,2024-12-20,47.400001525878906,42.815673828125,554645443.0
CENCOSUD,CENCOSUD.SN,2024-12-20,2150.0,2115.584228515625,23812912.0
FALABELLA,FALABELLA.SN,2024-12-20,3461.0,3323.45849609375,35758947.0
SQM-B,SQM-B.SN,2024-12-20,37593.0,37172.515625,1980765.0
BSANTANDER,BSANTANDER.SN,2024-12-27,47.29999923706055,42.725341796875,145023525.0
CENCOSUD,CENCOSUD.SN,2024-12-27,2200.0,2164.783935546875,6622017.0
FALABELLA,FALABELLA.SN,2024-12-27,3475.0,3336.90234375,3258373.0
SQM-B,SQM-B.SN,2024-12-27,36948.0,36534.7265625,553475.0
BSANTANDER,BSANTANDER.SN,2025-01-03,46.75,42.228538513183594,128093619.0
CENCOSUD,CENCOSUD.SN,2025-01-03,2190.0,2154.944091796875,9972571.0
FALABELLA,FALABELLA.SN,2025-01-03,3440.0,3324.278564453125,1985335.0
SQM-B,SQM-B.SN,2025-01-03,37066.0,36651.41015625,720059.0
BSANTANDER,BSANTANDER.SN,2025-01-10,46.849998474121094,42.31886291503906,221936215.0
CENCOSUD,CENCOSUD.SN,2025-01-10,2220.0,2184.463623046875,14817126.0
FALABELLA,FALABELLA.SN,2025-01-10,3530.0,3411.2509765625,7146347.0
SQM-B,SQM-B.SN,2025-01-10,39000.0,38563.77734375,1832147.0
BSANTANDER,BSANTANDER.SN,2025-01-17,48.0,43.35764694213867,446082135.0
CENCOSUD,CENCOSUD.SN,2025-01-17,2260.0,2223.823486328125,11878929.0
FALABELLA,FALABELLA.SN,2025-01-17,3514.89990234375,3396.658935546875,34648480.0
SQM-B,SQM-B.SN,2025-01-17,40000.0,39552.58984375,1883252.0
BSANTANDER,BSANTANDER.SN,2025-01-24,49.70000076293945,44.893226623535156,560909543.0
CENCOSUD,CENCOSUD.SN,2025-01-24,2365.0,2327.142578125,17284211.0
FALABELLA,FALABELLA.SN,2025-01-24,3650.0,3527.21435546875,14993152.0
SQM-B,SQM-B.SN,2025-01-24,38880.0,38445.1171875,1300852.0
BSANTANDER,BSANTANDER.SN,2025-01-31,50.70000076293945,45.796512603759766,404730932.0
CENCOSUD,CENCOSUD.SN,2025-01-31,2500.0,2459.981689453125,14970033.0
FALABELLA,FALABELLA.SN,2025-01-31,3720.0,3594.859375,7272003.0
SQM-B,SQM-B.SN,2025-01-31,38750.0,38316.57421875,1612463.0
BSANTANDER,BSANTANDER.SN,2025-02-07,52.47999954223633,47.404354095458984,483888329.0
CENCOSUD,CENCOSUD.SN,2025-02-07,2589.800048828125,2548.344482421875,17549655.0
FALABELLA,FALABELLA.SN,2025-02-07,3740.0,3614.186767578125,7940797.0
SQM-B,SQM-B.SN,2025-02-07,37295.0,36877.84765625,1847677.0
BSANTANDER,BSANTANDER.SN,2025-02-14,53.9900016784668,48.76831817626953,442668974.0
CENCOSUD,CENCOSUD.SN,2025-02-14,2555.0,2514.101318359375,7007360.0
FALABELLA,FALABELLA.SN,2025-02-14,3718.89990234375,3593.79638671875,12752646.0
SQM-B,SQM-B.SN,2025-02-14,36600.0,36190.62109375,2626133.0
BSANTANDER,BSANTANDER.SN,2025-02-21,51.86000061035156,46.844322204589844,896302468.0
CENCOSUD,CENCOSUD.SN,2025-02-21,2489.0,2449.15771484375,13827278.0
FALABELLA,FALABELLA.SN,2025-02-21,3745.0,3619.0185546875,13851631.0
SQM-B,SQM-B.SN,2025-02-21,37300.0,36882.7890625,2039520.0
BSANTANDER,BSANTANDER.SN,2025-02-28,51.9900016784668,46.96175003051758,749075540.0
CENCOSUD,CENCOSUD.SN,2025-02-28,2530.0,2489.501708984375,17810822.0
FALABELLA,FALABELLA.SN,2025-02-28,3760.0,3633.513671875,38665336.0
SQM-B,SQM-B.SN,2025-02-28,36741.0,36330.04296875,2057435.0
BSANTANDER,BSANTANDER.SN,2025-03-07,52.0,46.97077941894531,543489071.0
CENCOSUD,CENCOSUD.SN,2025-03-07,2500.0,2459.981689453125,16615092.0
FALABELLA,FALABELLA.SN,2025-03-07,3850.0,3720.486083984375,24776166.0
SQM-B,SQM-B.SN,2025-03-07,38552.0,38120.78515625,3286183.0
BSANTANDER,BSANTANDER.SN,2025-03-14,53.5,48.325706481933594,821261319.0
CENCOSUD,CENCOSUD.SN,2025-03-14,2500.0,2459.981689453125,16588727.0
FALABELLA,FALABELLA.SN,2025-03-14,3845.0,3715.654541015625,7534029.0
SQM-B,SQM-B.SN,2025-03-14,39950.0,39503.1484375,3352553.0
BSANTANDER,BSANTANDER.SN,2025-03-21,53.790000915527344,48.5876579284668,1538779694.0
CENCOSUD,CENCOSUD.SN,2025-03-21,2665.0,2622.34033203125,21527332.0
FALABELLA,FALABELLA.SN,2025-03-21,3841.0,3711.788818359375,19996494.0
SQM-B,SQM-B.SN,2025-03-21,40250.0,39799.79296875,3882099.0
BSANTANDER,BSANTANDER.SN,2025-03-28,54.83000183105469,49.527076721191406,757597672.0
CENCOSUD,CENCOSUD.SN,2025-03-28,2845.0,2799.459228515625,14197772.0
FALABELLA,FALABELLA.SN,2025-03-28,4012.0,3877.03662109375,16654675.0
SQM-B,SQM-B.SN,2025-03-28,38199.0,37771.734375,1709902.0
BSANTANDER,BSANTANDER.SN,2025-04-04,53.400001525878906,48.235382080078125,837478571.0
CENCOSUD,CENCOSUD.SN,2025-04-04,2800.0,2755.179443359375,22220804.0
FALABELLA,FALABELLA.SN,2025-04-04,3900.0,3768.803955078125,20506393.0
SQM-B,SQM-B.SN,2025-04-04,35900.0,35498.44921875,2481497.0
BSANTANDER,BSANTANDER.SN,2025-04-11,53.79999923706055,48.5966911315918,819550417.0
CENCOSUD,CENCOSUD.SN,2025-04-11,2869.89990234375,2823.96044921875,21127732.0
FALABELLA,FALABELLA.SN,2025-04-11,3930.0,3797.795166015625,15575050.0
SQM-B,SQM-B.SN,2025-04-11,33850.0,33471.37890625,5602435.0
BSANTANDER,BSANTANDER.SN,2025-04-17,57.849998474121094,52.25498962402344,980944431.0
CENCOSUD,CENCOSUD.SN,2025-04-17,3010.0,2961.818115234375,21194886.0
FALABELLA,FALABELLA.SN,2025-04-17,4100.0,3962.076171875,11753507.0
SQM-B,SQM-B.SN,2025-04-17,34000.0,33619.703125,1585939.0
BSANTANDER,BSANTANDER.SN,2025-04-25,57.599998474121094,54.98982620239258,1339341473.0
CENCOSUD,CENCOSUD.SN,2025-04-25,3092.89990234375,3043.390869140625,18830011.0
FALABELLA,FALABELLA.SN,2025-04-25,4229.0,4086.736328125,8434993.0
SQM-B,SQM-B.SN,2025-04-25,33500.0,33125.29296875,1688465.0
BSANTANDER,BSANTANDER.SN,2025-05-02,56.59000015258789,54.025596618652344,674335183.0
CENCOSUD,CENCOSUD.SN,2025-05-02,3190.0,3138.936767578125,11644682.0
FALABELLA,FALABELLA.SN,2025-05-02,4325.0,4226.40087890625,8589104.0
SQM-B,SQM-B.SN,2025-05-02,32580.0,32215.5859375,1136954.0
BSANTANDER,BSANTANDER.SN,2025-05-09,57.2599983215332,54.66523361206055,871444354.0
CENCOSUD,CENCOSUD.SN,2025-05-09,3340.0,3302.0625,19919601.0
FALABELLA,FALABELLA.SN,2025-05-09,4785.0,4675.9140625,12028015.0
SQM-B,SQM-B.SN,2025-05-09,32793.0,32426.203125,1710859.0
BSANTANDER,BSANTANDER.SN,2025-05-16,59.400001525878906,56.70825958251953,1032986426.0
CENCOSUD,CENCOSUD.SN,2025-05-16,3130.0,3094.447998046875,21829910.0
FALABELLA,FALABELLA.SN,2025-05-16,4726.0,4618.2587890625,15369560.0
SQM-B,SQM-B.SN,2025-05-16,32800.0,32433.125,1700659.0
BSANTANDER,BSANTANDER.SN,2025-05-23,58.650001525878906,55.99224853515625,381730022.0
CENCOSUD,CENCOSUD.SN,2025-05-23,3245.0,3208.1416015625,12456939.0
FALABELLA,FALABELLA.SN,2025-05-23,4859.0,4748.22705078125,9030642.0
SQM-B,SQM-B.SN,2025-05-23,31010.0,30663.146484375,1205676.0
BSANTANDER,BSANTANDER.SN,2025-05-30,56.369998931884766,53.8155632019043,598262980.0
CENCOSUD,CENCOSUD.SN,2025-05-30,3256.300048828125,3219.3134765625,19430059.0
FALABELLA,FALABELLA.SN,2025-05-30,4514.39990234375,4411.482421875,21316253.0
SQM-B,SQM-B.SN,2025-05-30,28266.0,27949.837890625,2950152.0
BSANTANDER,BSANTANDER.SN,2025-06-06,58.20000076293945,55.56263732910156,828263995.0
CENCOSUD,CENCOSUD.SN,2025-06-06,3184.10009765625,3147.93359375,14141583.0
FALABELLA,FALABELLA.SN,2025-06-06,4648.0,4542.03662109375,12903346.0
SQM-B,SQM-B.SN,2025-06-06,30799.0,30454.505859375,2422038.0
BSANTANDER,BSANTANDER.SN,2025-06-13,58.08000183105469,55.44807815551758,401222585.0
CENCOSUD,CENCOSUD.SN,2025-06-13,3190.0,3153.766357421875,12511933.0
FALABELLA,FALABELLA.SN,2025-06-13,4881.89990234375,4770.60498046875,24976830.0
SQM-B,SQM-B.SN,2025-06-13,30700.0,30356.61328125,1979267.0
BSANTANDER,BSANTANDER.SN,2025-06-19,57.349998474121094,54.751155853271484,573696487.0
CENCOSUD,CENCOSUD.SN,2025-06-19,3138.0,3102.35693359375,9345232.0
FALABELLA,FALABELLA.SN,2025-06-19,4935.10009765625,4822.591796875,47876320.0
SQM-B,SQM-B.SN,2025-06-19,30999.0,30652.26953125,1502887.0
BSANTANDER,BSANTANDER.SN,2025-06-27,58.150001525878906,55.5149040222168,667847941.0
CENCOSUD,CENCOSUD.SN,2025-06-27,3185.10009765625,3148.922119140625,12359287.0
FALABELLA,FALABELLA.SN,2025-06-27,4899.0,4787.31494140625,9185733.0
SQM-B,SQM-B.SN,2025-06-27,33100.0,32729.76953125,2332024.0
BSANTANDER,BSANTANDER.SN,2025-07-04,58.75,56.08771514892578,530646129.0
CENCOSUD,CENCOSUD.SN,2025-07-04,3165.0,3129.05029296875,53181364.0
FALABELLA,FALABELLA.SN,2025-07-04,4982.0,4868.42236328125,21297482.0
SQM-B,SQM-B.SN,2025-07-04,34259.0,33875.8046875,2354781.0
BSANTANDER,BSANTANDER.SN,2025-07-11,57.56999969482422,54.961185455322266,397575022.0
CENCOSUD,CENCOSUD.SN,2025-07-11,3069.0,3034.140869140625,10976509.0
FALABELLA,FALABELLA.SN,2025-07-11,4838.0,4727.705078125,13283649.0
SQM-B,SQM-B.SN,2025-07-11,36110.0,35706.1015625,939800.0
BSANTANDER,BSANTANDER.SN,2025-07-18,57.099998474121094,54.512481689453125,254173532.0
CENCOSUD,CENCOSUD.SN,2025-07-18,3018.0,2983.719970703125,15949241.0
FALABELLA,FALABELLA.SN,2025-07-18,4868.0,4757.021484375,5343875.0
SQM-B,SQM-B.SN,2025-07-18,37299.0,36881.80078125,1915136.0
BSANTANDER,BSANTANDER.SN,2025-07-25,56.84000015258789,54.26426696777344,301930229.0
CENCOSUD,CENCOSUD.SN,2025-07-25,2928.699951171875,2895.434326171875,14671566.0
FALABELLA,FALABELLA.SN,2025-07-25,4747.0,4638.7802734375,8607706.0
SQM-B,SQM-B.SN,2025-07-25,40150.0,39700.9140625,3125318.0
BSANTANDER,BSANTANDER.SN,2025-08-01,55.810001373291016,53.28094482421875,434386439.0
CENCOSUD,CENCOSUD.SN,2025-08-01,2947.0,2913.526611328125,20341882.0
FALABELLA,FALABELLA.SN,2025-08-01,4918.0,4805.88134765625,9877512.0
SQM-B,SQM-B.SN,2025-08-01,34710.0,34321.76171875,2182478.0
BSANTANDER,BSANTANDER.SN,2025-08-08,58.099998474121094,55.467166900634766,486472604.0
CENCOSUD,CENCOSUD.SN,2025-08-08,3015.0,2980.754150390625,22262768.0
FALABELLA,FALABELLA.SN,2025-08-08,5050.0,4934.87255859375,5843999.0
SQM-B,SQM-B.SN,2025-08-08,40850.0,40393.08203125,2571850.0
BSANTANDER,BSANTANDER.SN,2025-08-14,57.75,55.13302993774414,558986991.0
CENCOSUD,CENCOSUD.SN,2025-08-14,3097.0,3061.82275390625,11421503.0
FALABELLA,FALABELLA.SN,2025-08-14,5420.0,5296.4375,10038838.0
SQM-B,SQM-B.SN,2025-08-14,43710.0,43221.09375,2086157.0
BSANTANDER,BSANTANDER.SN,2025-08-22,57.90999984741211,55.2857780456543,781291297.0
CENCOSUD,CENCOSUD.SN,2025-08-22,3100.0,3064.78857421875,14733244.0
FALABELLA,FALABELLA.SN,2025-08-22,5469.7998046875,5345.10205078125,12260019.0
SQM-B,SQM-B.SN,2025-08-22,44350.0,43853.93359375,1435787.0
BSANTANDER,BSANTANDER.SN,2025-08-29,58.099998474121094,55.467166900634766,1103887205.0
CENCOSUD,CENCOSUD.SN,2025-08-29,3063.89990234375,3029.0986328125,20226333.0
FALABELLA,FALABELLA.SN,2025-08-29,5503.0,5377.544921875,13981796.0
SQM-B,SQM-B.SN,2025-08-29,44095.0,43601.7890625,2404037.0
BSANTANDER,BSANTANDER.SN,2025-09-05,61.970001220703125,59.161800384521484,484982847.0
CENCOSUD,CENCOSUD.SN,2025-09-05,2990.0,2956.0380859375,13448352.0
FALABELLA,FALABELLA.SN,2025-09-05,5825.0,5692.20458984375,6694425.0
SQM-B,SQM-B.SN,2025-09-05,44160.0,43666.05859375,1659084.0
BSANTANDER,BSANTANDER.SN,2025-09-12,61.70000076293945,58.90403366088867,580933635.0
CENCOSUD,CENCOSUD.SN,2025-09-12,2850.0,2817.628173828125,22743928.0
FALABELLA,FALABELLA.SN,2025-09-12,5750.0,5618.9140625,18900313.0
SQM-B,SQM-B.SN,2025-09-12,39700.0,39255.9453125,2304956.0
BSANTANDER,BSANTANDER.SN,2025-09-17,61.900001525878906,59.094970703125,259844285.0
CENCOSUD,CENCOSUD.SN,2025-09-17,2838.60009765625,2806.35791015625,7413816.0
FALABELLA,FALABELLA.SN,2025-09-17,5721.0,5590.5751953125,5255232.0
SQM-B,SQM-B.SN,2025-09-17,41250.0,40788.609375,713196.0
BSANTANDER,BSANTANDER.SN,2025-09-26,63.279998779296875,60.41243362426758,537749191.0
CENCOSUD,CENCOSUD.SN,2025-09-26,2845.0,2812.68505859375,33556953.0
FALABELLA,FALABELLA.SN,2025-09-26,5800.0,5667.7744140625,22241145.0
SQM-B,SQM-B.SN,2025-09-26,42505.0,42029.5703125,1320432.0
BSANTANDER,BSANTANDER.SN,2025-10-03,63.81999969482422,60.92796325683594,401857837.0
CENCOSUD,CENCOSUD.SN,2025-10-03,2740.0,2708.877685546875,12372680.0
FALABELLA,FALABELLA.SN,2025-10-03,5670.0,5540.73779296875,7792266.0
SQM-B,SQM-B.SN,2025-10-03,41480.0,41016.03515625,1381681.0
BSANTANDER,BSANTANDER.SN,2025-10-10,63.72999954223633,60.842041015625,646007977.0
CENCOSUD,CENCOSUD.SN,2025-10-10,2675.0,2644.615966796875,14785567.0
FALABELLA,FALABELLA.SN,2025-10-10,5525.0,5442.419921875,8080523.0
SQM-B,SQM-B.SN,2025-10-10,39150.0,38712.09765625,2123411.0
BSANTANDER,BSANTANDER.SN,2025-10-17,66.04000091552734,63.04736328125,693708817.0
CENCOSUD,CENCOSUD.SN,2025-10-17,2748.0,2716.786865234375,19981769.0
FALABELLA,FALABELLA.SN,2025-10-17,5820.0,5733.0107421875,8443869.0
SQM-B,SQM-B.SN,2025-10-17,41800.0,41332.45703125,1797423.0
BSANTANDER,BSANTANDER.SN,2025-10-24,67.08000183105469,64.04023742675781,368908117.0
CENCOSUD,CENCOSUD.SN,2025-10-24,2699.0,2668.343505859375,12042844.0
FALABELLA,FALABELLA.SN,2025-10-24,5859.0,5771.427734375,8114491.0
SQM-B,SQM-B.SN,2025-10-24,43001.0,42520.0234375,1706412.0
BSANTANDER,BSANTANDER.SN,2025-10-30,68.16999816894531,65.08084106445312,577989362.0
CENCOSUD,CENCOSUD.SN,2025-10-30,2923.0,2889.799072265625,18915976.0
FALABELLA,FALABELLA.SN,2025-10-30,5915.0,5826.5908203125,6495001.0
SQM-B,SQM-B.SN,2025-10-30,45419.0,44910.9765625,1653599.0
BSANTANDER,BSANTANDER.SN,2025-11-07,70.0,66.82791137695312,894135196.0
CENCOSUD,CENCOSUD.SN,2025-11-07,2927.0,2893.753662109375,16798036.0
FALABELLA,FALABELLA.SN,2025-11-07,6028.0,5937.90185546875,12382300.0
SQM-B,SQM-B.SN,2025-11-07,45699.0,45187.84765625,2509377.0
BSANTANDER,BSANTANDER.SN,2025-11-14,67.22000122070312,64.17389678955078,836314301.0
CENCOSUD,CENCOSUD.SN,2025-11-14,2848.0,2815.65087890625,17762053.0
FALABELLA,FALABELLA.SN,2025-11-14,5999.89990234375,5910.2216796875,15067559.0
SQM-B,SQM-B.SN,2025-11-14,50600.0,50034.02734375,2862215.0
BSANTANDER,BSANTANDER.SN,2025-11-21,69.0199966430664,65.89231872558594,810063153.0
CENCOSUD,CENCOSUD.SN,2025-11-21,2790.699951171875,2759.001708984375,22424050.0
FALABELLA,FALABELLA.SN,2025-11-21,5928.5,5839.888671875,18444045.0
SQM-B,SQM-B.SN,2025-11-21,56100.0,55472.5078125,3890623.0
BSANTANDER,BSANTANDER.SN,2025-11-28,69.6500015258789,66.4937744140625,678510877.0
CENCOSUD,CENCOSUD.SN,2025-11-28,2918.0,2884.85595703125,22347449.0
FALABELLA,FALABELLA.SN,2025-11-28,6000.0,5910.3203125,10132972.0
SQM-B,SQM-B.SN,2025-11-28,60000.0,59328.88671875,1837471.0
BSANTANDER,BSANTANDER.SN,2025-12-05,70.2699966430664,67.08567810058594,537336251.0
CENCOSUD,CENCOSUD.SN,2025-12-05,2917.89990234375,2884.7568359375,11762279.0
FALABELLA,FALABELLA.SN,2025-12-05,6160.0,6067.9287109375,20658496.0
SQM-B,SQM-B.SN,2025-12-05,57280.0,56639.30859375,1991963.0
BSANTANDER,BSANTANDER.SN,2025-12-12,70.5,67.30525970458984,523686545.0
CENCOSUD,CENCOSUD.SN,2025-12-12,2950.0,2916.492431640625,15876577.0
FALABELLA,FALABELLA.SN,2025-12-12,6390.0,6294.4912109375,8356820.0
SQM-B,SQM-B.SN,2025-12-12,59440.0,58775.1484375,1368050.0
BSANTANDER,BSANTANDER.SN,2025-12-19,69.76000213623047,66.59879302978516,1076416172.0
CENCOSUD,CENCOSUD.SN,2025-12-19,2874.0,2841.355712890625,17923861.0
FALABELLA,FALABELLA.SN,2025-12-19,6134.0,6042.3173828125,11044525.0
SQM-B,SQM-B.SN,2025-12-19,62400.0,61702.04296875,2650609.0
BSANTANDER,BSANTANDER.SN,2025-12-26,71.5,68.25994110107422,283365497.0
CENCOSUD,CENCOSUD.SN,2025-12-26,2901.0,2868.049072265625,6908937.0
FALABELLA,FALABELLA.SN,2025-12-26,6200.0,6107.3310546875,3596330.0
SQM-B,SQM-B.SN,2025-12-26,65192.0,64462.8125,761626.0
BSANTANDER,BSANTANDER.SN,2026-01-02,70.93000030517578,67.71577453613281,79024214.0
CENCOSUD,CENCOSUD.SN,2026-01-02,2930.0,2896.719482421875,5288368.0
FALABELLA,FALABELLA.SN,2026-01-02,6051.0,5960.55810546875,3242815.0
SQM-B,SQM-B.SN,2026-01-02,62115.0,61420.23046875,629713.0
BSANTANDER,BSANTANDER.SN,2026-01-09,73.19999694824219,69.88290405273438,797364471.0
CENCOSUD,CENCOSUD.SN,2026-01-09,3129.0,3093.459228515625,10169074.0
FALABELLA,FALABELLA.SN,2026-01-09,6315.0,6220.61181640625,14069207.0
SQM-B,SQM-B.SN,2026-01-09,66220.0,65479.3125,1737074.0
BSANTANDER,BSANTANDER.SN,2026-01-16,74.5,71.12399291992188,703016863.0
CENCOSUD,CENCOSUD.SN,2026-01-16,3099.0,3063.800048828125,30094644.0
FALABELLA,FALABELLA.SN,2026-01-16,6459.0,6362.45947265625,23463785.0
SQM-B,SQM-B.SN,2026-01-16,69032.0,68259.859375,2744202.0
BSANTANDER,BSANTANDER.SN,2026-01-23,78.19000244140625,74.64678192138672,625533958.0
CENCOSUD,CENCOSUD.SN,2026-01-23,3050.0,3015.356689453125,23823255.0
FALABELLA,FALABELLA.SN,2026-01-23,6471.10009765625,6374.37890625,68050604.0
SQM-B,SQM-B.SN,2026-01-23,73600.0,72776.765625,2068190.0
BSANTANDER,BSANTANDER.SN,2026-01-30,76.88999938964844,73.40569305419922,1045085989.0
CENCOSUD,CENCOSUD.SN,2026-01-30,2925.0,2891.7763671875,14616997.0
FALABELLA,FALABELLA.SN,2026-01-30,6784.0,6682.60205078125,9121793.0
SQM-B,SQM-B.SN,2026-01-30,67700.0,66942.7578125,3059158.0
BSANTANDER,BSANTANDER.SN,2026-02-06,78.5999984741211,75.03820037841797,530127736.0
CENCOSUD,CENCOSUD.SN,2026-02-06,3100.0,3064.78857421875,14788413.0
FALABELLA,FALABELLA.SN,2026-02-06,6599.89990234375,6501.25341796875,8862998.0
SQM-B,SQM-B.SN,2026-02-06,61752.0,61061.2890625,2954616.0
BSANTANDER,BSANTANDER.SN,2026-02-13,76.80000305175781,73.31977081298828,667238553.0
CENCOSUD,CENCOSUD.SN,2026-02-13,3050.0,3015.356689453125,19980378.0
FALABELLA,FALABELLA.SN,2026-02-13,6399.0,6303.3564453125,9230142.0
SQM-B,SQM-B.SN,2026-02-13,61560.0,60871.4375,1877160.0
BSANTANDER,BSANTANDER.SN,2026-02-20,77.66999816894531,74.15034484863281,664344442.0
CENCOSUD,CENCOSUD.SN,2026-02-20,2885.0,2852.230712890625,8162637.0
FALABELLA,FALABELLA.SN,2026-02-20,6081.0,5990.109375,6938562.0
SQM-B,SQM-B.SN,2026-02-20,62690.0,61988.796875,775899.0
BSANTANDER,BSANTANDER.SN,2026-02-27,75.0,71.60133361816406,845879361.0
CENCOSUD,CENCOSUD.SN,2026-02-27,2727.39990234375,2696.420654296875,18320074.0
FALABELLA,FALABELLA.SN,2026-02-27,6480.0,6383.14599609375,10857844.0
SQM-B,SQM-B.SN,2026-02-27,66700.0,65953.9453125,2447297.0
BSANTANDER,BSANTANDER.SN,2026-03-06,71.20999908447266,67.98308563232422,923070007.0
CENCOSUD,CENCOSUD.SN,2026-03-06,2617.0,2587.27490234375,16576700.0
FALABELLA,FALABELLA.SN,2026-03-06,6118.0,6026.556640625,10726613.0
SQM-B,SQM-B.SN,2026-03-06,64997.0,64269.9921875,3070300.0
BSANTANDER,BSANTANDER.SN,2026-03-13,70.9800033569336,67.76351165771484,676238984.0
CENCOSUD,CENCOSUD.SN,2026-03-13,2605.0,2575.4111328125,11944737.0
FALABELLA,FALABELLA.SN,2026-03-13,6000.0,5910.3203125,9349871.0
SQM-B,SQM-B.SN,2026-03-13,68945.0,68173.8359375,1218522.0
BSANTANDER,BSANTANDER.SN,2026-03-20,72.9000015258789,69.59650421142578,714505125.0
CENCOSUD,CENCOSUD.SN,2026-03-20,2360.0,2333.19384765625,13248386.0
FALABELLA,FALABELLA.SN,2026-03-20,5995.0,5905.39501953125,7419676.0
SQM-B,SQM-B.SN,2026-03-20,64014.0,63297.98828125,1491148.0
BSANTANDER,BSANTANDER.SN,2026-03-27,73.75,70.4079818725586,915284224.0
CENCOSUD,CENCOSUD.SN,2026-03-27,2400.10009765625,2372.838623046875,19243771.0
FALABELLA,FALABELLA.SN,2026-03-27,5370.0,5370.0,15994932.0
SQM-B,SQM-B.SN,2026-03-27,75950.0,75100.484375,3288533.0
BSANTANDER,BSANTANDER.SN,2026-04-02,75.81999969482422,72.3841781616211,973105732.0
CENCOSUD,CENCOSUD.SN,2026-04-02,2500.0,2471.603759765625,13714433.0
FALABELLA,FALABELLA.SN,2026-04-02,5850.0,5850.0,11437553.0
SQM-B,SQM-B.SN,2026-04-02,74950.0,74111.6640625,1897291.0
BSANTANDER,BSANTANDER.SN,2026-04-10,78.5199966430664,74.96182250976562,889933251.0
CENCOSUD,CENCOSUD.SN,2026-04-10,2627.0,2597.1611328125,10857315.0
FALABELLA,FALABELLA.SN,2026-04-10,6031.7998046875,6031.7998046875,9171056.0
SQM-B,SQM-B.SN,2026-04-10,73750.0,72925.0859375,2308813.0
BSANTANDER,BSANTANDER.SN,2026-04-17,79.48999786376953,75.88787078857422,677834185.0
CENCOSUD,CENCOSUD.SN,2026-04-17,2520.0,2491.37646484375,14410747.0
FALABELLA,FALABELLA.SN,2026-04-17,5920.0,5920.0,7919287.0
SQM-B,SQM-B.SN,2026-04-17,78150.0,77275.875,2691416.0
BSANTANDER,BSANTANDER.SN,2026-04-24,75.97000122070312,72.52738189697266,647359812.0
CENCOSUD,CENCOSUD.SN,2026-04-24,2380.0,2352.966796875,12058675.0
FALABELLA,FALABELLA.SN,2026-04-24,5959.89990234375,5959.89990234375,6775676.0
SQM-B,SQM-B.SN,2026-04-24,79302.0,78414.9921875,1373524.0
BSANTANDER,BSANTANDER.SN,2026-04-30,71.94999694824219,71.94999694824219,711522760.0
CENCOSUD,CENCOSUD.SN,2026-04-30,2275.0,2249.159423828125,8304858.0
FALABELLA,FALABELLA.SN,2026-04-30,5450.0,5450.0,5032214.0
SQM-B,SQM-B.SN,2026-04-30,82755.0,81829.3671875,1092843.0
BSANTANDER,BSANTANDER.SN,2026-05-08,67.5,67.5,642059411.0
CENCOSUD,CENCOSUD.SN,2026-05-08,2230.0,2230.0,14888710.0
FALABELLA,FALABELLA.SN,2026-05-08,5750.0,5750.0,9694931.0
SQM-B,SQM-B.SN,2026-05-08,82056.0,82056.0,1519890.0
BSANTANDER,BSANTANDER.SN,2026-05-15,68.98999786376953,68.98999786376953,936149777.0
CENCOSUD,CENCOSUD.SN,2026-05-15,2060.0,2060.0,19220958.0
FALABELLA,FALABELLA.SN,2026-05-15,5500.2001953125,5500.2001953125,11038215.0
SQM-B,SQM-B.SN,2026-05-15,76590.0,76590.0,1560512.0
BSANTANDER,BSANTANDER.SN,2026-05-22,70.19999694824219,70.19999694824219,569625584.0
CENCOSUD,CENCOSUD.SN,2026-05-22,2116.0,2116.0,9467053.0
FALABELLA,FALABELLA.SN,2026-05-22,5719.0,5719.0,7762251.0
SQM-B,SQM-B.SN,2026-05-22,71950.0,71950.0,1142320.0
BSANTANDER,BSANTANDER.SN,2026-05-29,70.0,70.0,817563372.0
CENCOSUD,CENCOSUD.SN,2026-05-29,2099.0,2099.0,23984422.0
FALABELLA,FALABELLA.SN,2026-05-29,5700.0,5700.0,22448864.0
SQM-B,SQM-B.SN,2026-05-29,76200.0,76200.0,2743725.0
BSANTANDER,BSANTANDER.SN,2026-06-05,68.69999694824219,68.69999694824219,489183700.0
CENCOSUD,CENCOSUD.SN,2026-06-05,2110.0,2110.0,17767184.0
FALABELLA,FALABELLA.SN,2026-06-05,5511.0,5511.0,11657316.0
SQM-B,SQM-B.SN,2026-06-05,69340.0,69340.0,3118350.0
BSANTANDER,BSANTANDER.SN,2026-06-12,73.5999984741211,73.5999984741211,776389916.0
CENCOSUD,CENCOSUD.SN,2026-06-12,2248.0,2248.0,17780450.0
FALABELLA,FALABELLA.SN,2026-06-12,5950.0,5950.0,10038213.0
SQM-B,SQM-B.SN,2026-06-12,75500.0,75500.0,1820549.0
BSANTANDER,BSANTANDER.SN,2026-06-19,74.0,74.0,536402627.0
CENCOSUD,CENCOSUD.SN,2026-06-19,2116.0,2116.0,25603854.0
FALABELLA,FALABELLA.SN,2026-06-19,6065.0,6065.0,27961878.0
SQM-B,SQM-B.SN,2026-06-19,73200.0,73200.0,1830924.0
BSANTANDER,BSANTANDER.SN,2026-06-26,75.0,75.0,534282086.0
CENCOSUD,CENCOSUD.SN,2026-06-26,2127.0,2127.0,11330241.0
FALABELLA,FALABELLA.SN,2026-06-26,5889.89990234375,5889.89990234375,8029760.0
SQM-B,SQM-B.SN,2026-06-26,65950.0,65950.0,1527840.0
BSANTANDER,BSANTANDER.SN,2026-07-03,75.05000305175781,75.05000305175781,273197062.0
CENCOSUD,CENCOSUD.SN,2026-07-03,2090.0,2090.0,7275479.0
FALABELLA,FALABELLA.SN,2026-07-03,5839.89990234375,5839.89990234375,4526031.0
SQM-B,SQM-B.SN,2026-07-03,66990.0,66990.0,993375.0
BSANTANDER,BSANTANDER.SN,2026-07-10,79.0,79.0,593513705.0
CENCOSUD,CENCOSUD.SN,2026-07-10,2045.0999755859375,2045.0999755859375,12810548.0
FALABELLA,FALABELLA.SN,2026-07-10,5905.0,5905.0,6859542.0
SQM-B,SQM-B.SN,2026-07-10,67750.0,67750.0,1467025.0
BSANTANDER,BSANTANDER.SN,2026-07-15,78.16000366210938,78.16000366210938,157155543.0
CENCOSUD,CENCOSUD.SN,2026-07-15,2005.0,2005.0,6558613.0
FALABELLA,FALABELLA.SN,2026-07-15,5853.0,5853.0,3001472.0
IPSA,^IPSA,2026-07-15,10947.3798828125,10947.3798828125,969842952.0
SQM-B,SQM-B.SN,2026-07-15,66050.0,66050.0,985190.0
