source_page,date,ticker,broker,recommendation,score,current_price_ocr,target_price_ocr,raw_text
20,2021-07-08,CENCOSUD,BCI,Sobreponderar,1,2005.0,1750.0,"Cencosud S.A CENCOSUD BCI ‘Sobreponderar 2.005,00 1.400,00 » 1.750,00 12.72% 08/07/2021"
20,2021-07-09,CENCOSUD,Credicorp Capital,Comprar,1,2005.0,1820.0,"Cencosud S.A. CENCOSUD Credicorp Capital Comprar 2.005,00 1.820,00 » 1.820,00 9.23% 09/07/2021"
20,2021-07-14,BSANTANDER,Credicorp Capital,Comprar,1,78.16,52.0,"Banco Santander-Chile BSANTANDER —_Credicorp Capital Comprar 78,16 52,00 » 52,00 -33,47% 14/07/2021"
19,2021-07-15,BSANTANDER,JPMorgan,Sobreponderar,1,78.16,26.0,"Banco Santander-Chile BSANTANDER JPMorgan Sobreponderar 78,16 28,00 » 26,00 -66,73% 15/07/2021"
19,2021-07-19,BSANTANDER,JPMorgan,Sobreponderar,1,,26.0,"Banco Santander-Chile ACR JPMorgan Sobreponderar 26,00 » 26,00 19/07/2021"
19,2021-07-19,CENCOSUD,JPMorgan,Sobreponderar,1,2005.0,1500.0,"Cencosud S.A. CENCOSUD JPMorgan Sobreponderar 2.005,00 1.500,00 » 1.500,00 -25,19% 19/07/2021"
18,2021-07-20,BSANTANDER,BTG Pactual,Comprar,1,,45.0,"Banco Santander-Chile BSANTANDER _BTG Pactual Comprar 78.16 47,00 » 45,00 -42,43% 20/07/2021"
17,2021-07-22,BSANTANDER,MBI,Comprar,1,78.16,43.9,"Banco Santander-Chile BSANTANDER MBI Comprar 78,16 43,90 » 43,90 -43,83% 22/07/2021"
16,2021-07-26,SQM-B,Credicorp Capital,Mantener,0,66050.0,42000.0,"Soceaaa Guimica yMinera sam-B Credicorp Capital Mantener 66.050,00 42.000,00 » 42.000,00 -26,41% 26/07/2021"
14,2021-08-02,CENCOSUD,BCI,Sobreponderar,1,2005.0,1750.0,"Cencosud S.A. CENCOSUD BCI Sobreponderar 2.005,00 1.750,00 » 1.750,00 -12,72% 02/08/2021"
14,2021-08-03,CENCOSUD,Credicorp Capital,Comprar,1,2005.0,1820.0,"Cencosud S.A. CENCOSUD Credicorp Capital © Comprar 2.005,00 1.820,00 » 1.820,00 -9,23% 03/08/2021"
13,2021-08-04,CENCOSUD,Credicorp Capital,Comprar,1,2005.0,1820.0,"Cencosud S.A. CENCOSUD Credicorp Capital Comprar 2.005,00 1.820,00 » 1.820,00 -9,23% 04/08/2021"
13,2021-08-04,FALABELLA,BICE,Comprar,1,5853.0,3835.0,"SACI. Falabella FALABELLA BICE Comprar 5.853,00 3.835,00 » 3.835,00 -34,48% 04/08/2021"
13,2021-08-04,FALABELLA,Credicorp Capital,Comprar,1,5853.0,3470.0,"SACL. Falabella FALABELLA Credicorp Capital Comprar 5.853,00 3.470,00 » 3.470,00 ~40,71% 04/08/2021"
12,2021-08-09,CENCOSUD,SCOTIA,Comprar,1,2005.0,2000.0,"Cencosud S.A. CENCOSUD SCOTIA Comprar 2.005,00 1.750,00 » 2.000,00 0.25% 09/08/2021"
11,2021-08-11,BSANTANDER,BTG Pactual,Comprar,1,78.16,45.0,"Banco Santander-Chile BSANTANDER —_BTG Pactual Comprar 78,16 45,00 » 45,00 -42,43% 11/08/2021"
10,2021-08-12,CENCOSUD,Credicorp Capital,Comprar,1,2005.0,1820.0,"Cencosud S.A. CENCOSUD Credicorp Capital Comprar 2.005,00 1.820,00 » 1.820,00 -9,23% 12/08/2021"
10,2021-08-13,CENCOSUD,BTG Pactual,Comprar,1,2005.0,1850.0,"Cencosud S.A. CENCOSUD BTG Pactual Comprar 2.005,00 1.850,00 » 1.850,00 1.73% 13/08/2021"
10,2021-08-13,CENCOSUD,Credicorp Capital,Comprar,1,2005.0,1820.0,"Cencosud S.A. CENCOSUD Credicorp Capital Comprar 2.005,00 1.820,00 » 1.820,00 -9,23% 13/08/2021"
10,2021-08-13,CENCOSUD,Goldman Sachs,Vender,-1,2005.0,1180.0,"Cencosud S.A. CENCOSUD Goldman Sachs Vender 2.005,00 1.180,00 » 1.180,00 -41,15% 13/08/2021"
8,2021-08-19,SQM-B,BICE,Mantener,0,66050.0,35184.0,"Sociedad Quimicay Minera sany.p BICE Mantener 66.050,00 35.184,00 » 35.184,00 -46,73% 19/08/2021"
8,2021-08-19,SQM-B,Credicorp Capital,Mantener,0,66050.0,42000.0,"Se yMinera sqM-B Credicorp Capital Mantener 66.050,00 42.000,00 » 42.000,00 -36,41% 19/08/2021"
6,2021-08-25,CENCOSUD,BTG Pactual,Comprar,1,2005.0,1850.0,"Cencosud S.A. CENCOSUD BTG Pactual Comprar 2.005,00 1.850,00 » 1.850,00 7.73% 25/08/2021"
6,2021-08-25,FALABELLA,Credicorp Capital,Comprar,1,5853.0,3470.0,"SAC. Falabella FALABELLA Credicorp Capital Comprar 5.853,00 3.470,00 » 3.470,00 -40,71% 25/08/2021"
4,2021-09-01,FALABELLA,BANCHILE,Neutral,0,5853.0,3650.0,"SAC. Falabella FALABELLA BANCHILE Neutral 5.853,00 3.650,00 » 3.650,00 -37,64% 01/09/2021"
4,2021-09-01,FALABELLA,JPMorgan,Neutral,0,853.0,3450.0,"SAC.. Falabella FALABELLA JPMorgan Neutral §.853,00 3.450,00 » 3.450,00 -41,06% 01/09/2021"
3,2021-09-02,BSANTANDER,Credicorp Capital,Comprar,1,78.16,52.0,"Banco Santander-Chile BSANTANDER Credicorp Capital © Comprar 78,16 52,00 » 52,00 -33,47% 02/09/2021"
3,2021-09-02,CENCOSUD,Credicorp Capital,Comprar,1,2005.0,1820.0,"Cencosud S.A. CENCOSUD Credicorp Capital © Comprar 2.005,00 1.820,00 » 1.820,00 -9,23% 02/09/2021"
3,2021-09-02,FALABELLA,Credicorp Capital,Comprar,1,5853.0,3470.0,"S.AC.I. Falabella FALABELLA Credicorp Capital © Comprar 5.853,00 3.470,00 » 3.470,00 ~40,71% 02/09/2021"
3,2021-09-03,CENCOSUD,Credicorp Capital,Comprar,1,2005.0,1820.0,"Cencosud S.A. CENCOSUD Credicorp Capital © Comprar 2.005,00 1.820,00 » 1.820,00 -9,23% 03/09/2021"
3,2021-09-03,FALABELLA,Credicorp Capital,Comprar,1,5853.0,3470.0,"S.AC.I. Falabella FALABELLA Credicorp Capital © Comprar 5.853,00 3.470,00 » 3.470,00 -40,71% 03/09/2021"
2,2021-09-06,CENCOSUD,Credicorp Capital,Comprar,1,2005.0,1820.0,"Cencosud S.A. CENCOSUD Credicorp Capital ‘Comprar 2.005,00 1.820,00 » 1.820,00 -9,23% 06/09/2021"
2,2021-09-07,CENCOSUD,BICE,Comprar,1,2005.0,1748.0,"Cencosud S.A. CENCOSUD BICE ‘Comprar 2.005,00 1.748,00 » 1.748,00 -12,82% 07/09/2021"
2,2021-09-07,FALABELLA,BICE,Comprar,1,5853.0,3835.0,"SAC Falabella FALABELLA BICE Comprar 5.853,00 3.835,00 » 3.835,00 -34,48% 07/09/2021"
1,2021-09-09,CENCOSUD,BTG Pactual,Comprar,1,2005.0,1850.0,"Cencosud S.A. CENCOSUD BTG Pactual Comprar 2.005,00 1.850,00 » 1.850,00 -7,73% 09/09/2021"
40,2021-09-09,SQM-B,Morgan Stanley,Subponderar,-1,,45.0,"Sociedad Quimica y Minera sam (apr) Morgan Stanley Subponderar 45,00 » 45,00 09/09/2021"
40,2021-09-10,BSANTANDER,MBI,Comprar,1,78.16,43.9,"Banco Santander-Chile BSANTANDER MBI Comprar 78,16 43,90 » 43,90 -43,83% 10/09/2021"
39,2021-09-10,CENCOSUD,MBI,Comprar,1,2005.0,1610.0,"Cencosud S.A. CENCOSUD MBI Comprar 2.005,00 1.610,00 » 1.610,00 -19,70% 10/09/2021"
39,2021-09-13,BSANTANDER,JPMorgan,Sobreponderar,1,,26.0,"Banco Santander-Chile faon) JPMorgan ‘Sobreponderar 26,00 » 26,00 13/09/2021"
37,2021-09-16,BSANTANDER,Credicorp Capital,Comprar,1,78.16,51.0,"Banco Santander-Chile BSANTANDER —Credicorp Capital Comprar 78,16 52,00 » 51,00 -34,75% 16/09/2021"
38,2021-09-16,CENCOSUD,Credicorp Capital,Comprar,1,2005.0,2000.0,"Cencosud S.A. CENCOSUD Credicorp Capital © Comprar 2.005,00 1.820,00 » 2.000,00 0.25% 16/09/2021"
37,2021-09-16,FALABELLA,Credicorp Capital,Mantener,0,5853.0,3750.0,"SACL Falabella FALABELLA Credicorp Capital Mantener 5.853,00 3.470,00 » 3.750,00 -35,93% 16/09/2021"
35,2021-09-22,BSANTANDER,Credicorp Capital,Comprar,1,78.16,51.0,"Banco Santander-Chile BSANTANDER —Credicorp Capital Comprar 78,16 51,00 » 51,00 -34,75% 22/09/2021"
35,2021-09-22,CENCOSUD,BCI,Sobreponderar,1,2005.0,1750.0,"Cencosud S.A. CENCOSUD BCI ‘Sobreponderar 2.005,00 1.750,00 » 1.750,00 -12,72% 22/09/2021"
34,2021-09-23,FALABELLA,Goldman Sachs,Neutral,0,5853.0,3180.0,"SAC. Falabella FALABELLA Goldman Sachs Neutral 5.853,00 3.220,00 » 3.180,00 -45,67% 23/09/2021"
33,2021-09-27,CENCOSUD,Credicorp Capital,Comprar,1,2005.0,2000.0,"Cencosud S.A. CENCOSUD Credicorp Capital Comprar 2.005,00 2.000,00 » 2.000,00 0.25% 27/09/2021"
33,2021-09-28,CENCOSUD,BICE,Comprar,1,2005.0,1748.0,"Cencosud S.A. CENCOSUD BICE Comprar 2.005,00 1.748,00 » 1.748,00 -12,82% 28/09/2021"
31,2021-09-30,BSANTANDER,BANCHILE,Comprar,1,78.16,46.0,"Banco Santander-Chile BSANTANDER —BANCHILE Comprar 78,16 46,00 » 46,00 -41,15% 30/09/2021"
30,2021-10-04,CENCOSUD,BICE,Comprar,1,2005.0,1748.0,"Cencosud S.A. CENCOSUD BICE Comprar 2.005,00 1.748,00 » 1.748,00 -12,82% 04/10/2021"
30,2021-10-04,FALABELLA,BICE,Comprar,1,5853.0,3835.0,"SACI Falabella FALABELLA BICE Comprar 5.853,00 3.835,00 » 3.835,00 -34,48% 04/10/2021"
29,2021-10-06,BSANTANDER,Credicorp Capital,Comprar,1,78.16,51.0,"Banco Santander-Chile BSANTANDER Credicorp Capital © Comprar 78,16 51,00 » 51,00 -34,75% 06/10/2021"
29,2021-10-06,CENCOSUD,Credicorp Capital,Comprar,1,2005.0,2000.0,"Cencosud S.A. CENCOSUD Credicorp Capital Comprar 2.005,00 2.000,00 » 2.000,00 -0,25% 06/10/2021"
29,2021-10-06,FALABELLA,Credicorp Capital,Mantener,0,5853.0,3750.0,"S.AC.L. Falabella FALABELLA Credicorp Capital © Mantener 5.853,00 3.750,00 » 3.750,00 -35,93% 06/10/2021"
28,2021-10-07,BSANTANDER,BCI,Neutral,0,78.16,45.0,"Banco Santander-Chile BSANTANDER BCI Neutral 78,16 45,00 -42,43% 07/10/2021"
28,2021-10-07,BSANTANDER,JPMorgan,Sobreponderar,1,,26.0,"Banco Santander-Chile (apn) NFR JPMorgan ‘Sobreponderar 26,00 » 26,00 07/10/2021"
28,2021-10-07,CENCOSUD,BCI,Sobreponderar,1,2005.0,1750.0,"Cencosud S.A. CENCOSUD BCI Sobreponderar 2.005,00 1.750,00 -12,72% 07/10/2021"
28,2021-10-07,CENCOSUD,JPMorgan,Sobreponderar,1,2005.0,1500.0,"Cencosud S.A. CENCOSUD JPMorgan ‘Sobreponderar 2.005,00 1.500,00 » 1.500,00 -25,19% 07/10/2021"
28,2021-10-07,FALABELLA,BCI,Neutral,0,5853.0,3150.0,"SAC. Falabella FALABELLA BCI Neutral 5.853,00 3.150,00 -46,18% 07/10/2021"
28,2021-10-07,SQM-B,BCI,Neutral,0,66050.0,48000.0,"Ge chile SA. sQm-B BCI Neutral 66.050,00 48.000,00 -27,33% 07/10/2021"
27,2021-10-08,FALABELLA,Credicorp Capital,Mantener,0,5853.0,3750.0,"SACI. Falabella FALABELLA Credicorp Capital Mantener 5.853,00 3.750,00 » 3.750,00 -35,93% 08/10/2021"
26,2021-10-12,CENCOSUD,Credicorp Capital,Comprar,1,2005.0,2000.0,"Cencosud S.A. CENCOSUD Credicorp Capital Comprar 2.005,00 2.000,00 » 2.000,00 -0,25% 12/10/2021"
26,2021-10-13,CENCOSUD,BANCHILE,Comprar,1,2005.0,2000.0,"Cencosud S.A CENCOSUD BANCHILE Comprar 2.005,00 2.000,00 » 2.000,00 -0,25% 13/10/2021"
26,2021-10-13,CENCOSUD,Morgan Stanley,Subponderar,-1,2005.0,1250.0,"Cencosud S.A. CENCOSUD Morgan Stanley Subponderar 2.005,00 1.250,00 » 1.250,00 -37,66% 13/10/2021"
26,2021-10-13,FALABELLA,BANCHILE,Mantener,0,5853.0,3650.0,"SACL. Falabella FALABELLA BANCHILE Mantener 5.853,00 3.650,00 » 3.650,00 -37 64% 13/10/2021"
26,2021-10-14,BSANTANDER,JPMorgan,Sobreponderar,1,,26.0,"Banco Santander-Chile ee JPMorgan ‘Sobreponderar 26,00 » 26,00 14/10/2021"
25,2021-10-15,BSANTANDER,Credicorp Capital,Comprar,1,78.16,51.0,"Banco Santander-Chile BSANTANDER —Credicorp Capital Comprar 78,16 51,00 » 51,00 -34,75% 15/10/2021"
23,2021-10-20,CENCOSUD,MBI,Comprar,1,2005.0,1997.0,"Cencosud S.A. CENCOSUD MBI Comprar 2.005,00 1.997,00 0.40% 20/10/2021"
22,2021-10-22,SQM-B,Morgan Stanley,Subponderar,-1,,51.0,"Sociedad Quimica y Minera say (apR) Morgan Stanley Subponderar 45,00 » 51,00 22/10/2021"
22,2021-10-25,BSANTANDER,BTG Pactual,Comprar,1,78.16,45.0,"Banco Santander-Chile BSANTANDER _BTG Pactual Comprar 78,16 45,00 » 45,00 -42,43% 25/10/2021"
22,2021-10-25,CENCOSUD,Credicorp Capital,Comprar,1,2005.0,2000.0,"Cencosud S.A. CENCOSUD Credicorp Capital Comprar 2.005,00 2.000,00 » 2.000,00 0.25% 25/10/2021"
22,2021-10-26,CENCOSUD,Credicorp Capital,Comprar,1,2005.0,2000.0,"Cencosud S.A. CENCOSUD Credicorp Capital Comprar 2.005,00 2.000,00 » 2.000,00 0.25% 26/10/2021"
22,2021-10-26,SQM-B,Credicorp Capital,Mantener,0,66050.0,47000.0,"soceeancuimcay Minera sqm.B Credicorp Capital Mantener 66.050,00 47.000,00 » 47.000,00 -28,84% 26/10/2021"
60,2021-11-03,CENCOSUD,Credicorp Capital,Comprar,1,2005.0,2000.0,"Cencosud S.A. CENCOSUD Credicorp Capital Comprar 2.005,00 2.000,00 » 2.000,00 -0,25% 03/11/2021"
60,2021-11-03,FALABELLA,Credicorp Capital,Mantener,0,5853.0,3750.0,"SACL. Falabella FALABELLA Credicorp Capital Mantener 5.853,00 3.750,00 » 3.750,00 -35,93% 03/11/2021"
57,2021-11-09,FALABELLA,JPMorgan,Sobreponderar,1,5853.0,3600.0,"SAC. Falabella FALABELLA JPMorgan Sobreponderar 5.853,00 3.450,00 » 3.600,00 -38,49% 09/11/2021"
56,2021-11-10,FALABELLA,BANCHILE,Neutral,0,5853.0,3650.0,"SACL. Falabella FALABELLA BANCHILE Neutral 5.853,00 3.650,00 » 3.650,00 -37,64% 10/11/2021"
56,2021-11-10,FALABELLA,BTG Pactual,Comprar,1,5853.0,3700.0,"SACL. Falabella FALABELLA BTG Pactual Comprar 5.853,00 3.700,00 » 3.700,00 -36,78% 10/11/2021"
57,2021-11-10,FALABELLA,Credicorp Capital,Mantener,0,5853.0,3750.0,"S.AC.I. Falabella FALABELLA Credicorp Capital © Mantener 5.853,00 3.750,00 » 3.750,00 -35,93% 10/11/2021"
56,2021-11-10,FALABELLA,JPMorgan,Sobreponderar,1,853.0,3600.0,"SAC.I. Falabella FALABELLA JPMorgan Sobreponderar §.853,00 3.600,00 » 3.600,00 -38,49% 10/11/2021"
56,2021-11-12,CENCOSUD,Credicorp Capital,Comprar,1,2005.0,2000.0,"Cencosud S.A. CENCOSUD Credicorp Capital Comprar 2.005,00 2.000,00 » 2.000,00 0.25% = 12/11/2021"
54,2021-11-18,SQM-B,BCI,Neutral,0,66050.0,48000.0,"Sociedad Quimica y Minera gony.g, BCI Neutral 66.050,00 48,000,00 » 48.000,00 27.33% 18/11/2021"
54,2021-11-18,SQM-B,Credicorp Capital,Mantener,0,66050.0,47000.0,"Socecae Sinica yMinera sqM-B Credicorp Capital Mantener 66.050,00 47.000,00 » 47.000,00 -28,84% 18/11/2021"
53,2021-11-22,BSANTANDER,JPMorgan,Sobreponderar,1,,25.0,"Banco Santander-Chile ic JPMorgan ‘Sobreponderar 25,00 » 25,00 22/11/2021"
51,2021-12-01,BSANTANDER,BCI,Neutral,0,78.16,45.0,"Banco Santander-Chile BSANTANDER BCI Neutral 78,16 45,00 » 45,00 ~42,43% 01/12/2021"
51,2021-12-02,CENCOSUD,Morgan Stanley,Subponderar,-1,2005.0,1400.0,"Cencosud S.A. CENCOSUD Morgan Stanley ‘Subponderar 2.005,00 1.250,00 » 1.400,00 -30,17% 02/12/2021"
49,2021-12-09,CENCOSUD,Credicorp Capital,Comprar,1,2005.0,2000.0,"Cencosud S.A. CENCOSUD Credicorp Capital Comprar 2.005,00 2.000,00 » 2.000,00 0.25% 09/12/2021"
48,2021-12-14,BSANTANDER,JPMorgan,Sobreponderar,1,78.16,24.0,"Banco Santander-Chile BSANTANDER — JPMorgan Sobreponderar 78,16 25,00 » 24,00 14/12/2021"
47,2021-12-15,BSANTANDER,BANCHILE,Comprar,1,78.16,48.0,"Banco Santander-Chile BSANTANDER —BANCHILE Comprar 78,16 48,00 » 48,00 -38,59% 15/12/2021"
47,2021-12-15,BSANTANDER,Credicorp Capital,Comprar,1,78.16,51.0,"Banco Santander-Chile BSANTANDER Credicorp Capital © Comprar 78,16 51,00 » 51,00 -34,75% 15/12/2021"
47,2021-12-16,FALABELLA,Morgan Stanley,Sobreponderar,1,5853.0,3400.0,"SACI. Falabella FALABELLA Morgan Stanley Sobreponderar 5.853,00 3.050,00 » 3.400,00 -41,91% 16/12/2021"
48,2021-12-19,FALABELLA,MBI,Comprar,1,5853.0,3563.0,"SACL Falabella FALABELLA MBI Comprar 5.853,00 3.563,00 » 3.563,00 -39,13% 19/12/2021"
46,2021-12-20,BSANTANDER,JPMorgan,Sobreponderar,1,,24.0,"Banco Santander-Chile ee JPMorgan ‘Sobreponderar 24,00 » 24,00 20/12/2021"
45,2021-12-22,BSANTANDER,BTG Pactual,Comprar,1,78.16,45.0,"Banco Santander-Chile BSANTANDER _BTG Pactual Comprar 78,16 45,00 » 45,00 -42,43% 22/12/2021"
44,2021-12-24,CENCOSUD,Credicorp Capital,Comprar,1,2005.0,2000.0,"Cencosud S.A. CENCOSUD Credicorp Capital © Comprar 2.005,00 2.000,00 » 2.000,00 025% 24/12/2021"
45,2021-12-24,SQM-B,Credicorp Capital,Mantener,0,66050.0,47000.0,"Soceaag culmica yMinera sqm-B Credicorp Capital Mantener 66.050,00 47.000,00 » 47.000,00 -28,84% 24/12/2021"
44,2021-12-28,FALABELLA,Credicorp Capital,Mantener,0,5853.0,3750.0,"SAC. Falabella FALABELLA Credicorp Capital Mantener 5.853,00 3.750,00 » 3.750,00 -35,93% 28/12/2021"
44,2021-12-29,BSANTANDER,LarrainVial Estudios,Sobreponderar,1,78.16,48.0,"Banco Santander-Chile BSANTANDER Estudios Sobreponderar 78,16 48,00 -38,59% 29/12/2021"
43,2021-12-31,BSANTANDER,BICE,Comprar,1,78.16,45.3,"Banco Santander-Chile BSANTANDER BICE Comprar 78,16 45,30 » 45,30 -42,04% 31/12/2021"
43,2022-01-03,BSANTANDER,BANCHILE,Comprar,1,78.16,48.0,"Banco Santander-Chile BSANTANDER BANCHILE Comprar 78,16 48,00 -38,59% 03/01/2022"
42,2022-01-05,FALABELLA,BICE,Comprar,1,5853.0,3835.0,"SACI. Falabella FALABELLA BICE Comprar 5.853,00 3.835,00 -34,48% 05/01/2022"
42,2022-01-10,FALABELLA,Morgan Stanley,Sobreponderar,1,5853.0,3050.0,"SACI. Falabella FALABELLA Morgan Stanley Sobreponderar 5.853,00 3.050,00 -47, 89% 10/01/2022"
41,2022-01-17,FALABELLA,BANCHILE,Comprar,1,5853.0,3550.0,"SACI. Falabella FALABELLA BANCHILE Comprar 5.853,00 3.650,00 » 3.550,00 -39,35% 17/01/2022"
41,2022-01-25,SQM-B,BICE,Mantener,0,66050.0,48422.0,"de Chie SA. SQM-B BICE Mantener 66.050,00 48.422,00 -26,69% 25/01/2022"
79,2022-01-26,FALABELLA,BTG Pactual,Comprar,1,5853.0,4000.0,"SAC. Falabella FALABELLA BTG Pactual Comprar 5.853,00 3,700,00 » 4.000,00 -31,66% 26/01/2022"
78,2022-01-31,FALABELLA,Credicorp Capital,Mantener,0,5853.0,3750.0,"SACL. Falabella FALABELLA Credicorp Capital Mantener 5.853,00 3.750,00 » 3.750,00 -35,93% 31/01/2022"
78,2022-01-31,FALABELLA,JPMorgan,Sobreponderar,1,5853.0,3600.0,"SACL. Falabella FALABELLA JPMorgan ‘Sobreponderar 5.853,00 3.600,00 » 3.600,00 -38,49% 31/01/2022"
77,2022-02-01,FALABELLA,Morgan Stanley,Sobreponderar,1,5853.0,3400.0,"SACI. Falabella FALABELLA Morgan Stanley Sobreponderar 5.853,00 3.400,00 » 3.400,00 -41,91% 01/02/2022"
77,2022-02-01,SQM-B,BCI,Neutral,0,66050.0,48000.0,"GechieSA. sQM-B BCI Neutral 66.050,00 48.000,00 » 48.000,00 -27,33% 01/02/2022"
76,2022-02-02,BSANTANDER,Credicorp Capital,Comprar,1,78.16,51.0,"Banco Santander-Chile BSANTANDER —Credicorp Capital Comprar 78,16 51,00 » 51,00 -34,75% 02/02/2022"
77,2022-02-02,CENCOSUD,Credicorp Capital,Comprar,1,2005.0,2000.0,"Cencosud S.A. CENCOSUD Credicorp Capital Comprar 2.005,00 2.000,00 » 2.000,00 -0,25% 02/02/2022"
77,2022-02-02,SQM-B,Credicorp Capital,Mantener,0,66050.0,47000.0,"Sociedad Quimica yMinera sqm-B Credicorp Capital Mantener 66.050,00 47.000,00 » 47.000,00 -28,84% 02/02/2022"
76,2022-02-03,BSANTANDER,BANCHILE,Comprar,1,78.16,48.0,"Banco Santander-Chile BSANTANDER —BANCHILE Comprar 78,16 48,00 » 48,00 -38,59% 03/02/2022"
74,2022-02-11,SQM-B,BCI,Neutral,0,66050.0,55000.0,"Sociedad Quimica y Minera sou BCI Neutral 66.050,00 48.000,00 » 55.000,00 -16,73% 11/02/2022"
73,2022-02-14,BSANTANDER,JPMorgan,Sobreponderar,1,,24.0,"Banco Santander-Chile (apn) JPMorgan Sobreponderar 24,00 » 24,00 14/02/2022"
73,2022-02-16,BSANTANDER,Credicorp Capital,Comprar,1,78.16,51.0,"Banco Santander-Chile BSANTANDER Credicorp Capital © Comprar 78,16 51,00 » 51,00 -34,75% 16/02/2022"
73,2022-02-16,CENCOSUD,BTG Pactual,Comprar,1,2005.0,1900.0,"Cencosud S.A. CENCOSUD BTG Pactual Comprar 2.005,00 1.900,00 » 1.900,00 5.24% 16/02/2022"
68,2022-03-02,FALABELLA,BCI,Neutral,0,5853.0,3150.0,"SAC. Falabella FALABELLA BCI Neutral 5.853,00 3.150,00 » 3.150,00 -46,18% 02/03/2022"
68,2022-03-02,FALABELLA,Credicorp Capital,Mantener,0,5853.0,3750.0,"SACL Falabella FALABELLA Credicorp Capital Mantener 5.853,00 3.750,00 » 3.750,00 -35,93% 02/03/2022"
69,2022-03-02,FALABELLA,JPMorgan,Sobreponderar,1,5853.0,3600.0,"SACL Falabella FALABELLA JPMorgan Sobreponderar 5.853,00 3.600,00 » 3.600,00 -38,49% 02/03/2022"
68,2022-03-02,FALABELLA,Morgan Stanley,Sobreponderar,1,5853.0,3400.0,"SAC. Falabella FALABELLA Morgan Stanley Sobreponderar 5.853,00 3.400,00 » 3.400,00 -41,91% 02/03/2022"
68,2022-03-03,SQM-B,BICE,Mantener,0,66050.0,48422.0,"Sociedad Quimica y Minera gay, BICE Mantener 66.050,00 48.422,00 » 48.422,00 -26,69% 03/03/2022"
68,2022-03-03,SQM-B,JPMorgan,Sobreponderar,1,,78.0,"Sociedad Quimica y Minera samy (apr) JPMorgan Sobreponderar 78,00 » 78,00 03/03/2022"
67,2022-03-04,CENCOSUD,BANCHILE,Comprar,1,2005.0,1900.0,"Cencosud S.A. CENCOSUD BANCHILE Comprar 2.005,00 1.900,00 » 1.900,00 -5,24% 04/03/2022"
67,2022-03-04,CENCOSUD,Credicorp Capital,Comprar,1,2005.0,2000.0,"Cencosud S.A. CENCOSUD Credicorp Capital © Comprar 2.005,00 2.000,00 » 2.000,00 0.25% 04/03/2022"
66,2022-03-08,CENCOSUD,BANCHILE,Comprar,1,2005.0,1900.0,"Cencosud S.A. CENCOSUD BANCHILE Comprar 2.005,00 1.900,00 » 1.900,00 5.24% 08/03/2022"
65,2022-03-14,BSANTANDER,BANCHILE,Comprar,1,78.16,48.0,"Banco Santander-Chile BSANTANDER —BANCHILE Comprar 78,16 48,00 » 48,00 -38,59% 14/03/2022"
64,2022-03-15,CENCOSUD,BANCHILE,Comprar,1,2005.0,1900.0,"Cencosud S.A. CENCOSUD BANCHILE Comprar 2.005,00 1.900,00 » 1.900,00 5.24% 15/03/2022"
64,2022-03-15,CENCOSUD,Credicorp Capital,Comprar,1,2005.0,2000.0,"Cencosud S.A. CENCOSUD Credicorp Capital Comprar 2.005,00 2.000,00 » 2.000,00 -0,25% 15/03/2022"
62,2022-03-23,SQM-B,Renta4,Comprar,1,66050.0,72500.0,"Sociedad Quimica y Minera somy.g Renta4 Comprar 66.050,00 66.500,00 » 72.500,00 977% 23/03/2022"
61,2022-03-24,BSANTANDER,Credicorp Capital,Comprar,1,78.16,51.0,"Banco Santander-Chile BSANTANDER —Credicorp Capital Comprar 78,16 51,00 » 51,00 -34,75% 24/03/2022"
100,2022-03-25,FALABELLA,Goldman Sachs,Neutral,0,5853.0,3110.0,"SACI. Falabella FALABELLA Goldman Sachs Neutral 5.853,00 3.520,00 » 3.110,00 -46,86% 25/03/2022"
99,2022-03-29,FALABELLA,Credicorp Capital,Mantener,0,5853.0,3750.0,"SAC. Falabella FALABELLA Credicorp Capital Mantener 5.853,00 3.750,00 » 3.750,00 -35,93% 29/03/2022"
98,2022-03-31,FALABELLA,JPMorgan,Sobreponderar,1,5853.0,3600.0,"SACL. Falabella FALABELLA JPMorgan ‘Sobreponderar 5.853,00 3.600,00 » 3.600,00 -38,49% 31/03/2022"
98,2022-03-31,SQM-B,Morgan Stanley,Subponderar,-1,,70.0,"Sociedad Quimica y Minera sam (apr) Morgan Stanley Subponderar 58,00 » 70,00 31/03/2022"
97,2022-04-05,BSANTANDER,Credicorp Capital,Comprar,1,78.16,51.0,"Banco Santander-Chile BSANTANDER —Credicorp Capital Comprar 78,16 51,00 » 51,00 -34,75% 05/04/2022"
97,2022-04-05,FALABELLA,Credicorp Capital,Mantener,0,5853.0,3750.0,"SAC. Falabella FALABELLA Credicorp Capital Mantener 5.853,00 3.750,00 » 3.750,00 -35,93% 05/04/2022"
97,2022-04-06,CENCOSUD,BICE,Comprar,1,2005.0,2120.0,"Cencosud S.A. CENCOSUD BICE Comprar 2.005,00 2.120,00 » 2.120,00 5,74% 06/04/2022"
94,2022-04-14,FALABELLA,Credicorp Capital,Mantener,0,5853.0,3750.0,"SACL. Falabella FALABELLA Credicorp Capital Mantener 5.853,00 3.750,00 » 3.750,00 -35,93% 14/04/2022"
95,2022-04-14,SQM-B,BCI,Sobreponderar,1,66050.0,77000.0,"Sociedad Quimica yMinera sqm-B BCI ‘Sobreponderar 66.050,00 55.000,00 » 77.000,00 16.58% 14/04/2022"
94,2022-04-19,BSANTANDER,Credicorp Capital,Comprar,1,78.16,51.0,"Banco Santander-Chile BSANTANDER —Credicorp Capital Comprar 78,16 51,00 » 51,00 -34,75% 19/04/2022"
93,2022-04-21,BSANTANDER,BTG Pactual,Comprar,1,78.16,47.0,"Banco Santander-Chile BSANTANDER BTG Pactual Comprar 78,16 47,00 » 47,00 -39,87% 21/04/2022"
90,2022-05-02,SQM-B,BICE,En Revisión,0,,66050.0,"Sechies A. sQM-B BICE En Revision 66.050,00 - NA 02/05/2022"
89,2022-05-04,CENCOSUD,Credicorp Capital,Comprar,1,2005.0,2000.0,"Cencosud S.A. CENCOSUD Credicorp Capital Comprar 2.005,00 2.000,00 » 2.000,00 0.25% 04/05/2022"
87,2022-05-09,CENCOSUD,BANCHILE,Comprar,1,2005.0,2000.0,"Cencosud S.A. CENCOSUD BANCHILE Comprar 2.005,00 2.000,00 » 2.000,00 0.25% 09/05/2022"
86,2022-05-11,CENCOSUD,BTG Pactual,Comprar,1,2005.0,1900.0,"Cencosud S.A. CENCOSUD BTG Pactual ‘Comprar 2.005,00 1.900,00 » 1.900,00 5.24% 11/05/2022"
86,2022-05-11,CENCOSUD,Credicorp Capital,Comprar,1,2005.0,2000.0,"Cencosud S.A. CENCOSUD Credicorp Capital © Comprar 2.005,00 2.000,00 » 2.000,00 0.25% 11/05/2022"
86,2022-05-11,CENCOSUD,SCOTIA,Neutral,0,2005.0,1800.0,"Cencosud S.A. CENCOSUD SCOTIA Neutral 2.005,00 1.900,00 » 1.800,00 -10,22% 11/05/2022"
86,2022-05-11,FALABELLA,BTG Pactual,Comprar,1,5853.0,4000.0,"SAC. Falabella FALABELLA BTG Pactual ‘Comprar 5.853,00 4.000,00 » 4.000,00 -31,66% 11/05/2022"
86,2022-05-11,FALABELLA,Morgan Stanley,Sobreponderar,1,5853.0,3400.0,"SAC. Falabella FALABELLA Morgan Stanley Sobreponderar 5.853,00 3.400,00 » 3.400,00 -41,91% 11/05/2022"
86,2022-05-12,BSANTANDER,BANCHILE,Comprar,1,78.16,48.0,"Banco Santander-Chile BSANTANDER BANCHILE Comprar 78,16 48,00 » 48,00 -38,59% 12/05/2022"
86,2022-05-12,CENCOSUD,BICE,Comprar,1,2005.0,2120.0,"Cencosud S.A. CENCOSUD BICE Comprar 2.005,00 2.120,00 » 2.120,00 5,74% 12/05/2022"
84,2022-05-18,SQM-B,BCI,Neutral,0,66050.0,82000.0,"Sociedad Quimica y Minera samy. BCI Neutral 66.050,00 77.000,00 » 82.000,00 24.15% 18/05/2022"
84,2022-05-18,SQM-B,Renta4,Comprar,1,66050.0,88000.0,"Sociedad Quimicay Minera sam. Renta4 Comprar 66.050,00 72.500,00 » 88.000,00 33,23% 18/05/2022"
83,2022-05-19,SQM-B,BCI,Neutral,0,66050.0,82000.0,"de Chile SA. SQM-B BCI Neutral 66.050,00 82.000,00 24,15% 19/05/2022"
83,2022-05-19,SQM-B,BICE,En Revisión,0,,66050.0,"Gechile SA. sQM-B BICE En Revisién 66.050,00 NA 19/05/2022"
83,2022-05-19,SQM-B,Credicorp Capital,Mantener,0,66050.0,47000.0,"Soctedag Guimica yMinera sam-B Credicorp Capital + Mantener 66.050,00 47.000,00 » 47.000,00 -28,84% 19/05/2022"
119,2022-06-02,CENCOSUD,MBI,Comprar,1,2005.0,1997.0,"Cencosud S.A. CENCOSUD MBI Comprar 2.005,00 1.997,00 » 1.997,00 -0,40% 02/06/2022"
119,2022-06-03,FALABELLA,Morgan Stanley,Sobreponderar,1,5853.0,3240.0,"SAC. Falabella FALABELLA Morgan Stanley Sobreponderar 5.853,00 3.400,00 » 3.240,00 -44,64% 03/06/2022"
118,2022-06-07,SQM-B,Morgan Stanley,Inferior al mercado,-1,,70.0,"Sociedad Quimica y Minera som (app) Morgan Stanley _Inferior al mercado 70,00 » 70,00 07/06/2022"
115,2022-06-14,BSANTANDER,Credicorp Capital,Comprar,1,78.16,51.0,"Banco Santander-Chile BSANTANDER —Credicorp Capital Comprar 78,16 51,00 » 51,00 -34,75% 14/06/2022"
114,2022-06-17,FALABELLA,BCI,Neutral,0,5853.0,2300.0,"SAC.. Falabella FALABELLA BcI Neutral 5.853,00 3.150,00 » 2.300,00 -60,70% 17/06/2022"
112,2022-06-29,CENCOSUD,BICE,Comprar,1,2005.0,1961.0,"Cencosud S.A. CENCOSUD BICE Comprar 2.005,00 2.120,00 » 1.961,00 2.19% 29/06/2022"
111,2022-06-30,FALABELLA,Citi,Neutral,0,5853.0,2500.0,"SACI. Falabella FALABELLA Citi Neutral 5.853,00 2.500,00 57.29% 30/06/2022"
111,2022-07-01,CENCOSUD,MBI,Comprar,1,2005.0,1997.0,"Cencosud S.A. CENCOSUD MBI Comprar 2.005,00 1.997,00 » 1.997,00 -0,40% 01/07/2022"
109,2022-07-07,CENCOSUD,BICE,Comprar,1,2005.0,1961.0,"Cencosud S.A. CENCOSUD BICE Comprar 2.005,00 1.961,00 » 1.961,00 -2.19% 07/07/2022"
109,2022-07-07,CENCOSUD,Credicorp Capital,Comprar,1,2005.0,2000.0,"Cencosud S.A. CENCOSUD Credicorp Capital Comprar 2.005,00 2.000,00 » 2.000,00 0.25% 07/07/2022"
108,2022-07-12,BSANTANDER,Credicorp Capital,Mantener,0,78.16,45.0,"Banco Santander-Chile BSANTANDER _—_Credicorp Capital Mantener 78,16 51,00 » 45,00 ~42,43% 12/07/2022"
105,2022-07-25,CENCOSUD,Credicorp Capital,Comprar,1,2005.0,2000.0,"Cencosud S.A. CENCOSUD Credicorp Capital Comprar 2.005,00 2.000,00 » 2.000,00 0.25% 25/07/2022"
104,2022-07-28,BSANTANDER,Credicorp Capital,Mantener,0,78.16,45.0,"Banco Santander-Chile BSANTANDER —Credicorp Capital Mantener 78,16 45,00 » 45,00 -42,43% 28/07/2022"
103,2022-08-01,BSANTANDER,Credicorp Capital,Mantener,0,78.16,45.0,"Banco Santander-Chile BSANTANDER ——Credicorp Capital Mantener 78,16 45,00 » 45,00 -42,43% 01/08/2022"
102,2022-08-03,CENCOSUD,BICE,Comprar,1,2005.0,1961.0,"Cencosud S.A. CENCOSUD BICE Comprar 2.005,00 1.961,00 » 1.961,00 -2,19% 03/08/2022"
139,2022-08-10,BSANTANDER,BANCHILE,Comprar,1,78.16,48.0,"Banco Santander-Chile BSANTANDER —BANCHILE Comprar 78,16 48,00 » 48,00 -38,59% 10/08/2022"
138,2022-08-12,CENCOSUD,BICE,Comprar,1,2005.0,1961.0,"Cencosud S.A. CENCOSUD BICE Comprar 2.005,00 1.961,00 » 1.961,00 -2,19% 12/08/2022"
139,2022-08-12,CENCOSUD,BTG Pactual,Comprar,1,2005.0,1900.0,"Cencosud S.A. CENCOSUD BTG Pactual ‘Comprar 2.005,00 1.900,00 » 1.900,00 5.24% 12/08/2022"
138,2022-08-12,CENCOSUD,Credicorp Capital,Comprar,1,2005.0,2000.0,"Cencosud S.A. CENCOSUD Credicorp Capital Comprar 2.005,00 2.000,00 » 2.000,00 -0,25% 12/08/2022"
138,2022-08-17,CENCOSUD,Barclays Capital,Sobreponderar,1,2005.0,1600.0,"Cencosud S.A. CENCOSUD Barclays Capital © Sobreponderar 2.005,00 1.700,00 » 1.600,00 -20,20% 17/08/2022"
137,2022-08-18,SQM-B,Credicorp Capital,En Revisión,0,,66050.0,"de Chile SA. SQM-B Credicorp Capital En Revision 66.050,00 - NA 18/08/2022"
135,2022-08-30,BSANTANDER,JPMorgan,Neutral,0,,19.0,"Banco Santander-Chile fan) FF JPMorgan Neutral 20,00 » 19,00 30/08/2022"
135,2022-08-31,FALABELLA,BICE,Mantener,0,5853.0,3456.0,"SACL Falabella FALABELLA BICE Mantener 5.853,00 3.456,00 » 3.456,00 -40,95% 31/08/2022"
135,2022-08-31,FALABELLA,BTG Pactual,Comprar,1,5853.0,4000.0,"SACL. Falabella FALABELLA BTG Pactual Comprar 5.853,00 4.000,00 » 4.000,00 -31,66% 31/08/2022"
135,2022-08-31,FALABELLA,Credicorp Capital,Mantener,0,5853.0,3750.0,"SACL Falabella FALABELLA Credicorp Capital Mantener 5.853,00 3.750,00 » 3.750,00 -35,93% 31/08/2022"
135,2022-08-31,FALABELLA,Morgan Stanley,Sobreponderar,1,5853.0,3240.0,"SACL. Falabella FALABELLA Morgan Stanley Sobreponderar 5.853,00 3.240,00 » 3.240,00 -44,64% 31/08/2022"
134,2022-09-01,FALABELLA,BANCHILE,Neutral,0,5853.0,2500.0,"SACI. Falabella FALABELLA BANCHILE Neutral 5.853,00 2.500,00 » 2.500,00 -57,29% 01/09/2022"
133,2022-09-05,FALABELLA,JPMorgan,Sobreponderar,1,5853.0,3600.0,"SACL Falabella FALABELLA JPMorgan Sobreponderar 5.853,00 3.600,00 » 3.600,00 -38,49% 05/09/2022"
131,2022-09-12,BSANTANDER,BANCHILE,Neutral,0,78.16,40.0,"Banco Santander-Chile BSANTANDER —BANCHILE Neutral 78,16 45,00 » 40,00 -48,82% 12/09/2022"
132,2022-09-12,BSANTANDER,JPMorgan,Neutral,0,,19.0,"Banco Santander-Chile fap) EF JPMorgan Neutral 19,00 » 19,00 12/09/2022"
131,2022-09-14,BSANTANDER,Credicorp Capital,Mantener,0,78.16,45.0,"Banco Santander-Chile BSANTANDER —Credicorp Capital Mantener 78,16 45,00 » 45,00 -42,43% 14/09/2022"
131,2022-09-14,SQM-B,JPMorgan,Sobreponderar,1,66050.0,118.0,"Sociedad Quimica yMinera sqM-8 JPMorgan ‘Sobreponderar 66.050,00 118,00 » 118,00 14/09/2022"
130,2022-09-20,BSANTANDER,Credicorp Capital,Mantener,0,78.16,47.0,"Banco Santander-Chile BSANTANDER —_Credicorp Capital Mantener 78,16 45,00 » 47,00 -39,87% 20/09/2022"
131,2022-09-20,SQM-B,Credicorp Capital,Mantener,0,66050.0,97000.0,"Sociedad Quimica yMinera sqM-B Credicorp Capital Mantener 66.050,00 97.000,00 46,86% 20/09/2022"
129,2022-09-20,SQM-B,JPMorgan,Sobreponderar,1,,118.0,"Sociedad Quimica y Minera som (apR) JPMorgan Sobreponderar 118,00 » 118,00 20/09/2022"
129,2022-09-21,FALABELLA,Credicorp Capital,Mantener,0,5853.0,3050.0,"SACL. Falabella FALABELLA Credicorp Capital Mantener 5.853,00 3.050,00 -47,89% 21/09/2022"
128,2022-09-23,FALABELLA,Credicorp Capital,Mantener,0,5853.0,3050.0,"SACL Falabella FALABELLA Credicorp Capital Mantener 5.853,00 3.050,00 -47,89% 23/09/2022"
127,2022-09-26,CENCOSUD,BANCHILE,Comprar,1,2005.0,1900.0,"Cencosud S.A. CENCOSUD BANCHILE Comprar 2.005,00 1.900,00 » 1.900,00 5.24% 26/09/2022"
126,2022-09-29,FALABELLA,Credicorp Capital,Mantener,0,5853.0,3050.0,"SAC. Falabella FALABELLA Credicorp Capital Mantener 5.853,00 3.050,00 » 3.050,00 -47,89% 29/09/2022"
125,2022-10-04,BSANTANDER,Credicorp Capital,Mantener,0,78.16,45.0,"Banco Santander-Chile BSANTANDER Credicorp Capital © Mantener 78,16 45,00 » 45,00 ~42,43% 04/10/2022"
123,2022-10-12,FALABELLA,JPMorgan,Sobreponderar,1,5853.0,2250.0,"S.AC.I, Falabella FALABELLA JPMorgan Sobreponderar 5.853,00 3.600,00 » 2.250,00 -61,56% 12/10/2022"
122,2022-10-13,BSANTANDER,BCI,Sobreponderar,1,78.16,46.0,"Banco Santander-Chile BSANTANDER BCI Sobreponderar 78,16 46,00 » 46,00 -41,15% 13/10/2022"
123,2022-10-13,CENCOSUD,BCI,Sobreponderar,1,2005.0,1750.0,"Cencosud S.A. CENCOSUD BCI Sobreponderar 2.005,00 1.750,00 » 1.750,00 -12,72% 13/10/2022"
123,2022-10-13,FALABELLA,BCI,Neutral,0,5853.0,2300.0,"SAC. Falabella FALABELLA BCI Neutral 5.853,00 3.150,00 » 2.300,00 -60,70% 13/10/2022"
122,2022-10-13,FALABELLA,BTG Pactual,Comprar,1,5853.0,4000.0,"SACL. Falabella FALABELLA BTG Pactual Comprar 5.853,00 4,000.00 » 4.000,00 -31,66% 13/10/2022"
122,2022-10-13,FALABELLA,JPMorgan,Sobreponderar,1,5853.0,2250.0,"SAC. Falabella FALABELLA JPMorgan Sobreponderar 5.853,00 2.250,00 » 2.250,00 ~61,56% 13/10/2022"
122,2022-10-13,FALABELLA,Morgan Stanley,Sobreponderar,1,5853.0,2880.0,"SACI. Falabella FALABELLA Morgan Stanley Sobreponderar 5.853,00 2.880,00 » 2.880,00 -50,79% 13/10/2022"
122,2022-10-13,SQM-B,BCI,Sobreponderar,1,66050.0,110000.0,"ens yMinera sqM-B BCI Sobreponderar 66.050,00 90.000,00 » 110.000,00 66.54% 13/10/2022"
121,2022-10-17,BSANTANDER,JPMorgan,Neutral,0,78.16,19.0,"Banco Santander-Chile BSANTANDER JPMorgan Neutral 78,16 19,00 » 19,00 17/10/2022"
160,2022-10-18,FALABELLA,BTG Pactual,Comprar,1,5853.0,2150.0,"SAC. Falabella FALABELLA BTG Pactual ‘Comprar 5.853,00 4.000,00 » 2.150,00 ~63,27% 18/10/2022"
155,2022-11-04,SQM-B,Credicorp Capital,Mantener,0,66050.0,97000.0,"eau yMinera sqm-B Credicorp Capital Mantener 66.050,00 97.000,00 » 97.000,00 46.86% 04/11/2022"
154,2022-11-09,FALABELLA,BANCHILE,Neutral,0,5853.0,2150.0,"SAC. Falabella FALABELLA BANCHILE Neutral 5.853,00 2.150,00 » 2.150,00 -~63,27% 09/11/2022"
153,2022-11-09,FALABELLA,BTG Pactual,Neutral,0,5853.0,2000.0,"SACI. Falabella FALABELLA BTG Pactual Neutral 5.853,00 2.150,00 » 2.000,00 -65,83% 09/11/2022"
154,2022-11-09,FALABELLA,Goldman Sachs,Neutral,0,5853.0,2440.0,"SAC.L. Falabella FALABELLA Goldman Sachs Neutral 5.853,00 2.440,00 » 2.440,00 -58,31% 09/11/2022"
153,2022-11-09,FALABELLA,JPMorgan,Sobreponderar,1,5853.0,2250.0,"SACL. Falabella FALABELLA JPMorgan ‘Sobreponderar 5.853,00 2.250,00 » 2.250,00 -61,56% 09/11/2022"
154,2022-11-09,FALABELLA,Morgan Stanley,Sobreponderar,1,5853.0,2880.0,"SAC. Falabella FALABELLA Morgan Stanley Sobreponderar 5.853,00 2.880,00 » 2.880,00 -50,79% 09/11/2022"
153,2022-11-11,CENCOSUD,BANCHILE,Comprar,1,2005.0,2200.0,"Cencosud S.A. CENCOSUD BANCHILE Comprar 2.005,00 2.200,00 » 2.200,00 9.73% 11/11/2022"
153,2022-11-14,CENCOSUD,BICE,En Revisión,0,,2005.0,"Cencosud S.A. CENCOSUD BICE En Revisin 2.005,00 = NA 14/11/2022"
151,2022-11-16,BSANTANDER,JPMorgan,Neutral,0,,19.0,"Banco Santander-Chile apy JPMorgan Neutral 19,00 » 19,00 16/11/2022"
151,2022-11-16,FALABELLA,Barclays Capital,Subponderar,-1,5853.0,1700.0,"SAC. Falabella FALABELLA Barclays Capital Subponderar 5.853,00 2.500,00 » 1.700,00 -70,96% 16/11/2022"
151,2022-11-17,SQM-B,BICE,En Revisión,0,,66050.0,"ae CaS SQM-B BICE En Revision 66.050,00 = NA 17/11/2022"
153,2022-11-19,CENCOSUD,Credicorp Capital,Comprar,1,2005.0,2400.0,"Cencosud S.A. CENCOSUD Credicorp Capital Comprar 2.005,00 2.400,00 » 2.400,00 19,70% 19/11/2022"
150,2022-11-21,CENCOSUD,BICE,Comprar,1,2005.0,2110.0,"Cencosud S.A. CENCOSUD BICE Comprar 2.005,00 1.961,00 » 2.110,00 5.24% 21/11/2022"
149,2022-11-24,BSANTANDER,JPMorgan,Neutral,0,,19.0,"Banco Santander-Chile ae JPMorgan Neutral 19,00 » 19,00 24/11/2022"
148,2022-11-28,SQM-B,MBI,Mantener,0,66050.0,93549.0,"Soe saM-B MBI Mantener 66.050,00 93.549,00 41.63% 28/11/2022"
147,2022-12-01,BSANTANDER,BCI,Sobreponderar,1,78.16,46.0,"Banco Santander-Chile BSANTANDER BCI Sobreponderar 78,16 46,00 » 46,00 -41,15% 01/12/2022"
147,2022-12-01,CENCOSUD,BCI,Sobreponderar,1,2005.0,1750.0,"Cencosud S.A. CENCOSUD BCI Sobreponderar 2.005,00 1.750,00 » 1.750,00 -12,72% 01/12/2022"
147,2022-12-01,SQM-B,BCI,Sobreponderar,1,66050.0,110000.0,"Socedad Cuimica yMinera sqm-B BCI Sobreponderar 66.050,00 110.000,00 » 110.000,00 66.54% 01/12/2022"
147,2022-12-02,FALABELLA,BICE,Mantener,0,5853.0,3456.0,"SACL. Falabella FALABELLA BICE Mantener 5.853,00 3.456,00 » 3.456,00 -40,95% 02/12/2022"
147,2022-12-02,FALABELLA,Credicorp Capital,Mantener,0,5853.0,3050.0,"SACL Falabella FALABELLA Credicorp Capital Mantener 5.853,00 3.050,00 » 3.050,00 -47,89% 02/12/2022"
146,2022-12-02,SQM-B,BICE,Comprar,1,66050.0,122626.0,"de Chile SA. sQM-B BICE Comprar 66.050,00 122.626,00 85,66% 02/12/2022"
144,2022-12-14,SQM-B,Credicorp Capital,Mantener,0,66050.0,97000.0,"Sociedad Quimica yMinera sqM-B Credicorp Capital + Mantener 66.050,00 97.000,00 » 97.000,00 46.86% 14/12/2022"
143,2022-12-15,BSANTANDER,Credicorp Capital,Comprar,1,78.16,47.0,"Banco Santander-Chile BSANTANDER —Credicorp Capital Comprar 78,16 47,00 » 47,00 -39,87% 15/12/2022"
141,2022-12-26,CENCOSUD,BICE,Comprar,1,2005.0,2110.0,"Cencosud S.A. CENCOSUD BICE Comprar 2.005,00 2.110,00 » 2.110,00 524% 26/12/2022"
180,2022-12-28,CENCOSUD,BICE,Comprar,1,2005.0,2110.0,"Cencosud S.A. CENCOSUD BICE Comprar 2.005,00 2.110,00 » 2.110,00 524% 28/12/2022"
180,2022-12-28,FALABELLA,BICE,Comprar,1,5853.0,3456.0,"SACI Falabella FALABELLA BICE Comprar 5.853,00 3.456,00 » 3.456,00 -40,95% 28/12/2022"
179,2023-01-03,FALABELLA,BCI,Sobreponderar,1,5853.0,2300.0,"SACL. Falabella FALABELLA BCI ‘Sobreponderar 5.853,00 2.300,00 » 2.300,00 -60,70% 03/01/2023"
178,2023-01-06,CENCOSUD,Credicorp Capital,Comprar,1,2005.0,2400.0,"Cencosud S.A. CENCOSUD Credicorp Capital Comprar 2.005,00 2.400,00 » 2.400,00 19,70% 06/01/2023"
176,2023-01-12,SQM-B,Credicorp Capital,Mantener,0,66050.0,97000.0,"Sociedad Quimica y Minera sqM-B Credicorp Capital Mantener 66.050,00 97.000,00 » 97.000,00 46,86% 12/01/2023"
176,2023-01-17,CENCOSUD,Credicorp Capital,Comprar,1,2005.0,2400.0,"Cencosud S.A. CENCOSUD Credicorp Capital Comprar 2.005,00 2.400,00 » 2.400,00 19,70% 17/01/2023"
176,2023-01-17,FALABELLA,BCI,Sobreponderar,1,5853.0,2400.0,"SACL. Falabella FALABELLA BCI Sobreponderar 5.853,00 2.300,00 » 2.400,00 -59,00% 17/01/2023"
176,2023-01-18,CENCOSUD,BTG Pactual,Comprar,1,2005.0,2200.0,"Cencosud S.A. CENCOSUD BTG Pactual Comprar 2.005,00 1.900,00 » 2.200,00 9,73% 18/01/2023"
176,2023-01-18,CENCOSUD,Credicorp Capital,Comprar,1,2005.0,2400.0,"Cencosud S.A. CENCOSUD Credicorp Capital Comprar 2.005,00 2.400,00 » 2.400,00 19,70% 18/01/2023"
175,2023-01-18,SQM-B,Morgan Stanley,Subponderar,-1,,80.0,"Sociedad Quimica y Minera sam (apr) Morgan Stanley Subponderar 80,00 » 80,00 18/01/2023"
174,2023-01-23,CENCOSUD,BANCHILE,Comprar,1,2005.0,2100.0,"Cencosud S.A. CENCOSUD BANCHILE Comprar 2.005,00 2.100,00 4.74% 23/01/2023"
174,2023-01-24,CENCOSUD,BICE,Comprar,1,2005.0,2110.0,"Cencosud S.A. CENCOSUD BICE Comprar 2.005,00 2.110,00 » 2.110,00 5.24% 24/01/2023"
173,2023-01-24,CENCOSUD,JPMorgan,Sobreponderar,1,2005.0,1700.0,"Cencosud S.A. CENCOSUD JPMorgan ‘Sobreponderar 2.005,00 1.500,00 » 1.700,00 -15,21% 24/01/2023"
173,2023-01-24,FALABELLA,BICE,Mantener,0,5853.0,2221.0,"SACI. Falabella FALABELLA BICE Mantener 5.853,00 3.456,00 » 2.221,00 -62,05% 24/01/2023"
173,2023-01-24,SQM-B,BICE,Comprar,1,66050.0,114371.0,"Sechies A, SQM-B BICE Comprar 66.050,00 122.626,00 » 114.371,00 73,16% 24/01/2023"
173,2023-01-25,FALABELLA,Goldman Sachs,Neutral,0,5853.0,1890.0,"SACI. Falabella FALABELLA Goldman Sachs Neutral 5.853,00 1.800,00 » 1.890,00 67.71% 25/01/2023"
168,2023-02-10,SQM-B,Credicorp Capital,Mantener,0,66050.0,97000.0,"Sociedad Quimica yMinera sqm-B Credicorp Capital Mantener 66.050,00 97.000,00 » 97.000,00 46,86% 10/02/2023"
167,2023-02-15,CENCOSUD,BICE,Comprar,1,2005.0,2157.0,"Cencosud S.A. CENCOSUD BICE ‘Comprar 2.005,00 2.157,00 » 2.157,00 7.58% 15/02/2023"
166,2023-02-20,SQM-B,BICE,Comprar,1,66050.0,114371.0,"Sociedad Quimica y Minera gqiy.g, BICE Comprar 66.050,00 114.371,00 » 114.371,00 73,16% 20/02/2023"
165,2023-02-22,BSANTANDER,BTG Pactual,Comprar,1,78.16,45.0,"Banco Santander-Chile BSANTANDER _BTG Pactual Comprar 78,16 45,00 » 45,00 -42,43% 22/02/2023"
165,2023-02-24,FALABELLA,JPMorgan,Sobreponderar,1,5853.0,2250.0,"SACI Falabella FALABELLA JPMorgan Sobreponderar 5.853,00 2.250,00 » 2.250,00 -61,56% 24/02/2023"
163,2023-03-03,CENCOSUD,Goldman Sachs,Vender,-1,2005.0,1160.0,"Cencosud S.A. CENCOSUD Goldman Sachs _Vender 2.005,00 1.160,00 » 1.160,00 ~42,14% 03/03/2023"
163,2023-03-03,CENCOSUD,JPMorgan,Sobreponderar,1,2005.0,1700.0,"Cencosud S.A. CENCOSUD JPMorgan ‘Sobreponderar 2.005,00 1.700,00 » 1.700,00 -15,21% 03/03/2023"
162,2023-03-03,SQM-B,JPMorgan,Sobreponderar,1,,134.0,"Sociedad Quimica y Minera gay (apr) JPMorgan ‘Sobreponderar 434,00 » 134,00 03/03/2023"
162,2023-03-07,CENCOSUD,BICE,Comprar,1,2005.0,2157.0,"Cencosud S.A. CENCOSUD BICE Comprar 2.005,00 2.157,00 » 2.157,00 7.58% 07/03/2023"
161,2023-03-07,SQM-B,BICE,Comprar,1,66050.0,114371.0,"Sociedad Quimicay Minera say.p BICE Comprar 66.050,00 —-114.371,00 » 114.371,00 73.16% 07/03/2023"
161,2023-03-09,FALABELLA,Barclays Capital,Inferior al mercado,-1,5853.0,1700.0,"SAC. Falabella FALABELLA Barclays Capital Inferior al mercado 5.853,00 1.700,00 » 1.700,00 -70,96% 09/03/2023"
200,2023-03-14,BSANTANDER,Credicorp Capital,Comprar,1,78.16,47.0,"Banco Santander-Chile BSANTANDER —Credicorp Capital Comprar 78,16 47,00 » 47,00 -39,87% 14/03/2023"
200,2023-03-14,FALABELLA,Goldman Sachs,Neutral,0,5853.0,1860.0,"SACI. Falabella FALABELLA Goldman Sachs Neutral 5.853,00 1.890,00 » 1.860,00 68,22% 14/03/2023"
199,2023-03-17,SQM-B,BTG Pactual,Comprar,1,66050.0,136.0,"ey SQM-B BTG Pactual Comprar 66.050,00 136,00 » 136,00 17/03/2023"
199,2023-03-19,BSANTANDER,Credicorp Capital,Comprar,1,78.16,47.0,"Banco Santander-Chile BSANTANDER —Credicorp Capital Comprar 78,16 47,00 » 47,00 -39,87% 19/03/2023"
198,2023-03-21,CENCOSUD,Credicorp Capital,Comprar,1,2005.0,2400.0,"Cencosud S.A. CENCOSUD Credicorp Capital Comprar 2.005,00 2.400,00 » 2.400,00 19.70% 21/03/2023"
198,2023-03-23,FALABELLA,BANCHILE,Mantener,0,5853.0,1950.0,"SACL. Falabella FALABELLA BANCHILE Mantener 5.853,00 1.950,00 » 1.950,00 -66,68% 23/03/2023"
197,2023-03-29,BSANTANDER,Credicorp Capital,Comprar,1,78.16,47.0,"Banco Santander-Chile BSANTANDER — Credicorp Capital Comprar 78,16 47,00 » 47,00 -39,87% 29/03/2023"
196,2023-03-30,SQM-B,Renta4,Comprar,1,66050.0,123500.0,"Sociedad Quimica yMinera sqM-B Renta4 Comprar 66.050,00 132.500,00 » 123.500,00 86,98% 30/03/2023"
196,2023-04-03,CENCOSUD,Credicorp Capital,Comprar,1,2005.0,2400.0,"Cencosud S.A. CENCOSUD Credicorp Capital Comprar 2.005,00 2.400,00 » 2.400,00 19,70% 03/04/2023"
192,2023-04-25,SQM-B,Credicorp Capital,Mantener,0,66050.0,97000.0,"Socedaa cuimica yMinera sqM-B Credicorp Capital Mantener 66.050,00 97.000,00 » 97.000,00 46,86% 25/04/2023"
191,2023-05-02,BSANTANDER,Credicorp Capital,Comprar,1,78.16,47.0,"Banco Santander-Chile BSANTANDER —Credicorp Capital Comprar 78,16 47,00 » 47,00 -39,87% 02/05/2023"
190,2023-05-04,BSANTANDER,Credicorp Capital,Comprar,1,78.16,47.0,"Banco Santander-Chile BSANTANDER Credicorp Capital © Comprar 78,16 47,00 » 47,00 -39,87% 04/05/2023"
190,2023-05-09,BSANTANDER,Credicorp Capital,Mantener,0,78.16,45.0,"Banco Santander-Chile BSANTANDER Credicorp Capital © Mantener 78,16 47,00 » 45,00 42.43% 09/05/2023"
189,2023-05-10,CENCOSUD,BANCHILE,Comprar,1,2005.0,2100.0,"Cencosud S.A. CENCOSUD BANCHILE Comprar 2.005,00 2.100,00 » 2.100,00 474% 10/05/2023"
189,2023-05-10,CENCOSUD,Barclays Capital,Sobreponderar,1,2005.0,1800.0,"Cencosud S.A. CENCOSUD Barclays Capital Sobreponderar 2.005,00 1.800,00 » 1.800,00 -10,22% 10/05/2023"
189,2023-05-10,FALABELLA,BANCHILE,Neutral,0,5853.0,1950.0,"SACI. Falabella FALABELLA BANCHILE Neutral 5.853,00 1.950,00 » 1.950,00 -66,68% 10/05/2023"
190,2023-05-10,FALABELLA,Barclays Capital,Subponderar,-1,5853.0,1700.0,"S.A.C.I. Falabella FALABELLA Barclays Capital Subponderar 5.853,00 1.700,00 » 1.700,00 -70,96% 10/05/2023"
189,2023-05-10,FALABELLA,Goldman Sachs,Neutral,0,5853.0,1775.0,"SACI. Falabella FALABELLA Goldman Sachs Neutral 5.853,00 1.775,00 » 1.775,00 -69,67% 10/05/2023"
189,2023-05-12,FALABELLA,JPMorgan,Neutral,0,5853.0,1950.0,"SACI. Falabella FALABELLA JPMorgan Neutral 5.853,00 2.250,00 » 1.950,00 -66,68% 12/05/2023"
188,2023-05-16,BSANTANDER,Credicorp Capital,Mantener,0,78.16,45.0,"Banco Santander-Chile BSANTANDER Credicorp Capital Mantener 78,16 45,00 » 45,00 -42,43% 16/05/2023"
184,2023-06-01,BSANTANDER,BICE,Comprar,1,78.16,44.8,"Banco Santander-Chile BSANTANDER BICE Comprar 78,16 40,80 » 44,80 -42,68% 01/06/2023"
184,2023-06-01,CENCOSUD,BICE,Comprar,1,2005.0,2157.0,"Cencosud S.A. CENCOSUD BICE Comprar 2.005,00 2.157,00 » 2.157,00 758% 01/06/2023"
184,2023-06-01,FALABELLA,BTG Pactual,Neutral,0,5853.0,1900.0,"SAC. Falabella FALABELLA BTG Pactual Neutral 5.853,00 2.000,00 » 1.900,00 -67,54% 01/06/2023"
183,2023-06-05,SQM-B,Credicorp Capital,Mantener,0,66050.0,57000.0,"soeencuimicay Minera sam-B Credicorp Capital Mantener 66.050,00 97.000,00 » 57.000,00 -13,70% 05/06/2023"
183,2023-06-06,CENCOSUD,Credicorp Capital,Comprar,1,2005.0,2400.0,"Cencosud S.A. CENCOSUD Credicorp Capital © Comprar 2.005,00 2.400,00 » 2.400,00 19,70% 06/06/2023"
182,2023-06-13,BSANTANDER,BANCHILE,Neutral,0,78.16,40.0,"Banco Santander-Chile BSANTANDER —BANCHILE Neutral 78,16 40,00 » 40,00 -48,82% 13/06/2023"
218,2023-07-06,SQM-B,Credicorp Capital,Mantener,0,66050.0,57000.0,"Socetaa Cuimica yMinera sqm-B Credicorp Capital Mantener 66.050,00 '57.000,00 » 57.000,00 -13,70% 06/07/2023"
217,2023-07-07,BSANTANDER,BTG Pactual,Comprar,1,78.16,45.0,"Banco Santander-Chile BSANTANDER _BTG Pactual Comprar 78,16 45,00 » 45,00 ~42,43% 07/07/2023"
217,2023-07-07,SQM-B,BTG Pactual,Comprar,1,,136.0,"Sociedad Quimica y Minera gay (apr) BTG Pactual Comprar 136,00 » 136,00 07/07/2023"
214,2023-07-19,CENCOSUD,Goldman Sachs,Vender,-1,2005.0,1320.0,"Cencosud S.A. CENCOSUD Goldman Sachs Vender 2.005,00 1.370,00 » 1.320,00 -34,16% 19/07/2023"
214,2023-07-19,FALABELLA,Goldman Sachs,Neutral,0,5853.0,1780.0,"SACL. Falabella FALABELLA Goldman Sachs Neutral 5.853,00 1.840,00 » 1.780,00 -69,59% 19/07/2023"
214,2023-07-20,BSANTANDER,Credicorp Capital,Mantener,0,78.16,45.0,"Banco Santander-Chile BSANTANDER —Credicorp Capital Mantener 78,16 45,00 » 45,00 42.43% 20/07/2023"
213,2023-07-20,SQM-B,MBI,Comprar,1,66050.0,72179.0,"Gr aaN SQM-B MBI Comprar 66.050,00 72.179,00 9,28% 20/07/2023"
211,2023-07-27,FALABELLA,BANCHILE,Mantener,0,5853.0,2350.0,"SACL. Falabella FALABELLA BANCHILE Mantener 5.853,00 1.950,00 » 2.350,00 -59,85% 27/07/2023"
211,2023-07-28,FALABELLA,BANCHILE,Mantener,0,5853.0,2350.0,"SACL. Falabella FALABELLA BANCHILE Mantener 5.853,00 1.950,00 » 2.350,00 -59,85% 28/07/2023"
206,2023-08-11,BSANTANDER,BANCHILE,Neutral,0,78.16,40.0,"Banco Santander-Chile BSANTANDER —BANCHILE Neutral 78,16 40,00 » 40,00 ~48,82% 11/08/2023"
206,2023-08-11,BSANTANDER,JPMorgan,Neutral,0,,21.0,"Banco Santander-Chile rd JPMorgan Neutral 19,00 » 21,00 11/08/2023"
206,2023-08-14,BSANTANDER,JPMorgan,Neutral,0,,21.0,"Banco Santander-Chile (Aro JPMorgan Neutral 21,00 » 21,00 14/08/2023"
205,2023-08-18,CENCOSUD,BICE,Comprar,1,2005.0,2187.0,"Cencosud S.A. CENCOSUD BICE Comprar 2.005,00 2.157,00 » 2.187,00 7.58% 18/08/2023"
205,2023-08-22,CENCOSUD,Credicorp Capital,Comprar,1,2005.0,2400.0,"Cencosud S.A. CENCOSUD Credicorp Capital Comprar 2.005,00 2.400,00 » 2.400,00 19,70% 22/08/2023"
204,2023-08-28,CENCOSUD,JPMorgan,Neutral,0,2005.0,2000.0,"Cencosud S.A_ CENCOSUD JPMorgan Neutral 2.005,00 2.000,00 » 2.000,00 0.25% 28/08/2023"
203,2023-08-30,FALABELLA,BANCHILE,Mantener,0,5853.0,2350.0,"SACI. Falabella FALABELLA BANCHILE Mantener 5.853,00 2.350,00 » 2.350,00 -59,85% 30/08/2023"
203,2023-08-30,FALABELLA,BTG Pactual,Neutral,0,5853.0,1900.0,"SAC. Falabella FALABELLA BTG Pactual Neutral 5.853,00 1.900,00 » 1.900,00 67.54% 30/08/2023"
203,2023-08-30,FALABELLA,JPMorgan,Neutral,0,5853.0,1950.0,"SACL. Falabella FALABELLA JPMorgan Neutral 5.853,00 1.950,00 » 1.950,00 -66,68% 30/08/2023"
201,2023-09-07,FALABELLA,BICE,Mantener,0,5853.0,2221.0,"SACL. Falabella FALABELLA BICE Mantener 5.853,00 2.221,00 » 2.221,00 62.05% 07/09/2023"
240,2023-09-13,BSANTANDER,BANCHILE,Mantener,0,78.16,40.0,"Banco Santander-Chile BSANTANDER —_BANCHILE Mantener 78,16 40,00 » 40,00 ~48,82% 13/09/2023"
240,2023-09-13,CENCOSUD,MBI,Comprar,1,2005.0,2150.0,"Cencosud S.A. CENCOSUD MBI Comprar 2.005,00 2.150,00 7.23% 13/09/2023"
240,2023-09-15,BSANTANDER,JPMorgan,Neutral,0,,21.0,"Banco Santander-Chile fan) NER JPMorgan Neutral 21,00 » 21,00 15/09/2023"
240,2023-09-15,CENCOSUD,Goldman Sachs,Vender,-1,2005.0,1320.0,"Cencosud S.A. CENCOSUD Goldman Sachs Vender 2.005,00 1.320,00 » 1.320,00 -34,16% 15/09/2023"
238,2023-09-26,SQM-B,BANCHILE,Comprar,1,66050.0,70000.0,"Soceaag culmica yMinera sqm-B BANCHILE Comprar 66.050,00 70.000,00 » 70.000,00 5,98% 26/09/2023"
238,2023-09-27,CENCOSUD,JPMorgan,Neutral,0,2005.0,1900.0,"Cencosud S.A. CENCOSUD JPMorgan Neutral 2.005,00 2.000,00 » 1.900,00 5.24% 27/09/2023"
237,2023-10-10,BSANTANDER,JPMorgan,Neutral,0,,21.0,"Banco Santander-Chile (apn) JPMorgan Neutral 21,00 » 21,00 10/10/2023"
236,2023-10-16,BSANTANDER,Jefferies,Mantener,0,78.16,44.1,"Banco Santander-Chile BSANTANDER _Jefferies Mantener 78,16 44,10 -43,58% 16/10/2023"
235,2023-10-18,CENCOSUD,Credicorp Capital,Mantener,0,2005.0,2600.0,"Cencosud S.A. CENCOSUD Credicorp Capital — Mantener 2.005,00 2.600,00 » 2.600,00 29,68% 18/10/2023"
235,2023-10-18,CENCOSUD,JPMorgan,Neutral,0,2005.0,1900.0,"Cencosud S.A. CENCOSUD JPMorgan Neutral 2.005,00 1.900,00 » 1.900,00 5.24% 18/10/2023"
234,2023-10-20,CENCOSUD,Credicorp Capital,Mantener,0,2005.0,2600.0,"Cencosud S.A. CENCOSUD Credicorp Capital Mantener 2.005,00 2.600,00 » 2.600,00 29,68% 20/10/2023"
234,2023-10-26,SQM-B,Credicorp Capital,Mantener,0,66050.0,57000.0,"Socedag culmica yMinera sam-B Credicorp Capital Mantener 66.050,00 57.000,00 » 57.000,00 -13,70% 26/10/2023"
233,2023-11-06,BSANTANDER,JPMorgan,Neutral,0,,21.0,"Banco Santander-Chile apn) ee JPMorgan Neutral 21,00 » 21,00 06/11/2023"
232,2023-11-08,BSANTANDER,JPMorgan,Neutral,0,,20.0,"Banco Santander-Chile fap) JPMorgan Neutral 21,00 » 20,00 08/11/2023"
231,2023-11-15,FALABELLA,BANCHILE,Neutral,0,5853.0,2350.0,"SAC.I. Falabella FALABELLA BANCHILE Neutral 5.853,00 2.350,00 » 2.350,00 -59,85% 15/11/2023"
231,2023-11-15,FALABELLA,BTG Pactual,Neutral,0,5853.0,1900.0,"SACI. Falabella FALABELLA BTG Pactual Neutral 5.853,00 1.900,00 » 1.900,00 -~67,54% 15/11/2023"
231,2023-11-15,FALABELLA,Credicorp Capital,Mantener,0,5853.0,2700.0,"SAC. Falabella FALABELLA Credicorp Capital + Mantener 5.853,00 2.700,00 » 2.700,00 -53,87% 15/11/2023"
230,2023-11-17,CENCOSUD,Credicorp Capital,Comprar,1,2005.0,2600.0,"Cencosud S.A. CENCOSUD Credicorp Capital Comprar 2.005,00 2.600,00 » 2.600,00 29,68% 17/11/2023"
230,2023-11-21,FALABELLA,JPMorgan,Neutral,0,5853.0,2100.0,"SACI. Falabella FALABELLA JPMorgan Neutral 5.853,00 2.100,00 » 2.100,00 -64,12% 21/11/2023"
229,2023-11-22,SQM-B,JPMorgan,Sobreponderar,1,,75.0,"Sociedad Quimica y Minera sam (apr) JPMorgan ‘Sobreponderar 75,00 » 75,00 22/11/2023"
229,2023-11-27,CENCOSUD,Goldman Sachs,Vender,-1,2005.0,1180.0,"Cencosud S.A. CENCOSUD Goldman Sachs Vender 2.005,00 1.320,00 » 1.180,00 -41,15% 27/11/2023"
229,2023-11-27,FALABELLA,Goldman Sachs,Neutral,0,5853.0,1660.0,"SACI. Falabella FALABELLA Goldman Sachs Neutral 5.853,00 1.680,00 » 1.660,00 -71,64% 27/11/2023"
229,2023-11-28,FALABELLA,JPMorgan,Neutral,0,5853.0,2100.0,"SAC. Falabella FALABELLA JPMorgan Neutral 5.853,00 2.100,00 » 2.100,00 ~64,12% 28/11/2023"
228,2023-12-04,CENCOSUD,BCI,Sobreponderar,1,2005.0,1950.0,"Cencosud S.A. CENCOSUD BCI Sobreponderar 2.005,00 1.950,00 » 1.950,00 -2,74% 04/12/2023"
227,2023-12-05,CENCOSUD,MBI,Comprar,1,2005.0,2000.0,"Cencosud S.A. CENCOSUD MBI ‘Comprar 2.005,00 2.000,00 » 2.000,00 0.25% 05/12/2023"
227,2023-12-05,SQM-B,MBI,Comprar,1,66050.0,54240.0,"de Chile S.A. sQM-B MBI ‘Comprar 66.050,00 54.240,00 -17,88% 05/12/2023"
227,2023-12-07,BSANTANDER,Credicorp Capital,Comprar,1,78.16,50.0,"Banco Santander-Chile BSANTANDER Credicorp Capital © Comprar 78,16 50,00 » 50,00 -36,03% 07/12/2023"
226,2023-12-07,CENCOSUD,Credicorp Capital,Mantener,0,2005.0,2600.0,"Cencosud S.A. CENCOSUD Credicorp Capital Mantener 2.005,00 2.600,00 » 2.600,00 29.68% 07/12/2023"
226,2023-12-14,BSANTANDER,Credicorp Capital,Comprar,1,78.16,50.0,"Banco Santander-Chile BSANTANDER —Credicorp Capital Comprar 78,16 50,00 » 50,00 -36,03% 14/12/2023"
224,2023-12-20,FALABELLA,Credicorp Capital,Mantener,0,5853.0,2700.0,"SAC. Falabella FALABELLA Credicorp Capital Mantener 5.853,00 2.700,00 » 2.700,00 -53,87% 20/12/2023"
224,2023-12-20,FALABELLA,JPMorgan,Neutral,0,5853.0,2100.0,"SAC. Falabella FALABELLA JPMorgan Neutral 5.853,00 2.100,00 » 2.100,00 -64,12% 20/12/2023"
223,2023-12-22,FALABELLA,Credicorp Capital,Mantener,0,5853.0,2700.0,"SAC. Falabella FALABELLA Credicorp Capital Mantener 5.853,00 2.700,00 » 2.700,00 -53,87% 22/12/2023"
223,2023-12-28,SQM-B,Credicorp Capital,Mantener,0,66050.0,-13.7,"Sociedad Quimica y Minera sQM-B Credicorp Capital Mantener 66.050,00 57.000,00 » 57.000,00 -13,70% (28/12/2023"
223,2023-12-28,SQM-B,MBI,Comprar,1,66050.0,58625.0,"Sociedad Quimicay Minera soy. MBI Comprar 66.050,00 58.625,00 » 58.625,00 -11,24% 28/12/2023"
223,2023-12-29,FALABELLA,Credicorp Capital,Mantener,0,5853.0,2700.0,"SAC. Falabella FALABELLA Credicorp Capital Mantener 5.853,00 2.700,00 » 2.700,00 -53,87% 29/12/2023"
222,2024-01-04,FALABELLA,Credicorp Capital,Mantener,0,5853.0,2700.0,"SACL. Falabella FALABELLA Credicorp Capital Mantener 5.853,00 2.700,00 » 2.700,00 -53,87% 04/01/2024"
221,2024-01-09,BSANTANDER,Goldman Sachs,Vender,-1,,18.0,"Banco Santander-Chile a Goldman Sachs Vender 16,00 » 18,00 09/01/2024"
221,2024-01-12,SQM-B,JPMorgan,Sobreponderar,1,,64.0,"Sociedad Quimica y Minera sam (apr) JPMorgan Sobreponderar 64,00 » 64,00 12/01/2024"
259,2024-01-16,FALABELLA,Morgan Stanley,Subponderar,-1,5853.0,1740.0,"SACL. Falabella FALABELLA Morgan Stanley Subponderar 5.853,00 1.740,00 » 1.740,00 -70,27% 16/01/2024"
256,2024-02-01,FALABELLA,Goldman Sachs,Vender,-1,5853.0,1460.0,"S.AC.I. Falabella FALABELLA Goldman Sachs Vender 5.853,00 1.620,00 » 1.460,00 -75,06% 01/02/2024"
256,2024-02-02,CENCOSUD,BTG Pactual,Comprar,1,2005.0,2400.0,"Cencosud S.A. CENCOSUD BTG Pactual Comprar 2.005,00 2.200,00 » 2.400,00 19,70% 02/02/2024"
256,2024-02-02,FALABELLA,Credicorp Capital,Mantener,0,5853.0,2700.0,"SAC.I. Falabella FALABELLA Credicorp Capital © Mantener 5.853,00 2.700,00 » 2.700,00 -53,87% 02/02/2024"
254,2024-02-14,BSANTANDER,Credicorp Capital,Comprar,1,78.16,50.0,"Banco Santander-Chile BSANTANDER Credicorp Capital © Comprar 78,16 50,00 » 50,00 -36,03% 14/02/2024"
254,2024-02-15,BSANTANDER,JPMorgan,Neutral,0,,20.0,"Banco Santander-Chile re JPMorgan Neutral 20,00 » 20,00 15/02/2024"
251,2024-02-28,FALABELLA,Credicorp Capital,Mantener,0,5853.0,2700.0,"SACL. Falabella FALABELLA Credicorp Capital Mantener 5.853,00 2.700,00 » 2.700,00 -53,87% 28/02/2024"
251,2024-02-28,FALABELLA,Goldman Sachs,Vender,-1,5853.0,1460.0,"SACI Falabella FALABELLA Goldman Sachs _Vender 5.853,00 1.460,00 » 1.460,00 -75,06% 28/02/2024"
251,2024-02-29,FALABELLA,JPMorgan,Neutral,0,5853.0,2100.0,"SACL. Falabella FALABELLA JPMorgan Neutral 5.853,00 2.100,00 » 2.100,00 -64,12% 29/02/2024"
250,2024-03-05,CENCOSUD,MBI,Comprar,1,2005.0,2000.0,"Cencosud S.A. CENCOSUD MBI Comprar 2.005,00 2.000,00 » 2.000,00 0,25% 05/03/2024"
250,2024-03-05,SQM-B,MBI,Comprar,1,66050.0,55575.0,"Sociedad Quimica y Minera gay. MBI Comprar 66.050,00 55.575,00 » 55.575,00 -15,86% 05/03/2024"
250,2024-03-06,CENCOSUD,Citi,Comprar,1,2005.0,2100.0,"Cencosud S.A. CENCOSUD Citi Comprar 2.005,00 2.100,00 » 2.100,00 474% 06/03/2024"
250,2024-03-06,CENCOSUD,Credicorp Capital,Mantener,0,2005.0,2600.0,"Cencosud S.A. CENCOSUD Credicorp Capital Mantener 2.005,00 2.600,00 » 2.600,00 29,68% 06/03/2024"
250,2024-03-06,CENCOSUD,Goldman Sachs,Vender,-1,2005.0,1300.0,"Cencosud S.A. CENCOSUD Goldman Sachs _Vender 2.005,00 1.300,00 » 1.300,00 -35,16% 06/03/2024"
250,2024-03-06,CENCOSUD,JPMorgan,Neutral,0,2005.0,1900.0,"Cencosud S.A. CENCOSUD JPMorgan Neutral 2.005,00 1.900,00 » 1.900,00 5.24% 06/03/2024"
249,2024-03-07,BSANTANDER,Credicorp Capital,Comprar,1,78.16,50.0,"Banco Santander-Chile BSANTANDER —Credicorp Capital Comprar 78,16 50,00 » 50,00 -36,03% 07/03/2024"
249,2024-03-07,CENCOSUD,Credicorp Capital,Comprar,1,2005.0,2600.0,"Cencosud S.A. CENCOSUD Credicorp Capital Comprar 2.005,00 2.600,00 » 2.600,00 29.68% 07/03/2024"
247,2024-03-21,CENCOSUD,MBI,Comprar,1,2005.0,2242.0,"Cencosud S.A. CENCOSUD MBI Comprar 2.005,00 2.000,00 » 2.242,00 11,82% 21/03/2024"
245,2024-03-27,FALABELLA,Credicorp Capital,Mantener,0,5853.0,2700.0,"S.AC.|. Falabella FALABELLA Credicorp Capital Mantener 5.853,00 2.700,00 » 2.700,00 -53,87% 27/03/2024"
245,2024-04-02,SQM-B,Credicorp Capital,Mantener,0,66050.0,51495.0,"soaran ounce yMinera sqm-B Credicorp Capital Mantener 66.050,00 51.495,00 » 51.495,00 -22,04% 02/04/2024"
244,2024-04-05,BSANTANDER,Credicorp Capital,Comprar,1,78.16,50.0,"Banco Santander-Chile BSANTANDER — Credicorp Capital Comprar 78,16 50,00 » 50,00 -36,03% 05/04/2024"
244,2024-04-05,CENCOSUD,Credicorp Capital,Mantener,0,2005.0,2600.0,"Cencosud S.A. CENCOSUD Credicorp Capital Mantener 2.005,00 2.600,00 » 2.600,00 29,68% 05/04/2024"
243,2024-04-08,FALABELLA,Credicorp Capital,Mantener,0,5853.0,2700.0,"SACL Falabella FALABELLA Credicorp Capital Mantener 5.853,00 2.700,00 53,87% 08/04/2024"
243,2024-04-08,FALABELLA,JPMorgan,Neutral,0,5853.0,2100.0,"SACI. Falabella FALABELLA JPMorgan Neutral 5.853,00 2.100,00 64.12% 08/04/2024"
242,2024-04-10,BSANTANDER,Goldman Sachs,Vender,-1,,18.0,"Banco Santander-Chile oa Goldman Sachs _Vender 18,00 10/04/2024"
242,2024-04-16,BSANTANDER,JPMorgan,Neutral,0,,20.0,"Banco Santander-Chile oR JPMorgan Neutral 20,00 » 20,00 16/04/2024"
242,2024-04-16,FALABELLA,Credicorp Capital,Mantener,0,5853.0,2800.0,"SACL. Falabella FALABELLA Credicorp Capital Mantener 5.853,00 2.700,00 » 2.800,00 -52,16% 16/04/2024"
241,2024-04-18,FALABELLA,BCI,Sobreponderar,1,5853.0,2860.0,"SAC. Falabella FALABELLA BCI Sobreponderar 5.853,00 2.300,00 » 2.860,00 -51,14% 18/04/2024"
280,2024-04-23,BSANTANDER,Credicorp Capital,Mantener,0,78.16,50.0,"Banco Santander-Chile BSANTANDER Credicorp Capital Mantener 78,16 50,00 » 50,00 -36,03% 23/04/2024"
280,2024-04-26,CENCOSUD,Credicorp Capital,Mantener,0,2005.0,2600.0,"Cencosud S.A. CENCOSUD Credicorp Capital © Mantener 2.005,00 2.600,00 » 2.600,00 29.68% 26/04/2024"
280,2024-04-26,FALABELLA,Credicorp Capital,Mantener,0,5853.0,2800.0,"S.AC.I. Falabella FALABELLA Credicorp Capital © Mantener 5.853,00 2.800,00 » 2.800,00 -52,16% 26/04/2024"
279,2024-05-02,BSANTANDER,Credicorp Capital,Mantener,0,78.16,50.0,"Banco Santander-Chile BSANTANDER —Credicorp Capital Mantener 78,16 50,00 » 50,00 -36,03% 02/05/2024"
278,2024-05-08,FALABELLA,BTG Pactual,Comprar,1,5853.0,2500.0,"S.A.C.I. Falabella FALABELLA BTG Pactual Comprar 5.853,00 2.500,00 » 2.500,00 -57,29% 08/05/2024"
278,2024-05-08,FALABELLA,Credicorp Capital,Mantener,0,5853.0,2800.0,"SACI. Falabella FALABELLA Credicorp Capital © Mantener 5.853,00 2.800,00 » 2.800,00 -52,16% 08/05/2024"
278,2024-05-08,FALABELLA,Morgan Stanley,Subponderar,-1,5853.0,1740.0,"SAC. Falabella FALABELLA Morgan Stanley Subponderar 5.853,00 1.740,00 » 1.740,00 -70,27% 08/05/2024"
275,2024-05-17,FALABELLA,BTG Pactual,Comprar,1,5853.0,3100.0,"S.A.C.I. Falabella FALABELLA BTG Pactual Comprar 5.853,00 2.500,00 » 3.100,00 -47,04% 17/05/2024"
275,2024-05-23,BSANTANDER,BTG Pactual,Comprar,1,78.16,57.0,"Banco Santander-Chile BSANTANDER _—_BTG Pactual ‘Comprar 78,16 57,00 » 57,00 -27,07% 23/05/2024"
274,2024-05-24,SQM-B,JPMorgan,Sobreponderar,1,,55.0,"Sociedad Quimica y Minera sq (apr) JPMorgan Sobreponderar 55,00 » 55,00 24/05/2024"
273,2024-05-27,CENCOSUD,Goldman Sachs,Vender,-1,2005.0,1430.0,"Cencosud S.A CENCOSUD Goldman Sachs —_Vender 2.005,00 1.390,00 » 1.430,00 -28,68% 27/05/2024"
272,2024-06-03,SQM-B,Renta4,Comprar,1,66050.0,58500.0,"Sociedad Quimica y Minera gomy.g Renta4 Comprar 66.050,00 65.000,00 » 58.500,00 -11,43% 03/06/2024"
272,2024-06-05,CENCOSUD,BICE,Comprar,1,2005.0,1951.0,"Cencosud S.A. CENCOSUD BICE Comprar 2.005,00 1.951,00 » 1.951,00 -2,69% 05/06/2024"
270,2024-06-19,SQM-B,Credicorp Capital,Mantener,0,66050.0,51495.0,"Soceaae ouimica yMinera sqM-B Credicorp Capital Mantener 66.050,00 51.495,00 » 51.495,00 -22,04% 19/06/2024"
270,2024-06-24,BSANTANDER,Credicorp Capital,Mantener,0,78.16,50.0,"Banco Santander-Chile BSANTANDER —Credicorp Capital Mantener 78,16 50,00 » 50,00 -36,03% 24/06/2024"
269,2024-07-02,SQM-B,Renta4,Comprar,1,66.05,3000.0,"Sociedad Quimicay Minera samy. Renta4 Comprar 66,050.00 58.500,00 » §3.000,00 -19,76% 02/07/2024"
267,2024-07-10,BSANTANDER,LarrainVial Estudios,Sobreponderar,1,78.16,50.0,"Banco Santander-Chile BSANTANDER Estudios Sobreponderar 78,16 50,00 » 50,00 -36,03% 10/07/2024"
266,2024-07-15,CENCOSUD,Credicorp Capital,Comprar,1,2005.0,2200.0,"Cencosud S.A. CENCOSUD Credicorp Capital Comprar 2.005,00 2.600,00 » 2.200,00 9.73% 15/07/2024"
300,2024-08-20,BSANTANDER,Goldman Sachs,Neutral,0,,21.0,"Banco Santander-Chile (aon) FR Goldman Sachs Neutral 18,00 » 21,00 20/08/2024"
299,2024-08-28,FALABELLA,Credicorp Capital,Mantener,0,5853.0,2800.0,"SACL. Falabella FALABELLA Credicorp Capital Mantener 5.853,00 2.800,00 » 2.800,00 -52,16% 28/08/2024"
299,2024-08-28,FALABELLA,Morgan Stanley,Subponderar,-1,5853.0,2000.0,"SAC. Falabella FALABELLA Morgan Stanley Subponderar 5.853,00 2.000,00 » 2.000,00 -65,83% 28/08/2024"
298,2024-09-04,BSANTANDER,BCI,Sobreponderar,1,78.16,53.0,"Banco Santander-Chile BSANTANDER BCI Sobreponderar 78,16 53,00 -32,19% 04/09/2024"
298,2024-09-05,SQM-B,Credicorp Capital,Mantener,0,66050.0,51495.0,"Sociedad Quimica y Minera soy. Credicorp Capital Mantener 66.050,00 51.495,00 » 51.495,00 -22,04% 05/09/2024"
297,2024-09-09,BSANTANDER,BTG Pactual,Comprar,1,78.16,57.0,"Banco Santander-Chile BSANTANDER _BTG Pactual Comprar 78,16 57,00 » 57,00 -27,07% 09/09/2024"
297,2024-09-09,FALABELLA,BTG Pactual,Comprar,1,5853.0,3100.0,"SACL. Falabella FALABELLA BTG Pactual Comprar 5.853,00 3.100,00 » 3.100,00 -47,04% 09/09/2024"
296,2024-09-11,FALABELLA,BCI,Neutral,0,5853.0,3600.0,"SACI. Falabella FALABELLA BCI Neutral 5.853,00 2.860,00 » 3.600,00 -38,49% 11/09/2024"
295,2024-09-13,BSANTANDER,Credicorp Capital,Mantener,0,78.16,50.0,"Banco Santander-Chile BSANTANDER —Credicorp Capital_~-Mantener 78,16 50,00 » 50,00 -36,03% 13/09/2024"
295,2024-09-13,BSANTANDER,JPMorgan,Neutral,0,,21.0,"Banco Santander-Chile a JPMorgan Neutral 21,00 13/09/2024"
294,2024-09-16,BSANTANDER,LarrainVial Estudios,Sobreponderar,1,78.16,55.0,"Banco Santander-Chile BSANTANDER Estudios Sobreponderar 78,16 55,00 » 55,00 -29,63% 16/09/2024"
293,2024-09-25,FALABELLA,BCI,Neutral,0,5853.0,3600.0,"SACI. Falabella FALABELLA BCI Neutral 5.853,00 3.600,00 » 3.600,00 -38,49% 25/09/2024"
293,2024-09-25,FALABELLA,Credicorp Capital,Mantener,0,5853.0,3800.0,"SAC. Falabella FALABELLA Credicorp Capital Mantener 5.853,00 3.800,00 » 3.800,00 -35,08% 25/09/2024"
293,2024-09-26,BSANTANDER,JPMorgan,Neutral,0,,21.0,"Banco Santander-Chile fap eR JPMorgan Neutral 21,00 » 21,00 26/09/2024"
292,2024-09-27,FALABELLA,BTG Pactual,Comprar,1,5853.0,3800.0,"SACL. Falabella FALABELLA BTG Pactual Comprar 5.853,00 3.100,00 » 3.800,00 -35,08% 27/09/2024"
291,2024-10-02,SQM-B,BICE,Mantener,0,66050.0,58456.0,"Sociedad Quimica y Minera sony.p, BICE Mantener 66.050,00 58.456,00 » 58.456,00 -11,50% 02/10/2024"
291,2024-10-04,BSANTANDER,JPMorgan,Neutral,0,,21.0,"Banco Santander-Chile fap eR JPMorgan Neutral 21,00 » 21,00 04/10/2024"
290,2024-10-07,BSANTANDER,Credicorp Capital,Mantener,0,78.16,57.0,"Banco Santander-Chile BSANTANDER — Credicorp Capital Mantener 78,16 57,00 » 57,00 -27,07% 07/10/2024"
289,2024-10-09,BSANTANDER,BCI,Sobreponderar,1,78.16,57.0,"Banco Santander-Chile BSANTANDER BCI Sobreponderar 78,16 53,00 » 57,00 -27,07% 09/10/2024"
289,2024-10-09,SQM-B,BCI,Sobreponderar,1,66050.0,50000.0,"Sociedad Quimica yminera squ-B BCI Sobreponderar 66.050,00 45.000,00 » 50.000,00 -24,30% 09/10/2024"
288,2024-10-10,BSANTANDER,Credicorp Capital,Mantener,0,78.16,57.0,"Banco Santander-Chile BSANTANDER Credicorp Capital Mantener 78,16 57,00 » 57,00 -27,07% 10/10/2024"
287,2024-10-16,BSANTANDER,BANCHILE,Comprar,1,78.16,54.0,"Banco Santander-Chile BSANTANDER —BANCHILE Comprar 78,16 54,00 » 54,00 -30,91% 16/10/2024"
286,2024-10-23,CENCOSUD,BTG Pactual,Comprar,1,2005.0,2500.0,"Cencosud S.A. CENCOSUD BTG Pactual Comprar 2.005,00 2.400,00 » 2.500,00 24,69% 23/10/2024"
286,2024-10-24,SQM-B,Credicorp Capital,Mantener,0,66050.0,43000.0,"Socieaag Guimica yMinera sqm-B Credicorp Capital Mantener 66.050,00 43.000,00 » 43.000,00 -34,90% 24/10/2024"
22,2024-10-25,CENCOSUD,BTG Pactual,Comprar,1,2005.0,1850.0,"Cencosud S.A. CENCOSUD BTG Pactual Comprar 2.005,00 1.850,00 » 1.850,00 1.73% 25/10/2024"
285,2024-10-25,CENCOSUD,Goldman Sachs,Vender,-1,2005.0,1600.0,"Cencosud S.A. CENCOSUD Goldman Sachs _Vender 2.005,00 1.650,00 » 1.600,00 -20,20% 25/10/2024"
285,2024-10-25,FALABELLA,Goldman Sachs,Vender,-1,5853.0,2210.0,"SACL. Falabella FALABELLA Goldman Sachs _Vender 5.853,00 1.970,00 » 2.210,00 -62,24% 25/10/2024"
282,2024-11-15,FALABELLA,Credicorp Capital,Mantener,0,5853.0,3800.0,"SACL. Falabella FALABELLA Credicorp Capital Mantener 5.853,00 3.800,00 » 3.800,00 -35,08% 15/11/2024"
283,2024-11-19,FALABELLA,BTG Pactual,Comprar,1,5853.0,3800.0,"SAC. Falabella FALABELLA BTG Pactual Comprar 5.853,00 3.800,00 » 3.800,00 -35,08% 19/11/2024"
319,2024-11-26,FALABELLA,Goldman Sachs,Vender,-1,5853.0,2330.0,"SAC. Falabella FALABELLA Goldman Sachs Vender 5.853,00 2.210,00 » 2.330,00 -60,19% 26/11/2024"
318,2024-11-28,CENCOSUD,Credicorp Capital,Comprar,1,2005.0,2300.0,"Cencosud S.A. CENCOSUD Credicorp Capital © Comprar 2.005,00 2.300,00 » 2.300,00 14.71% 28/11/2024"
318,2024-11-28,FALABELLA,Credicorp Capital,Mantener,0,5853.0,3600.0,"S.A.C.I. Falabella FALABELLA Credicorp Capital © Mantener 5.853,00 3.600,00 » 3.600,00 -38,49% 28/11/2024"
318,2024-12-02,BSANTANDER,BICE,Comprar,1,,54.6,"Banco Santander-Chile BSANTANDER BICE Comprar 78,16 54,60 » 54.60 -30,14% 02/12/2024"
317,2024-12-03,CENCOSUD,BANCHILE,Comprar,1,2005.0,2400.0,"Cencosud S.A. CENCOSUD BANCHILE Comprar 2.005,00 2.200,00 » 2.400,00 19,70% 03/12/2024"
317,2024-12-04,BSANTANDER,Citi,Comprar,1,78.16,54.0,"Banco Santander-Chile BSANTANDER Citi Comprar 78,16 54,00 » 54,00 -30,91% 04/12/2024"
317,2024-12-04,CENCOSUD,Citi,Comprar,1,2005.0,2400.0,"Cencosud S.A. CENCOSUD Citi Comprar 2.005,00 2.400,00 » 2.400,00 19,70% 04/12/2024"
317,2024-12-05,CENCOSUD,MBI,Comprar,1,2005.0,2417.0,"Cencosud S.A. CENCOSUD MBI Comprar 2.005,00 2.417,00 » 2.417,00 20,55% 05/12/2024"
317,2024-12-05,SQM-B,MBI,Comprar,1,66050.0,49237.0,"Socniess. sQM-B MBI Comprar 66.050,00 49.237,00 » 49.237,00 -25,45% 05/12/2024"
316,2024-12-06,BSANTANDER,BANCHILE,Comprar,1,78.16,54.0,"Banco Santander-Chile BSANTANDER —BANCHILE Comprar 78,16 54,00 » 54,00 -30,91% 06/12/2024"
316,2024-12-06,BSANTANDER,Credicorp Capital,Mantener,0,78.16,57.0,"Banco Santander-Chile BSANTANDER —Credicorp Capital Mantener 78,16 57,00 » 57,00 -27,07% 06/12/2024"
314,2024-12-19,BSANTANDER,BICE,Comprar,1,78.16,54.6,"Banco Santander-Chile BSANTANDER BICE Comprar 78,16 54,60 » 54,60 -30,14% 19/12/2024"
314,2024-12-19,CENCOSUD,JPMorgan,Neutral,0,2005.0,2450.0,"Cencosud S.A. CENCOSUD JPMorgan Neutral 2.005,00 1.900,00 » 2.450,00 22,19% 19/12/2024"
314,2024-12-19,FALABELLA,JPMorgan,Sobreponderar,1,5853.0,4200.0,"S.A.C.I. Falabella FALABELLA JPMorgan Sobreponderar 5.853,00 4.200,00 -28,24% 19/12/2024"
312,2024-12-30,BSANTANDER,JPMorgan,Neutral,0,,21.0,"Banco Santander-Chile aon JPMorgan Neutral 21,00 » 21,00 30/12/2024"
311,2024-12-31,FALABELLA,JPMorgan,Sobreponderar,1,5853.0,4200.0,"SACI. Falabella FALABELLA JPMorgan Sobreponderar 5.853,00 4.200,00 » 4.200,00 -28,24% 31/12/2024"
311,2025-01-02,BSANTANDER,Goldman Sachs,Vender,-1,,21.0,"Banco Santander-Chile ae Goldman Sachs _Vender 21,00 » 21,00 02/01/2025"
311,2025-01-03,CENCOSUD,JPMorgan,Neutral,0,2005.0,2450.0,"Cencosud S.A. CENCOSUD JPMorgan Neutral 2.005,00 2.450,00 » 2.450,00 22,19% 03/01/2025"
311,2025-01-03,FALABELLA,JPMorgan,Sobreponderar,1,5853.0,4200.0,"SACI. Falabella FALABELLA JPMorgan Sobreponderar 5.853,00 4.200,00 » 4.200,00 -28,24% 03/01/2025"
310,2025-01-07,CENCOSUD,MBI,Comprar,1,2005.0,2644.0,"Cencosud S.A. CENCOSUD MBI Comprar 2.005,00 2.644,00 » 2.644,00 31,87% 07/01/2025"
310,2025-01-07,FALABELLA,Morgan Stanley,Subponderar,-1,5853.0,2830.0,"SACI. Falabella FALABELLA Morgan Stanley Subponderar 5.853,00 2.540,00 » 2.830,00 -51,65% 07/01/2025"
309,2025-01-10,BSANTANDER,Goldman Sachs,Neutral,0,,21.0,"Banco Santander-Chile Aro Goldman Sachs Neutral 21,00 » 21,00 10/01/2025"
309,2025-01-13,BSANTANDER,Credicorp Capital,Mantener,0,78.16,57.0,"Banco Santander-Chile BSANTANDER —Credicorp Capital Mantener 78,16 87,00 » 57,00 -27,07% 13/01/2025"
308,2025-01-16,CENCOSUD,Credicorp Capital,Comprar,1,2005.0,2300.0,"Cencosud S.A. CENCOSUD Credicorp Capital Comprar 2.005,00 2.300,00 » 2.300,00 14.71% 16/01/2025"
308,2025-01-16,CENCOSUD,JPMorgan,Neutral,0,2005.0,2450.0,"Cencosud S.A. CENCOSUD JPMorgan Neutral 2.005,00 2.450,00 » 2.450,00 22,19% 16/01/2025"
307,2025-01-22,CENCOSUD,JPMorgan,Neutral,0,2005.0,2450.0,"Cencosud S.A. CENCOSUD JPMorgan Neutral 2.005,00 2.450,00 » 2.450,00 22,19% 22/01/2025"
306,2025-01-31,CENCOSUD,Credicorp Capital,Comprar,1,2005.0,2300.0,"Cencosud S.A CENCOSUD Credicorp Capital Comprar 2.005,00 2.300,00 » 2.300,00 14.71% 31/01/2025"
305,2025-02-04,BSANTANDER,Credicorp Capital,Mantener,0,78.16,87.0,"Banco Santander-Chile BSANTANDER Credicorp Capital Mantener 78,16 57,00 » 87,00 -27,07% 04/02/2025"
305,2025-02-04,CENCOSUD,Credicorp Capital,Comprar,1,2005.0,2700.0,"Cencosud S.A. CENCOSUD Credicorp Capital Comprar 2.005,00 2.700,00 » 2.700,00 34,66% 04/02/2025"
305,2025-02-04,SQM-B,Credicorp Capital,Mantener,0,66050.0,43000.0,"Soceaae culmea yMinera sqM-B Credicorp Capital Mantener 66.050,00 43.000,00 » 43.000,00 -34,90% 04/02/2025"
305,2025-02-06,FALABELLA,BICE,Sobreponderar,1,5853.0,4301.0,"SACL. Falabella FALABELLA BICE ‘Sobreponderar 5.853,00 4.301,00 » 4.301,00 -26,52% 06/02/2025"
304,2025-02-07,BSANTANDER,Credicorp Capital,Mantener,0,78.16,57.0,"Banco Santander-Chile BSANTANDER —Credicorp Capital Mantener 78,16 57,00 » 57,00 -27,07% 07/02/2025"
304,2025-02-10,CENCOSUD,BICE,Neutral,0,2005.0,2553.0,"Cencosud S.A. CENCOSUD BICE Neutral 2.005,00 2.553,00 » 2.553,00 27,33% 10/02/2025"
303,2025-02-14,CENCOSUD,BANCHILE,Neutral,0,2005.0,2700.0,"Cencosud S.A. CENCOSUD BANCHILE Neutral 2.005,00 2.400,00 » 2.700,00 34,66% 14/02/2025"
302,2025-02-19,BSANTANDER,BANCHILE,Comprar,1,78.16,58.0,"Banco Santander-Chile BSANTANDER —BANCHILE Comprar 78,16 54,00 » 58,00 -25,79% 19/02/2025"
302,2025-02-19,CENCOSUD,JPMorgan,Neutral,0,2005.0,2450.0,"Cencosud S.A. CENCOSUD JPMorgan Neutral 2.005,00 2.450,00 » 2.450,00 22.19% 19/02/2025"
302,2025-02-19,FALABELLA,JPMorgan,Sobreponderar,1,5853.0,4200.0,"SACL. Falabella FALABELLA JPMorgan ‘Sobreponderar 5.853,00 4.200,00 » 4.200,00 28.24% 19/02/2025"
302,2025-02-21,BSANTANDER,Credicorp Capital,Mantener,0,78.16,57.0,"Banco Santander-Chile BSANTANDER — Credicorp Capital Mantener 78,16 57,00 » 57,00 -27,07% 21/02/2025"
301,2025-02-21,CENCOSUD,Credicorp Capital,Comprar,1,2005.0,2700.0,"Cencosud S.A. CENCOSUD Credicorp Capital Comprar 2.005,00 2.700,00 » 2.700,00 34,66% 21/02/2025"
301,2025-02-26,FALABELLA,Morgan Stanley,Subponderar,-1,5853.0,2830.0,"SAC. Falabella FALABELLA Morgan Stanley Subponderar 5.853,00 2.830,00 » 2.830,00 -51,65% 26/02/2025"
339,2025-03-07,CENCOSUD,Credicorp Capital,Comprar,1,2005.0,2700.0,"Cencosud S.A. CENCOSUD Credicorp Capital Comprar 2.005,00 2.700,00 » 2.700,00 34,66% 07/03/2025"
338,2025-03-14,BSANTANDER,BTG Pactual,Comprar,1,78.16,60.0,"Banco Santander-Chile BSANTANDER BTG Pactual ‘Comprar 78,16 57,00 » 60,00 -23,23% 14/03/2025"
337,2025-03-21,CENCOSUD,JPMorgan,Neutral,0,2005.0,2450.0,"Cencosud S.A. CENCOSUD JPMorgan Neutral 2.005,00 2.450,00 » 2.450,00 22,19% 21/03/2025"
337,2025-03-21,FALABELLA,JPMorgan,Sobreponderar,1,5853.0,4200.0,"SAC. Falabella FALABELLA JPMorgan Sobreponderar 5.853,00 4.200,00 » 4.200,00 -28,24% 21/03/2025"
336,2025-03-27,BSANTANDER,JPMorgan,Neutral,0,,21.0,"Banco Santander-Chile fap JPMorgan Neutral 21,00 » 21,00 27/03/2025"
335,2025-03-31,FALABELLA,Jefferies,Mantener,0,5853.0,4500.0,"SACL. Falabella FALABELLA Jefferies Mantener 5.853,00 4.500,00 -2312% 31/03/2025"
334,2025-04-07,BSANTANDER,Credicorp Capital,Mantener,0,78.16,57.0,"Banco Santander-Chile BSANTANDER Credicorp Capital © Mantener 78,16 57,00 » 57,00 -27,07% 07/04/2025"
334,2025-04-08,SQM-B,BCI,Sobreponderar,1,66050.0,50000.0,"de Chile SA. SQM-B BCI ‘Sobreponderar 66.050,00 50.000,00 -24,30% 08/04/2025"
333,2025-04-09,BSANTANDER,Credicorp Capital,Mantener,0,78.16,57.0,"Banco Santander-Chile BSANTANDER —Credicorp Capital‘ Mantener 78,16 57,00 » 57,00 27.07% 09/04/2025"
333,2025-04-09,SQM-B,Credicorp Capital,Mantener,0,66050.0,40000.0,"Socedad Quimicay Minera sqM.B Credicorp Capital Mantener 66.050,00 40.000,00 » 40.000,00 -39,44% 09/04/2025"
333,2025-04-10,CENCOSUD,JPMorgan,Neutral,0,2005.0,2900.0,"Cencosud S.A. CENCOSUD JPMorgan Neutral 2.005,00 2.450,00 » 2.900,00 44.64% 10/04/2025"
333,2025-04-10,FALABELLA,JPMorgan,Sobreponderar,1,5853.0,4400.0,"SACL. Falabella FALABELLA JPMorgan Sobreponderar 5.853,00 4.200,00 » 4.400,00 -24,82% 10/04/2025"
332,2025-04-14,BSANTANDER,Credicorp Capital,Mantener,0,78.16,57.0,"Banco Santander-Chile BSANTANDER —_Credicorp Capital Mantener 78,16 57,00 » 57,00 -27,07% 14/04/2025"
332,2025-04-16,BSANTANDER,BANCHILE,Comprar,1,78.16,60.0,"Banco Santander-Chile BSANTANDER —BANCHILE Comprar 78,16 60,00 » 60,00 -23,23% 16/04/2025"
331,2025-04-21,FALABELLA,Goldman Sachs,Vender,-1,5853.0,2830.0,"SACL. Falabella FALABELLA Goldman Sachs —_Vender 5.853,00 2.710,00 » 2.830,00 -51,65% 21/04/2025"
331,2025-04-22,BSANTANDER,JPMorgan,Neutral,0,,22.0,"Banco Santander-Chile faba) ER JPMorgan Neutral 21,00 » 22,00 22/04/2025"
330,2025-04-25,CENCOSUD,MBI,Neutral,0,2005.0,3200.0,"Cencosud S.A. CENCOSUD MBI Neutral 2.005,00 2.860,00 » 3.200,00 59,60% 25/04/2025"
328,2025-05-07,FALABELLA,Credicorp Capital,Mantener,0,5853.0,3800.0,"SACL. Falabella FALABELLA Credicorp Capital Mantener 5.853,00 3.800,00 » 3.800,00 -35,08% 07/05/2025"
328,2025-05-07,FALABELLA,JPMorgan,Sobreponderar,1,5853.0,4400.0,"SACL. Falabella FALABELLA JPMorgan Sobreponderar 5.853,00 4.400,00 » 4.400,00 -24,82% 07/05/2025"
327,2025-05-08,FALABELLA,BTG Pactual,Neutral,0,5853.0,4300.0,"SAC. Falabella FALABELLA BTG Pactual Neutral 5.853,00 4,050,00 » 4.300,00 -26,53% 08/05/2025"
327,2025-05-09,BSANTANDER,Goldman Sachs,Neutral,0,,25.0,"Banco Santander-Chile ne Goldman Sachs Neutral 23,00 » 25,00 09/05/2025"
327,2025-05-09,CENCOSUD,Citi,Neutral,0,2005.0,2700.0,"Cencosud S.A. CENCOSUD citi Neutral 2.005,00 2.700,00 » 2.700,00 34,66% 09/05/2025"
327,2025-05-09,CENCOSUD,Credicorp Capital,Comprar,1,2005.0,2700.0,"Cencosud S.A. CENCOSUD Credicorp Capital Comprar 2.005,00 2.700,00 » 2.700,00 34.66% 09/05/2025"
327,2025-05-09,CENCOSUD,JPMorgan,Neutral,0,2005.0,2900.0,"Cencosud S.A. CENCOSUD JPMorgan Neutral 2.005,00 2.900,00 » 2.900,00 44,64% 09/05/2025"
325,2025-05-16,FALABELLA,JPMorgan,Sobreponderar,1,5853.0,4400.0,"SACL. Falabella FALABELLA JPMorgan ‘Sobreponderar 5.853,00 4.400,00 » 4.400,00 -24,82% 16/05/2025"
324,2025-05-22,FALABELLA,Goldman Sachs,Vender,-1,5853.0,3110.0,"SAC. Falabella FALABELLA Goldman Sachs _Vender 5.853,00 2.830,00 » 3.110,00 -46,86% 22/05/2025"
323,2025-05-28,CENCOSUD,BICE,Sobreponderar,1,2005.0,3772.0,"Cencosud S.A. CENCOSUD BICE ‘Sobreponderar 2.005,00 3.772,00 88,13% 28/05/2025"
322,2025-06-03,FALABELLA,Renta4,Comprar,1,5853.0,5400.0,"SACI. Falabella FALABELLA Renta4 Comprar 5.853,00 4.550,00 » 5.400,00 1.74% 03/06/2025"
322,2025-06-04,FALABELLA,JPMorgan,Sobreponderar,1,5853.0,5200.0,"SACI. Falabella FALABELLA JPMorgan ‘Sobreponderar 5.853,00 4.400,00 » 5.200,00 -11,16% 04/06/2025"
321,2025-06-06,BSANTANDER,BANCHILE,Comprar,1,78.16,65.0,"Banco Santander-Chile BSANTANDER —BANCHILE ‘Comprar 78,16 60,00 » 65,00 “16.84% 06/06/2025"
357,2025-06-26,FALABELLA,JPMorgan,Sobreponderar,1,5853.0,5200.0,"SACI. Falabella FALABELLA JPMorgan ‘Sobreponderar 5.853,00 5.200,00 » 5.200,00 -11,16% 26/06/2025"
357,2025-06-30,FALABELLA,Credicorp Capital,Comprar,1,5853.0,5300.0,"S.AC.I. Falabella FALABELLA Credicorp Capital Comprar 5.853,00 3.800,00 » 5.300,00 -9,45% 30/06/2025"
357,2025-07-01,FALABELLA,JPMorgan,Sobreponderar,1,5853.0,5200.0,"SACI. Falabella FALABELLA JPMorgan ‘Sobreponderar 5.853,00 5.200,00 » 5.200,00 -11,16% 01/07/2025"
356,2025-07-09,FALABELLA,BCI,Neutral,0,5853.0,5400.0,"SACL. Falabella FALABELLA BCI Neutral 5.853,00 4.600,00 » 5.400,00 -7,74% 09/07/2025"
355,2025-07-11,BSANTANDER,Citi,Comprar,1,78.16,65.0,"Banco Santander-Chile BSANTANDER Citi Comprar 78,16 65,00 » 65,00 -16,84% 11/07/2025"
355,2025-07-14,BSANTANDER,Credicorp Capital,Mantener,0,78.16,57.0,"Banco Santander-Chile BSANTANDER —Credicorp Capital Mantener 78,16 57,00 » 57,00 -27,07% 14/07/2025"
355,2025-07-17,BSANTANDER,Goldman Sachs,Neutral,0,,25.0,"Banco Santander-Chile (apn) Goldman Sachs Neutral 25,00 » 25,00 17/07/2025"
354,2025-07-21,BSANTANDER,JPMorgan,Neutral,0,,26.0,"Banco Santander-Chile (aon) JPMorgan Neutral 22,00 » 26,00 21/07/2025"
353,2025-07-23,CENCOSUD,Goldman Sachs,Vender,-1,2005.0,1850.0,"Cencosud S.A. CENCOSUD Goldman Sachs _Vender 2.005,00 1.810,00 » 1.850,00 1.73% 23/07/2025"
353,2025-07-23,FALABELLA,Goldman Sachs,Vender,-1,5853.0,3380.0,"SACL. Falabella FALABELLA Goldman Sachs —_Vender 5.853,00 3.110,00 » 3.380,00 -42,25% 23/07/2025"
352,2025-07-26,FALABELLA,Credicorp Capital,Comprar,1,5853.0,5300.0,"SAC Falabella FALABELLA Credicorp Capital Comprar 5.853,00 5.300,00 » 5.300,00 9.45% 26/07/2025"
350,2025-07-30,SQM-B,BCI,Sobreponderar,1,66050.0,44500.0,"Sociedad Quimica yMinera sqM-B BCI Sobreponderar 66.050,00 37.000,00 » 44.500,00 -32,63% 30/07/2025"
349,2025-08-01,BSANTANDER,Credicorp Capital,Mantener,0,78.16,57.0,"Banco Santander-Chile BSANTANDER —Credicorp Capital Mantener 78,16 57,00 » 57,00 -27,07% 01/08/2025"
349,2025-08-07,BSANTANDER,BTG Pactual,Comprar,1,78.16,64.0,"Banco Santander-Chile BSANTANDER BTG Pactual ‘Comprar 78,16 62,00 » 64,00 -18,12% 07/08/2025"
348,2025-08-08,CENCOSUD,Credicorp Capital,Comprar,1,2005.0,3600.0,"Cencosud S.A. CENCOSUD Credicorp Capital Comprar 2.005,00 3.600,00 » 3.600,00 79.55% 08/08/2025"
348,2025-08-11,CENCOSUD,Credicorp Capital,Comprar,1,2005.0,3600.0,"Cencosud S.A. CENCOSUD Credicorp Capital Comprar 2.005,00 3.600,00 » 3.600,00 79.55% 11/08/2025"
347,2025-08-13,FALABELLA,Credicorp Capital,Comprar,1,5853.0,5300.0,"SAC. Falabella FALABELLA Credicorp Capital Comprar 5.853,00 5.300,00 » 5.300,00 9.45% 13/08/2025"
347,2025-08-13,FALABELLA,Goldman Sachs,Vender,-1,5853.0,3380.0,"SAC. Falabella FALABELLA Goldman Sachs Vender 5.853,00 3.380,00 » 3.380,00 -42.25% 13/08/2025"
347,2025-08-13,FALABELLA,JPMorgan,Sobreponderar,1,5853.0,5200.0,"SAC. Falabella FALABELLA JPMorgan Sobreponderar 5.853,00 5.200,00 » 5.200,00 -11,16% 13/08/2025"
347,2025-08-19,FALABELLA,BCI,Neutral,0,5853.0,5400.0,"SAC. Falabella FALABELLA BCI Neutral 5.853,00 5.400,00 » 5.400,00 “7.748% 19/08/2025"
345,2025-08-25,BSANTANDER,Credicorp Capital,Mantener,0,78.16,57.0,"Banco Santander-Chile BSANTANDER Credicorp Capital © Mantener 78,16 57,00 » 57,00 -27,07% 25/08/2025"
343,2025-08-28,FALABELLA,BICE,Neutral,0,5853.0,6004.0,"SACL Falabella FALABELLA BICE Neutral 5.853,00 4.301,00 » 6.004,00 2.58% 28/08/2025"
342,2025-09-09,BSANTANDER,BTG Pactual,Comprar,1,78.16,64.0,"Banco Santander-Chile BSANTANDER _BTG Pactual Comprar 78,16 64,00 » 64,00 -18,12% 09/09/2025"
341,2025-09-12,BSANTANDER,Credicorp Capital,Mantener,0,78.16,57.0,"Banco Santander-Chile BSANTANDER —Credicorp Capital Mantener 78,16 57,00 » 57,00 -27,07% 12/09/2025"
380,2025-09-16,BSANTANDER,Credicorp Capital,Mantener,0,78.16,66.0,"Banco Santander-Chile BSANTANDER —Credicorp Capital Mantener 78,16 57,00 » 66,00 ~15,56% 16/09/2025"
341,2025-09-16,CENCOSUD,Credicorp Capital,Comprar,1,,3500.0,"Cencosud S.A. CENCOSUD Credicorp Capital Comprar 2.005,00 3.60000 » 3.500,00 74.56% 16/09/2025"
341,2025-09-16,FALABELLA,Credicorp Capital,Mantener,0,5853.0,6000.0,"SACL. Falabella FALABELLA Credicorp Capital Mantener 5.853,00 5.300,00 » 6.000,00 2.51% 16/09/2025"
380,2025-09-17,FALABELLA,BANCHILE,Neutral,0,5853.0,6000.0,"SACL. Falabella FALABELLA BANCHILE Neutral 5.853,00 6.000,00 251% 17/09/2025"
380,2025-09-23,CENCOSUD,JPMorgan,Neutral,0,2005.0,3250.0,"Cencosud S.A. CENCOSUD JPMorgan Neutral 2.005,00 2.900,00 » 3.250,00 62,09% 23/09/2025"
380,2025-09-25,CENCOSUD,JPMorgan,Neutral,0,2005.0,3250.0,"Cencosud S.A. CENCOSUD JPMorgan Neutral 2.005,00 3.250,00 » 3.250,00 62,09% 25/09/2025"
379,2025-09-25,SQM-B,BANCHILE,Comprar,1,66050.0,47000.0,"Sociedad Quimica yMinera sqm-B BANCHILE Comprar 66.050,00 47.000,00 » 47.000,00 -28,84% 25/09/2025"
379,2025-09-29,BSANTANDER,JPMorgan,Neutral,0,,28.0,"Banco Santander-Chile fa) ‘JPMorgan Neutral 28,00 » 28,00 29/09/2025"
379,2025-09-30,CENCOSUD,JPMorgan,Neutral,0,2005.0,3250.0,"Cencosud S.A. CENCOSUD JPMorgan Neutral 2.005,00 3.250,00 » 3.250,00 62,09% 30/09/2025"
379,2025-09-30,FALABELLA,JPMorgan,Sobreponderar,1,5853.0,5200.0,"SACL. Falabella FALABELLA JPMorgan Sobreponderar 5.853,00 5.200,00 » 5.200,00 -11,16% 30/09/2025"
375,2025-10-16,BSANTANDER,Goldman Sachs,Neutral,0,,25.0,"Banco Santander-Chile (apn) NR Goldman Sachs Neutral 25,00 » 25,00 16/10/2025"
375,2025-10-16,BSANTANDER,JPMorgan,Neutral,0,,30.0,"Banco Santander-Chile fap NER JPMorgan Neutral 28,00 » 30,00 16/10/2025"
375,2025-10-20,CENCOSUD,Goldman Sachs,Vender,-1,2005.0,1780.0,"Cencosud S.A. CENCOSUD Goldman Sachs —_Vender 2.005,00 1.880,00 » 1.780,00 -11,22% 20/10/2025"
375,2025-10-20,FALABELLA,Goldman Sachs,Vender,-1,5853.0,3640.0,"SACL. Falabella FALABELLA Goldman Sachs —_Vender 5.853,00 3.460,00 » 3.640,00 -37,81% 20/10/2025"
374,2025-10-22,CENCOSUD,BICE,Sobreponderar,1,2005.0,3772.0,"Cencosud S.A. CENCOSUD BICE Sobreponderar 2.005,00 3.772,00 » 3.772,00 88,13% 22/10/2025"
373,2025-10-29,FALABELLA,Credicorp Capital,Mantener,0,5853.0,6000.0,"SACL. Falabella FALABELLA Credicorp Capital Mantener 5.853,00 6.000,00 » 6.000,00 2.51% 29/10/2025"
373,2025-10-30,FALABELLA,Credicorp Capital,Mantener,0,5853.0,6000.0,"SAC. Falabella FALABELLA Credicorp Capital Mantener 5.853,00 6.000,00 » 6.000,00 2.51% 30/10/2025"
371,2025-11-07,CENCOSUD,JPMorgan,Neutral,0,2005.0,3250.0,"Cencosud S.A CENCOSUD JPMorgan Neutral 2.005,00 3.250,00 » 3.250,00 62,09% 07/11/2025"
370,2025-11-14,FALABELLA,BICE,Neutral,0,5853.0,6004.0,"SACL Falabella FALABELLA BICE Neutral 5.853,00 6.004,00 » 6.004,00 2.58% 14/11/2025"
370,2025-11-14,FALABELLA,Credicorp Capital,Mantener,0,5853.0,6000.0,"SACI. Falabella FALABELLA Credicorp Capital Mantener 5.853,00 6.000,00 » 6.000,00 2.51% 14/11/2025"
370,2025-11-19,BSANTANDER,Credicorp Capital,Mantener,0,78.16,66.0,"Banco Santander-Chile BSANTANDER —Credicorp Capital Mantener 78,16 66,00 » 66,00 -15,56% 19/11/2025"
368,2025-11-24,FALABELLA,Goldman Sachs,Vender,-1,5853.0,4010.0,"SACL. Falabella FALABELLA Goldman Sachs __Vender 5.853,00 3.640,00 » 4.010,00 -31,49% 24/11/2025"
366,2025-12-09,CENCOSUD,Goldman Sachs,Vender,-1,2005.0,2520.0,"Cencosud S.A. CENCOSUD Goldman Sachs Vender 2.005,00 2.520,00 25.69% 09/12/2025"
365,2025-12-09,FALABELLA,Goldman Sachs,Vender,-1,5853.0,5810.0,"SACI. Falabella FALABELLA Goldman Sachs Vender 5.853,00 5.810,00 -0,73% 09/12/2025"
364,2025-12-16,BSANTANDER,BTG Pactual,Comprar,1,78.16,81.0,"Banco Santander-Chile BSANTANDER BTG Pactual Comprar 78,16 64,00 » 81,00 3.63% 16/12/2025"
363,2025-12-17,FALABELLA,BICE,Neutral,0,5853.0,6937.0,"SACI. Falabella FALABELLA BICE Neutral 5.853,00 6.937,00 18,52% 17/12/2025"
361,2025-12-29,SQM-B,Credicorp Capital,Mantener,0,,64.7,"Sociedad Quimica y Minera samy (apr) Credicorp Capital Mantener 64,70 » 64,70 29/12/2025"
361,2026-01-02,BSANTANDER,BCI,Neutral,0,78.16,68.0,"Banco Santander-Chile BSANTANDER BCI Neutral 78,16 68,00 » 68,00 -13,00% 02/01/2026"
399,2026-01-09,CENCOSUD,SCOTIA,Neutral,0,2005.0,3500.0,"Cencosud S.A. CENCOSUD SCOTIA Neutral 2.005,00 3.500,00 » 3.500,00 74,56% 09/01/2026"
399,2026-01-09,FALABELLA,SCOTIA,Comprar,1,5853.0,7000.0,"SAC. Falabella FALABELLA SCOTIA Comprar 5.853,00 5.500,00 » 7.000,00 19,60% 09/01/2026"
398,2026-01-15,BSANTANDER,JPMorgan,Neutral,0,,38.0,"Banco Santander-Chile co ae JPMorgan Neutral 30,00 » 38,00 15/01/2026"
397,2026-01-19,FALABELLA,JPMorgan,Sobreponderar,1,5853.0,5200.0,"SACL. Falabella FALABELLA JPMorgan Sobreponderar 5.853,00 5.200,00 » 5.200,00 -11,16% 19/01/2026"
397,2026-01-20,SQM-B,JPMorgan,Sobreponderar,1,,93.0,"Sociedad Quimica y Minera samy (app) JPMorgan ‘Sobreponderar 79,00 » 93,00 20/01/2026"
396,2026-01-26,BSANTANDER,JPMorgan,Neutral,0,,38.0,"Banco Santander-Chile ree JPMorgan Neutral 38,00 » 38,00 26/01/2026"
393,2026-02-06,FALABELLA,Morgan Stanley,Mantener,0,5853.0,6650.0,"SAC. Falabella FALABELLA Morgan Stanley Mantener 5.853,00 6.650,00 » 6.650,00 13,62% 06/02/2026"
393,2026-02-06,FALABELLA,Morgan Stanley,Mantener,0,5853.0,5850.0,"SACL Falabella FALABELLA Morgan Stanley Mantener 5.853,00 5,850,00 » 5.850,00 0.05% 06/02/2026"
393,2026-02-09,FALABELLA,Morgan Stanley,Mantener,0,5853.0,6650.0,"SAC. Falabella FALABELLA Morgan Stanley Mantener 5.853,00 5.850,00 » 6.650,00 13,62% 09/02/2026"
390,2026-02-20,SQM-B,MBI,Neutral,0,66050.0,71012.0,"Sociedad Quimica y Minera sQouM-B MBI Neutral 66.050,00 71.012,00 751% 20/02/2026"
390,2026-02-23,BSANTANDER,Credicorp Capital,Mantener,0,78.16,86.0,"Banco Santander-Chile BSANTANDER — Credicorp Capital Mantener 78,16 86,00 10.03% 23/02/2026"
389,2026-02-25,FALABELLA,BICE,Mantener,0,5853.0,6937.0,"SACI. Falabella FALABELLA BICE Mantener 5.853,00 6.937,00 18,52% 25/02/2026"
389,2026-02-25,FALABELLA,Citi,Neutral,0,5853.0,6000.0,"SACI. Falabella FALABELLA Citi Neutral 5.853,00 6.000,00 251% 25/02/2026"
389,2026-02-25,FALABELLA,Goldman Sachs,Vender,-1,5853.0,5810.0,"SACI. Falabella FALABELLA Goldman Sachs Vender 5.853,00 5.810,00 -0,73% 25/02/2026"
389,2026-02-25,FALABELLA,JPMorgan,Sobreponderar,1,5853.0,5200.0,"SACI. Falabella FALABELLA JPMorgan Sobreponderar 5.853,00 5.200,00 -11,16% 25/02/2026"
388,2026-03-02,CENCOSUD,BICE,Sobreponderar,1,2005.0,3652.0,"Cencosud S.A. CENCOSUD BICE Sobreponderar 2.005,00 3.652,00 » 3.652,00 82.14% 02/03/2026"
387,2026-03-04,BSANTANDER,Credicorp Capital,Mantener,0,78.16,86.0,"Banco Santander-Chile BSANTANDER — Credicorp Capital Mantener 78,16 86,00 » 86,00 10,03% 04/03/2026"
387,2026-03-05,FALABELLA,Goldman Sachs,Vender,-1,853.0,5810.0,"SAC.|. Falabella FALABELLA Goldman Sachs Vender §.853,00 5.810,00 -0,73% 05/03/2026"
386,2026-03-09,CENCOSUD,Credicorp Capital,Mantener,0,2005.0,3150.0,"Cencosud S.A. CENCOSUD Credicorp Capital © Mantener 2.005,00 3.500,00 » 3.150,00 57,11% 09/03/2026"
385,2026-03-16,BSANTANDER,JPMorgan,Neutral,0,,38.0,"Banco Santander-Chile cr JPMorgan Neutral 38,00 16/03/2026"
385,2026-03-19,FALABELLA,JPMorgan,Sobreponderar,1,5853.0,7000.0,"SACL. Falabella FALABELLA JPMorgan Sobreponderar 5.853,00 5.200,00 » 7.000,00 19,60% 19/03/2026"
384,2026-03-23,SQM-B,Credicorp Capital,Mantener,0,66050.0,63500.0,"soeaccuimicay Minera sqm.B Credicorp Capital Mantener 66.050,00 63.500,00 -3,86% 23/03/2026"
382,2026-03-30,BSANTANDER,JPMorgan,Sobreponderar,1,,40.0,"Banco Santander-Chile fap) eR JPMorgan Sobreponderar 40,00 30/03/2026"
381,2026-04-02,CENCOSUD,BICE,Sobreponderar,1,2005.0,3652.0,"Cencosud S.A. CENCOSUD BICE Sobreponderar 2.005,00 3.652,00 82.14% 02/04/2026"
420,2026-04-10,BSANTANDER,Credicorp Capital,Mantener,0,78.16,86.0,"Banco Santander-Chile BSANTANDER —Credicorp Capital Mantener 78,16 86,00 10,03% 10/04/2026"
420,2026-04-10,SQM-B,Credicorp Capital,Mantener,0,66050.0,63500.0,"Sociedad Quimica yMinera sqM-B Credicorp Capital Mantener 66.050,00 63.500,00 -3,86% 10/04/2026"
417,2026-04-22,FALABELLA,JPMorgan,Sobreponderar,1,853.0,7000.0,"SAC. Falabella FALABELLA JPMorgan Sobreponderar 5§.853,00 7.000,00 » 7.000,00 19.60% 22/04/2026"
416,2026-04-24,CENCOSUD,Goldman Sachs,Vender,-1,2005.0,2520.0,"Cencosud S.A. CENCOSUD Goldman Sachs _-Vender 2.005,00 2.520,00 » 2.520,00 25.69% 24/04/2026"
416,2026-04-24,FALABELLA,Goldman Sachs,Vender,-1,5853.0,5870.0,"SACL. Falabella FALABELLA Goldman Sachs _Vender 5.853,00 5.810,00 » 5.870,00 0.29% 24/04/2026"
415,2026-04-30,BSANTANDER,Credicorp Capital,Mantener,0,78.16,86.0,"Banco Santander-Chile BSANTANDER —Credicorp Capital Mantener 78,16 86,00 10,03% 30/04/2026"
414,2026-05-06,FALABELLA,BCI,Neutral,0,5853.0,6400.0,"SAC. Falabella FALABELLA BCI Neutral 5.853,00 6.400,00 9.35% 06/05/2026"
414,2026-05-06,FALABELLA,Credicorp Capital,Mantener,0,5853.0,6000.0,"SAC Falabella FALABELLA Credicorp Capital Mantener 5.853,00 6.000,00 » 6.000,00 2.51% 06/05/2026"
414,2026-05-06,FALABELLA,JPMorgan,Sobreponderar,1,5853.0,5515.0,"SAC. Falabella FALABELLA JPMorgan ‘Sobreponderar 5.853,00 5.515,00 517% 06/05/2026"
413,2026-05-08,CENCOSUD,BCI,Sobreponderar,1,2005.0,3300.0,"Cencosud S.A. CENCOSUD BCI Sobreponderar 2.005,00 3.300,00 64,59% 08/05/2026"
413,2026-05-08,CENCOSUD,Goldman Sachs,Vender,-1,2005.0,2201.0,"Cencosud S.A. CENCOSUD Goldman Sachs Vender 2.005,00 2.201,00 9.78% 08/05/2026"
413,2026-05-08,CENCOSUD,JPMorgan,Neutral,0,2005.0,2900.0,"Cencosud S.A. CENCOSUD JPMorgan Neutral 2.005,00 2.900,00 44.64% 08/05/2026"
412,2026-05-13,CENCOSUD,BANCHILE,Comprar,1,2005.0,2800.0,"Cencosud S.A. CENCOSUD BANCHILE Comprar 2.005,00 2.800,00 39,65% 13/05/2026"
412,2026-05-14,BSANTANDER,JPMorgan,Sobreponderar,1,,40.0,"Banco Santander-Chile ese JPMorgan ‘Sobreponderar 40,00 14/05/2026"
411,2026-05-18,BSANTANDER,LarrainVial Estudios,Sobreponderar,1,78.16,87.0,"Banco Santander-Chile BSANTANDER Estudios Sobreponderar 78,16 83,00 » 87,00 11.31% 18/05/2026"
410,2026-05-22,CENCOSUD,Goldman Sachs,Vender,-1,2005.0,2180.0,"Cencosud S.A. CENCOSUD Goldman Sachs. _Vender 2.005,00 2.520,00 » 2.180,00 8.73% 22/05/2026"
409,2026-06-01,FALABELLA,Credicorp Capital,Mantener,0,5853.0,6000.0,"SACI. Falabella FALABELLA Credicorp Capital Mantener 5.853,00 6.000,00 2.51% 01/06/2026"
407,2026-06-11,SQM-B,MBI,Sobreponderar,1,66050.0,76218.0,"soarean Suimica yMinera sqm-B MBI Sobreponderar 66.050,00 76.218,00 15,39% 11/06/2026"
406,2026-06-18,BSANTANDER,Renta4,Comprar,1,78.16,86.5,"Banco Santander-Chile BSANTANDER Renta4 Comprar 78,16 85,00 » 86,50 10,67% 18/06/2026"
405,2026-06-19,FALABELLA,BANCHILE,Comprar,1,5853.0,6900.0,"SACI. Falabella FALABELLA BANCHILE Comprar 5.853,00 6.000,00 » 6.900,00 17,89% 19/06/2026"
405,2026-06-23,CENCOSUD,MBI,Sobreponderar,1,2005.0,2700.0,"Cencosud S.A. CENCOSUD MBI Sobreponderar 2.005,00 2.800,00 » 2.700,00 34,66% 23/06/2026"
405,2026-06-24,CENCOSUD,Citi,Comprar,1,2005.0,2800.0,"Cencosud S.A. CENCOSUD Citi Comprar 2.005,00 2.800,00 39,65% 24/06/2026"
404,2026-06-25,BSANTANDER,BANCHILE,Comprar,1,78.16,84.0,"Banco Santander-Chile BSANTANDER —BANCHILE Comprar 78,16 80,00 » 84,00 7.47% 25/06/2026"
404,2026-07-01,BSANTANDER,Credicorp Capital,Mantener,0,78.16,86.0,"Banco Santander-Chile BSANTANDER — Credicorp Capital Mantener 78,16 86,00 » 86,00 10,03% 01/07/2026"
404,2026-07-01,FALABELLA,Credicorp Capital,Mantener,0,5853.0,6000.0,"SACL. Falabella FALABELLA Credicorp Capital Mantener 5.853,00 6.000,00 » 6.000,00 251% 01/07/2026"
403,2026-07-02,FALABELLA,JPMorgan,Sobreponderar,1,5853.0,7000.0,"SACL. Falabella FALABELLA JPMorgan ‘Sobreponderar 5.853,00 7.000,00 » 7.000,00 19,60% 02/07/2026"
403,2026-07-03,BSANTANDER,Credicorp Capital,Mantener,0,78.16,86.0,"Banco Santander-Chile BSANTANDER —Credicorp Capital Mantener 78,16 86,00 » 86,00 10,03% 03/07/2026"
403,2026-07-08,FALABELLA,Credicorp Capital,Mantener,0,5853.0,6000.0,"SACL. Falabella FALABELLA Credicorp Capital Mantener 5.853,00 6.000,00 » 6.000,00 2.51% 08/07/2026"
402,2026-07-09,BSANTANDER,Credicorp Capital,Mantener,0,78.16,86.0,"Banco Santander-Chile BSANTANDER —Credicorp Capital Mantener 78,16 86,00 » 86,00 10,03% 09/07/2026"
401,2026-07-13,BSANTANDER,LarrainVial Estudios,Sobreponderar,1,78.16,87.0,"Banco Santander-Chile BSANTANDER Estudios Sobreponderar 78,16 87,00 » 87,00 13/07/2026"
214,2028-07-20,CENCOSUD,Credicorp Capital,Comprar,1,2005.0,2400.0,"Cencosud S.A. CENCOSUD Credicorp Capital Comprar 2.005,00 2.400,00 » 2.400,00 19,70% 20/07/2028"
