alphadata_ticker,date,valor_anterior,valor_nuevo
AGUAS-A,2025-01-02,299.0,292.72
AGUAS-A,2025-01-03,300.0,293.7
AGUAS-A,2025-04-16,345.1499938964844,337.38
AGUAS-A,2025-04-17,356.739990234375,348.71
AGUAS-A,2025-04-21,350.0,342.12
AGUAS-A,2025-04-22,352.0,344.08
AGUAS-A,2025-05-06,348.45001220703125,345.0
AGUAS-A,2025-11-20,362.0,355.25
AGUAS-A,2025-11-21,363.989990234375,357.2
AGUAS-A,2025-11-24,363.0,356.23
AGUAS-A,2025-11-25,363.0,356.23
AGUAS-A,2025-11-26,368.0,361.14
AGUAS-A,2026-01-21,387.9800109863281,385.0
AGUAS-A,2026-02-05,392.1900024414063,389.9
AGUAS-A,2026-04-09,352.8900146484375,352.49
AGUAS-A,2026-04-20,358.6000061035156,348.37
AGUAS-A,2026-04-21,357.0,346.81
AGUAS-A,2026-04-22,355.0,344.87
AGUAS-A,2026-04-23,355.0,344.87
AGUAS-A,2026-04-24,359.9800109863281,349.71
AGUAS-A,2026-07-20,332.3999938964844,333.5
AGUAS-A,2026-07-21,332.3999938964844,338.5
AGUAS-A,2026-07-22,332.3999938964844,339.0
AGUAS-A,2026-07-23,332.3999938964844,334.0
AGUAS-A,2026-07-24,332.3999938964844,338.0
AGUAS-A,2026-07-27,332.3999938964844,340.0
AGUAS-A,2026-07-28,332.3999938964844,340.0
AGUAS-A,2026-07-29,332.3999938964844,339.0
AGUAS-A,2026-07-30,332.3999938964844,337.5
AGUAS-A,2026-07-31,332.3999938964844,339.5
AGUAS-A,2026-08-03,332.3999938964844,340.0
AGUAS-A,2026-08-04,332.3999938964844,340.0
AGUAS-A,2026-08-05,332.3999938964844,341.49
AGUAS-A,2026-08-06,332.3999938964844,341.48
AGUAS-A,2026-08-07,332.3999938964844,340.0
AGUAS-A,2026-08-10,332.3999938964844,339.5
AGUAS-A,2026-08-11,332.3999938964844,337.1
AGUAS-A,2026-08-12,332.3999938964844,330.5
AGUAS-A,2026-08-13,332.3999938964844,333.0
AGUAS-A,2026-08-14,332.3999938964844,335.0
AGUAS-A,2026-08-17,332.3999938964844,336.5
AGUAS-A,2026-08-19,332.3999938964844,331.63
AGUAS-A,2026-08-20,332.3999938964844,331.3
AGUAS-A,2026-08-21,332.3999938964844,330.0
AGUAS-A,2026-08-24,332.3999938964844,330.0
AGUAS-A,2026-08-25,332.3999938964844,326.0
AGUAS-A,2026-08-26,332.3999938964844,331.0
AGUAS-A,2026-08-27,332.3999938964844,329.0
AGUAS-A,2026-08-28,332.3999938964844,327.7
AGUAS-A,2026-08-31,332.3999938964844,320.0
AGUAS-A,2026-09-01,332.3999938964844,320.0
AGUAS-A,2026-09-02,332.3999938964844,328.6
AGUAS-A,2026-09-03,332.3999938964844,328.0
AGUAS-A,2026-09-04,332.3999938964844,332.0
AGUAS-A,2026-09-07,332.3999938964844,331.8
AGUAS-A,2026-09-08,332.3999938964844,328.0
AGUAS-A,2026-09-09,332.3999938964844,329.0
AGUAS-A,2026-09-10,332.3999938964844,333.5
AGUAS-A,2026-09-11,332.3999938964844,332.75
AGUAS-A,2026-09-14,332.3999938964844,330.77
AGUAS-A,2026-09-15,332.3999938964844,326.0
AGUAS-A,2026-09-16,332.3999938964844,326.0
ANDINA-B,2025-01-10,3130.0,3100.0
ANDINA-B,2025-01-20,3190.0,3035.44
ANDINA-B,2025-01-21,3170.89990234375,3017.26
ANDINA-B,2025-01-22,3160.0,3006.89
ANDINA-B,2025-01-23,3183.0,3028.78
ANDINA-B,2025-01-24,3201.10009765625,3046.0
ANDINA-B,2025-03-13,3511.800048828125,3447.0
ANDINA-B,2025-10-13,3735.0,3698.78
ANDINA-B,2025-10-14,3759.0,3722.55
ANDINA-B,2025-10-15,3773.0,3736.41
ANDINA-B,2025-10-16,3838.89990234375,3801.67
ANDINA-B,2025-10-17,3969.800048828125,3931.3
ANDINA-B,2025-12-09,4198.0,4176.27
ANDINA-B,2025-12-10,4189.0,4167.32
ANDINA-B,2025-12-11,4245.0,4223.03
ANDINA-B,2025-12-12,4250.0,4228.0
ANDINA-B,2026-01-23,4501.0,4550.0
ANDINA-B,2026-02-02,4599.89990234375,4650.0
ANDINA-B,2026-05-04,4100.0,3993.91
ANDINA-B,2026-05-05,4190.0,4081.58
ANDINA-B,2026-05-06,4428.0,4313.42
ANDINA-B,2026-05-07,4499.0,4228.77
ANDINA-B,2026-05-08,4336.10009765625,4223.9
ANDINA-B,2026-07-20,4699.89990234375,4605.0
ANDINA-B,2026-07-21,4699.89990234375,4729.9
ANDINA-B,2026-07-23,4699.89990234375,4707.0
ANDINA-B,2026-07-27,4699.89990234375,4620.0
ANDINA-B,2026-07-28,4699.89990234375,4710.0
ANDINA-B,2026-07-29,4699.89990234375,4710.0
ANDINA-B,2026-07-30,4699.89990234375,4670.0
ANDINA-B,2026-07-31,4699.89990234375,4630.0
ANDINA-B,2026-08-03,4699.89990234375,4620.0
ANDINA-B,2026-08-04,4699.89990234375,4680.0
ANDINA-B,2026-08-05,4699.89990234375,4820.0
ANDINA-B,2026-08-06,4699.89990234375,4818.9
ANDINA-B,2026-08-07,4699.89990234375,4848.0
ANDINA-B,2026-08-10,4699.89990234375,4820.0
ANDINA-B,2026-08-11,4699.89990234375,4800.0
ANDINA-B,2026-08-12,4699.89990234375,4710.8
ANDINA-B,2026-08-13,4699.89990234375,4680.0
ANDINA-B,2026-08-14,4699.89990234375,4690.0
ANDINA-B,2026-08-17,4699.89990234375,4647.98
ANDINA-B,2026-08-18,4699.89990234375,4618.34
ANDINA-B,2026-08-19,4699.89990234375,4672.68
ANDINA-B,2026-08-20,4699.89990234375,4643.04
ANDINA-B,2026-08-21,4699.89990234375,4572.9
ANDINA-B,2026-08-24,4699.89990234375,4650.0
ANDINA-B,2026-08-25,4699.89990234375,4610.3
ANDINA-B,2026-08-26,4699.89990234375,4560.0
ANDINA-B,2026-08-27,4699.89990234375,4600.0
ANDINA-B,2026-08-28,4699.89990234375,4525.0
ANDINA-B,2026-08-31,4699.89990234375,4530.0
ANDINA-B,2026-09-01,4699.89990234375,4590.0
ANDINA-B,2026-09-02,4699.89990234375,4660.1
ANDINA-B,2026-09-03,4699.89990234375,4630.0
ANDINA-B,2026-09-04,4699.89990234375,4600.0
ANDINA-B,2026-09-07,4699.89990234375,4639.0
ANDINA-B,2026-09-08,4699.89990234375,4610.0
ANDINA-B,2026-09-09,4699.89990234375,4600.0
ANDINA-B,2026-09-10,4699.89990234375,4600.0
ANDINA-B,2026-09-11,4699.89990234375,4655.0
ANDINA-B,2026-09-14,4699.89990234375,4730.0
ANDINA-B,2026-09-15,4699.89990234375,4730.0
ANDINA-B,2026-09-16,4699.89990234375,4743.0
ANTARCHILE,2025-01-29,7485.10009765625,7525.0
ANTARCHILE,2025-04-28,7319.89990234375,7048.95
ANTARCHILE,2025-04-29,7319.60009765625,7048.67
ANTARCHILE,2025-04-30,7350.0,7077.94
ANTARCHILE,2025-05-02,7375.0,7102.01
ANTARCHILE,2025-05-06,7000.0,7094.0
ANTARCHILE,2025-09-26,8413.900390625,8430.0
ANTARCHILE,2025-12-09,7885.5,7772.71
ANTARCHILE,2025-12-10,7879.5,7766.79
ANTARCHILE,2025-12-11,7849.89990234375,7737.62
ANTARCHILE,2025-12-12,7831.39990234375,7719.38
ANTARCHILE,2026-04-09,7792.0,7864.8
ANTARCHILE,2026-05-04,8149.0,7954.32
ANTARCHILE,2026-05-05,8114.7998046875,7920.94
ANTARCHILE,2026-05-06,8119.5,7925.52
ANTARCHILE,2026-05-07,8100.2001953125,7906.69
ANTARCHILE,2026-05-08,8080.0,7886.97
ANTARCHILE,2026-05-13,7762.89990234375,7826.5
ANTARCHILE,2026-07-20,7450.2998046875,7500.0
ANTARCHILE,2026-07-21,7450.2998046875,7536.6
ANTARCHILE,2026-07-22,7450.2998046875,7698.4
ANTARCHILE,2026-07-23,7450.2998046875,7546.7
ANTARCHILE,2026-07-24,7450.2998046875,7534.5
ANTARCHILE,2026-07-27,7450.2998046875,7500.0
ANTARCHILE,2026-07-28,7450.2998046875,7500.0
ANTARCHILE,2026-07-29,7450.2998046875,7507.0
ANTARCHILE,2026-07-30,7450.2998046875,7497.9
ANTARCHILE,2026-07-31,7450.2998046875,7504.0
ANTARCHILE,2026-08-03,7450.2998046875,7477.8
ANTARCHILE,2026-08-04,7450.2998046875,7441.0
ANTARCHILE,2026-08-05,7450.2998046875,7399.9
ANTARCHILE,2026-08-06,7450.2998046875,7398.5
ANTARCHILE,2026-08-07,7450.2998046875,7382.7
ANTARCHILE,2026-08-10,7450.2998046875,7297.8
ANTARCHILE,2026-08-11,7450.2998046875,7297.6
ANTARCHILE,2026-08-12,7450.2998046875,7300.0
ANTARCHILE,2026-08-13,7450.2998046875,7290.0
ANTARCHILE,2026-08-14,7450.2998046875,7369.4
ANTARCHILE,2026-08-17,7450.2998046875,7325.5
ANTARCHILE,2026-08-18,7450.2998046875,7310.0
ANTARCHILE,2026-08-19,7450.2998046875,7320.0
ANTARCHILE,2026-08-20,7450.2998046875,7423.7
ANTARCHILE,2026-08-21,7450.2998046875,7567.4
ANTARCHILE,2026-08-24,7450.2998046875,7643.7
ANTARCHILE,2026-08-25,7450.2998046875,7640.0
ANTARCHILE,2026-08-27,7450.2998046875,7609.3
ANTARCHILE,2026-08-28,7450.2998046875,7637.8
ANTARCHILE,2026-08-31,7450.2998046875,7001.0
ANTARCHILE,2026-09-01,7450.2998046875,7566.3
ANTARCHILE,2026-09-02,7450.2998046875,7673.8
ANTARCHILE,2026-09-03,7450.2998046875,7699.9
ANTARCHILE,2026-09-04,7450.2998046875,7665.3
ANTARCHILE,2026-09-07,7450.2998046875,7632.0
ANTARCHILE,2026-09-08,7450.2998046875,7600.0
ANTARCHILE,2026-09-09,7450.2998046875,7638.2
ANTARCHILE,2026-09-10,7450.2998046875,7638.2
ANTARCHILE,2026-09-11,7450.2998046875,7600.4
ANTARCHILE,2026-09-14,7450.2998046875,7588.9
ANTARCHILE,2026-09-15,7450.2998046875,7572.0
ANTARCHILE,2026-09-16,7450.2998046875,7565.0
BCI,2025-03-28,35290.0,34170.78
BCI,2025-03-31,35090.0,33977.12
BCI,2025-04-01,35450.0,34325.7
BCI,2025-04-02,34900.0,33793.15
BCI,2025-04-03,34999.0,33889.01
BCI,2025-05-06,37500.0,37698.0
BCI,2025-05-16,40198.0,39768.0
BCI,2025-07-15,38499.0,38094.0
BCI,2025-08-22,39140.0,39800.0
BCI,2025-09-03,40799.0,41900.0
BCI,2025-10-21,47633.0,47000.0
BCI,2026-01-08,62299.0,62200.0
BCI,2026-01-20,63989.0,63750.0
BCI,2026-01-23,66499.0,64499.0
BCI,2026-03-26,60000.0,58522.14
BCI,2026-03-27,60000.0,58522.14
BCI,2026-03-30,59900.0,58424.6
BCI,2026-03-31,60000.0,58522.14
BCI,2026-04-01,60898.0,59398.02
BCI,2026-04-09,61100.0,61500.0
BCI,2026-05-13,55747.0,54911.0
BCI,2026-07-20,62502.0,64500.0
BCI,2026-07-21,62502.0,64960.0
BCI,2026-07-22,62502.0,64500.0
BCI,2026-07-23,62502.0,64450.0
BCI,2026-07-24,62502.0,65000.0
BCI,2026-07-27,62502.0,64200.0
BCI,2026-07-28,62502.0,64500.0
BCI,2026-07-29,62502.0,64990.0
BCI,2026-07-30,62502.0,66000.0
BCI,2026-07-31,62502.0,66900.0
BCI,2026-08-03,62502.0,67300.0
BCI,2026-08-04,62502.0,66051.0
BCI,2026-08-05,62502.0,66000.0
BCI,2026-08-06,62502.0,66000.0
BCI,2026-08-07,62502.0,67001.0
BCI,2026-08-10,62502.0,67659.0
BCI,2026-08-11,62502.0,67900.0
BCI,2026-08-12,62502.0,67000.0
BCI,2026-08-13,62502.0,66450.0
BCI,2026-08-14,62502.0,65543.0
BCI,2026-08-17,62502.0,66400.0
BCI,2026-08-18,62502.0,67800.0
BCI,2026-08-19,62502.0,68500.0
BCI,2026-08-20,62502.0,67500.0
BCI,2026-08-21,62502.0,66255.0
BCI,2026-08-24,62502.0,68000.0
BCI,2026-08-25,62502.0,67500.0
BCI,2026-08-26,62502.0,67510.0
BCI,2026-08-27,62502.0,67520.0
BCI,2026-08-28,62502.0,67200.0
BCI,2026-08-31,62502.0,64500.0
BCI,2026-09-01,62502.0,67090.0
BCI,2026-09-02,62502.0,67900.0
BCI,2026-09-03,62502.0,67800.0
BCI,2026-09-04,62502.0,67400.0
BCI,2026-09-07,62502.0,67499.0
BCI,2026-09-08,62502.0,66575.0
BCI,2026-09-09,62502.0,65100.0
BCI,2026-09-10,62502.0,65498.0
BCI,2026-09-11,62502.0,66490.0
BCI,2026-09-14,62502.0,67100.0
BCI,2026-09-15,62502.0,67751.0
BCI,2026-09-16,62502.0,66100.0
BESALCO,2025-05-02,735.0,716.54
BESALCO,2025-05-05,760.0,740.91
BESALCO,2025-05-06,775.0,755.53
BESALCO,2025-05-07,780.010009765625,760.42
BESALCO,2025-05-08,796.1799926757812,776.18
BESALCO,2025-08-18,844.3499755859375,839.38
BESALCO,2025-08-19,844.3499755859375,839.38
BESALCO,2025-08-20,844.22998046875,839.26
BESALCO,2025-08-21,849.9099731445312,844.91
BESALCO,2025-11-14,1235.0,1225.04
BESALCO,2025-11-17,1272.199951171875,1261.94
BESALCO,2025-11-18,1254.9000244140625,1244.78
BESALCO,2025-11-19,1245.699951171875,1235.65
BESALCO,2025-11-20,1240.0,1230.0
BESALCO,2026-04-20,1279.5999755859375,1255.8
BESALCO,2026-04-21,1260.0999755859375,1236.66
BESALCO,2026-04-22,1250.0,1226.75
BESALCO,2026-04-23,1270.0,1246.37
BESALCO,2026-04-24,1290.0999755859375,1266.1
BESALCO,2026-07-20,1230.5,1200.0
BESALCO,2026-07-21,1230.5,1199.6
BESALCO,2026-07-22,1230.5,1189.0
BESALCO,2026-07-23,1230.5,1174.0
BESALCO,2026-07-24,1230.5,1155.0
BESALCO,2026-07-27,1230.5,1133.0
BESALCO,2026-07-28,1230.5,1114.7
BESALCO,2026-07-29,1230.5,1085.0
BESALCO,2026-07-30,1230.5,1109.7
BESALCO,2026-07-31,1230.5,1120.0
BESALCO,2026-08-03,1230.5,1120.0
BESALCO,2026-08-04,1230.5,1120.0
BESALCO,2026-08-05,1230.5,1160.0
BESALCO,2026-08-06,1230.5,1187.1
BESALCO,2026-08-07,1230.5,1211.2
BESALCO,2026-08-10,1230.5,1238.49
BESALCO,2026-08-11,1230.5,1225.04
BESALCO,2026-08-12,1230.5,1244.96
BESALCO,2026-08-13,1230.5,1238.98
BESALCO,2026-08-14,1230.5,1235.0
BESALCO,2026-08-18,1230.5,1245.0
BESALCO,2026-08-19,1230.5,1245.0
BESALCO,2026-08-20,1230.5,1225.0
BESALCO,2026-08-21,1230.5,1245.0
BESALCO,2026-08-24,1230.5,1260.0
BESALCO,2026-08-25,1230.5,1260.0
BESALCO,2026-08-26,1230.5,1235.0
BESALCO,2026-08-27,1230.5,1245.0
BESALCO,2026-08-28,1230.5,1252.4
BESALCO,2026-08-31,1230.5,1234.1
BESALCO,2026-09-01,1230.5,1238.6
BESALCO,2026-09-02,1230.5,1253.8
BESALCO,2026-09-03,1230.5,1260.0
BESALCO,2026-09-04,1230.5,1260.0
BESALCO,2026-09-07,1230.5,1253.6
BESALCO,2026-09-08,1230.5,1255.0
BESALCO,2026-09-09,1230.5,1260.0
BESALCO,2026-09-10,1230.5,1264.2
BESALCO,2026-09-11,1230.5,1270.0
BESALCO,2026-09-14,1230.5,1267.4
BESALCO,2026-09-15,1230.5,1270.0
BESALCO,2026-09-16,1230.5,1287.5
BSANTANDER,2025-01-10,46.84999847412109,46.51
BSANTANDER,2025-04-17,57.84999847412109,54.74
BSANTANDER,2025-04-21,57.77000045776367,54.66
BSANTANDER,2025-04-22,58.08000183105469,54.95
BSANTANDER,2025-04-23,59.16999816894531,55.98
BSANTANDER,2025-06-30,58.709999084472656,58.51
BSANTANDER,2025-07-08,58.68000030517578,58.36
BSANTANDER,2026-01-23,78.19000244140625,78.0
BSANTANDER,2026-03-18,71.79000091552734,72.6
BSANTANDER,2026-04-09,77.69000244140625,78.0
BSANTANDER,2026-04-17,79.48999786376953,79.0
BSANTANDER,2026-04-23,74.94999694824219,71.55
BSANTANDER,2026-04-24,75.97000122070312,72.53
BSANTANDER,2026-04-27,75.19999694824219,71.79
BSANTANDER,2026-04-28,74.23999786376953,70.88
BSANTANDER,2026-04-29,74.0,70.65
BSANTANDER,2026-05-13,67.48999786376953,66.8
BSANTANDER,2026-07-20,77.0,78.9
BSANTANDER,2026-07-21,77.0,79.01
BSANTANDER,2026-07-22,77.0,79.85
BSANTANDER,2026-07-23,77.0,80.0
BSANTANDER,2026-07-24,77.0,79.32
BSANTANDER,2026-07-27,77.0,80.77
BSANTANDER,2026-07-28,77.0,79.12
BSANTANDER,2026-07-29,77.0,80.24
BSANTANDER,2026-07-30,77.0,80.7
BSANTANDER,2026-07-31,77.0,80.99
BSANTANDER,2026-08-03,77.0,80.44
BSANTANDER,2026-08-04,77.0,79.4
BSANTANDER,2026-08-05,77.0,80.2
BSANTANDER,2026-08-06,77.0,81.06
BSANTANDER,2026-08-07,77.0,80.16
BSANTANDER,2026-08-10,77.0,81.8
BSANTANDER,2026-08-11,77.0,80.2
BSANTANDER,2026-08-12,77.0,77.5
BSANTANDER,2026-08-13,77.0,78.76
BSANTANDER,2026-08-14,77.0,78.51
BSANTANDER,2026-08-17,77.0,79.49
BSANTANDER,2026-08-18,77.0,79.71
BSANTANDER,2026-08-19,77.0,80.25
BSANTANDER,2026-08-20,77.0,79.5
BSANTANDER,2026-08-21,77.0,79.5
BSANTANDER,2026-08-24,77.0,82.29
BSANTANDER,2026-08-25,77.0,82.2
BSANTANDER,2026-08-26,77.0,81.0
BSANTANDER,2026-08-27,77.0,80.85
BSANTANDER,2026-08-28,77.0,82.0
BSANTANDER,2026-08-31,77.0,80.51
BSANTANDER,2026-09-01,77.0,81.96
BSANTANDER,2026-09-02,77.0,83.88
BSANTANDER,2026-09-03,77.0,83.04
BSANTANDER,2026-09-04,77.0,83.69
BSANTANDER,2026-09-07,77.0,83.12
BSANTANDER,2026-09-08,77.0,82.58
BSANTANDER,2026-09-09,77.0,81.85
BSANTANDER,2026-09-10,77.0,82.55
BSANTANDER,2026-09-11,77.0,82.55
BSANTANDER,2026-09-14,77.0,83.5
BSANTANDER,2026-09-15,77.0,83.2
BSANTANDER,2026-09-16,77.0,82.17
CAP,2026-04-09,6835.39990234375,6815.0
CAP,2026-05-13,6730.0,6767.8
CAP,2026-07-21,6313.2998046875,6247.7
CAP,2026-07-22,6313.2998046875,6300.0
CAP,2026-07-23,6313.2998046875,6130.0
CAP,2026-07-24,6313.2998046875,6060.0
CAP,2026-07-27,6313.2998046875,6060.0
CAP,2026-07-28,6313.2998046875,6000.0
CAP,2026-07-29,6313.2998046875,6000.0
CAP,2026-07-30,6313.2998046875,5975.0
CAP,2026-07-31,6313.2998046875,5929.0
CAP,2026-08-03,6313.2998046875,5800.0
CAP,2026-08-04,6313.2998046875,5771.0
CAP,2026-08-05,6313.2998046875,5802.9
CAP,2026-08-06,6313.2998046875,5840.0
CAP,2026-08-07,6313.2998046875,5745.1
CAP,2026-08-10,6313.2998046875,5600.0
CAP,2026-08-11,6313.2998046875,5475.0
CAP,2026-08-12,6313.2998046875,5400.0
CAP,2026-08-13,6313.2998046875,5395.0
CAP,2026-08-14,6313.2998046875,5390.0
CAP,2026-08-17,6313.2998046875,5370.0
CAP,2026-08-18,6313.2998046875,5319.0
CAP,2026-08-19,6313.2998046875,5293.6
CAP,2026-08-20,6313.2998046875,5309.2
CAP,2026-08-21,6313.2998046875,5325.0
CAP,2026-08-24,6313.2998046875,5450.0
CAP,2026-08-25,6313.2998046875,5556.0
CAP,2026-08-26,6313.2998046875,5641.7
CAP,2026-08-27,6313.2998046875,5770.0
CAP,2026-08-28,6313.2998046875,5601.0
CAP,2026-08-31,6313.2998046875,5550.0
CAP,2026-09-01,6313.2998046875,5550.0
CAP,2026-09-02,6313.2998046875,5680.0
CAP,2026-09-03,6313.2998046875,5674.2
CAP,2026-09-04,6313.2998046875,5680.0
CAP,2026-09-07,6313.2998046875,5718.0
CAP,2026-09-08,6313.2998046875,5746.8
CAP,2026-09-09,6313.2998046875,5655.0
CAP,2026-09-10,6313.2998046875,5571.0
CAP,2026-09-11,6313.2998046875,5590.0
CAP,2026-09-14,6313.2998046875,5480.0
CAP,2026-09-15,6313.2998046875,5450.0
CAP,2026-09-16,6313.2998046875,5380.0
CCU,2025-04-21,7250.0,7150.92
CCU,2025-04-22,7200.2001953125,7101.8
CCU,2025-04-23,7250.0,7150.92
CCU,2025-04-24,7349.89990234375,7249.46
CCU,2025-11-17,6150.0,6064.75
CCU,2025-11-18,6075.0,5990.79
CCU,2025-11-19,6013.0,5929.65
CCU,2025-11-20,6042.0,5958.25
CCU,2025-11-21,6059.89990234375,5975.9
CCU,2026-04-09,5538.0,5575.0
CCU,2026-04-13,5531.0,5456.7
CCU,2026-04-14,5490.0,5416.25
CCU,2026-04-15,5460.0,5386.66
CCU,2026-04-16,5450.0,5376.79
CCU,2026-04-17,5548.0,5473.47
CCU,2026-05-13,5221.89990234375,5197.1
CCU,2026-06-16,5239.89990234375,5175.1
CCU,2026-07-20,5218.0,5270.0
CCU,2026-07-21,5218.0,5450.0
CCU,2026-07-22,5218.0,5420.7
CCU,2026-07-23,5218.0,5390.0
CCU,2026-07-24,5218.0,5489.0
CCU,2026-07-27,5218.0,5603.9
CCU,2026-07-28,5218.0,5585.0
CCU,2026-07-29,5218.0,5450.0
CCU,2026-07-30,5218.0,5385.4
CCU,2026-07-31,5218.0,5385.0
CCU,2026-08-03,5218.0,5361.9
CCU,2026-08-04,5218.0,5321.0
CCU,2026-08-05,5218.0,5428.0
CCU,2026-08-06,5218.0,5401.0
CCU,2026-08-07,5218.0,5499.6
CCU,2026-08-10,5218.0,5584.7
CCU,2026-08-11,5218.0,5500.0
CCU,2026-08-12,5218.0,5395.0
CCU,2026-08-13,5218.0,5378.0
CCU,2026-08-14,5218.0,5400.0
CCU,2026-08-17,5218.0,5388.0
CCU,2026-08-18,5218.0,5354.5
CCU,2026-08-19,5218.0,5390.0
CCU,2026-08-20,5218.0,5550.0
CCU,2026-08-21,5218.0,5690.0
CCU,2026-08-24,5218.0,5834.0
CCU,2026-08-25,5218.0,5798.0
CCU,2026-08-26,5218.0,5774.0
CCU,2026-08-27,5218.0,5730.0
CCU,2026-08-28,5218.0,5673.0
CCU,2026-08-31,5218.0,5431.0
CCU,2026-09-01,5218.0,5420.0
CCU,2026-09-02,5218.0,5550.0
CCU,2026-09-03,5218.0,5575.0
CCU,2026-09-04,5218.0,5558.0
CCU,2026-09-07,5218.0,5599.0
CCU,2026-09-08,5218.0,5650.0
CCU,2026-09-09,5218.0,5585.5
CCU,2026-09-10,5218.0,5515.0
CCU,2026-09-11,5218.0,5480.0
CCU,2026-09-14,5218.0,5475.0
CCU,2026-09-15,5218.0,5373.3
CCU,2026-09-16,5218.0,5415.0
CENCOMALLS,2025-04-23,2005.0999755859373,1974.93
CENCOMALLS,2025-04-24,2020.0,1989.6
CENCOMALLS,2025-04-25,2051.0,2020.13
CENCOMALLS,2025-04-28,2070.0,2038.85
CENCOMALLS,2025-04-29,2060.0,2029.0
CENCOMALLS,2025-06-05,2047.9000244140625,2000.0
CENCOMALLS,2025-06-17,1971.800048828125,1951.0
CENCOMALLS,2025-10-16,2080.0,2055.0
CENCOMALLS,2025-11-17,2360.0,2300.5
CENCOMALLS,2025-11-18,2346.199951171875,2287.05
CENCOMALLS,2025-11-19,2370.0,2310.25
CENCOMALLS,2025-11-20,2392.699951171875,2332.38
CENCOMALLS,2025-11-21,2380.0,2320.0
CENCOMALLS,2026-04-09,2455.60009765625,2495.0
CENCOMALLS,2026-04-30,2728.0,2712.84
CENCOMALLS,2026-05-04,2636.39990234375,2621.75
CENCOMALLS,2026-05-05,2659.0,2644.23
CENCOMALLS,2026-05-06,2699.699951171875,2684.7
CENCOMALLS,2026-07-20,2210.0,2230.0
CENCOMALLS,2026-07-21,2210.0,2278.9
CENCOMALLS,2026-07-22,2210.0,2278.4
CENCOMALLS,2026-07-23,2210.0,2275.0
CENCOMALLS,2026-07-24,2210.0,2323.9
CENCOMALLS,2026-07-27,2210.0,2300.0
CENCOMALLS,2026-07-28,2210.0,2249.9
CENCOMALLS,2026-07-29,2210.0,2271.0
CENCOMALLS,2026-07-30,2210.0,2300.0
CENCOMALLS,2026-07-31,2210.0,2335.0
CENCOMALLS,2026-08-03,2210.0,2360.0
CENCOMALLS,2026-08-04,2210.0,2369.8
CENCOMALLS,2026-08-05,2210.0,2365.0
CENCOMALLS,2026-08-06,2210.0,2419.9
CENCOMALLS,2026-08-07,2210.0,2459.6
CENCOMALLS,2026-08-10,2210.0,2493.0
CENCOMALLS,2026-08-11,2210.0,2469.7
CENCOMALLS,2026-08-12,2210.0,2412.0
CENCOMALLS,2026-08-13,2210.0,2430.0
CENCOMALLS,2026-08-14,2210.0,2430.0
CENCOMALLS,2026-08-17,2210.0,2462.9
CENCOMALLS,2026-08-18,2210.0,2410.1
CENCOMALLS,2026-08-19,2210.0,2450.0
CENCOMALLS,2026-08-20,2210.0,2419.7
CENCOMALLS,2026-08-21,2210.0,2427.9
CENCOMALLS,2026-08-24,2210.0,2448.0
CENCOMALLS,2026-08-25,2210.0,2422.9
CENCOMALLS,2026-08-26,2210.0,2468.9
CENCOMALLS,2026-08-27,2210.0,2492.8
CENCOMALLS,2026-08-28,2210.0,2495.0
CENCOMALLS,2026-08-31,2210.0,2440.0
CENCOMALLS,2026-09-01,2210.0,2286.0
CENCOMALLS,2026-09-02,2210.0,2460.0
CENCOMALLS,2026-09-03,2210.0,2492.4
CENCOMALLS,2026-09-04,2210.0,2494.0
CENCOMALLS,2026-09-07,2210.0,2509.0
CENCOMALLS,2026-09-08,2210.0,2470.1
CENCOMALLS,2026-09-09,2210.0,2459.8
CENCOMALLS,2026-09-10,2210.0,2450.0
CENCOMALLS,2026-09-11,2210.0,2394.9
CENCOMALLS,2026-09-14,2210.0,2363.4
CENCOMALLS,2026-09-15,2210.0,2300.0
CENCOMALLS,2026-09-16,2210.0,2270.0
CENCOSUD,2025-04-28,3128.0,3113.29
CENCOSUD,2025-04-29,3289.0,3273.53
CENCOSUD,2025-04-30,3240.0,3224.76
CENCOSUD,2025-05-02,3190.0,3175.0
CENCOSUD,2025-05-06,3180.0,3233.5
CENCOSUD,2025-08-14,3097.0,3110.0
CENCOSUD,2025-11-26,2839.0,2835.2
CENCOSUD,2026-01-06,3100.0,3135.0
CENCOSUD,2026-01-07,3134.89990234375,3100.0
CENCOSUD,2026-04-09,2577.0,2560.0
CENCOSUD,2026-05-05,2137.199951171875,2113.24
CENCOSUD,2026-05-06,2141.0,2117.0
CENCOSUD,2026-05-07,2201.0,2176.32
CENCOSUD,2026-05-08,2230.0,2205.0
CENCOSUD,2026-07-20,1995.0,2005.0
CENCOSUD,2026-07-21,1995.0,2027.9
CENCOSUD,2026-07-22,1995.0,2009.8
CENCOSUD,2026-07-23,1995.0,1968.0
CENCOSUD,2026-07-24,1995.0,1958.0
CENCOSUD,2026-07-27,1995.0,1915.0
CENCOSUD,2026-07-28,1995.0,1900.0
CENCOSUD,2026-07-29,1995.0,1919.0
CENCOSUD,2026-07-30,1995.0,1945.0
CENCOSUD,2026-07-31,1995.0,1954.9
CENCOSUD,2026-08-03,1995.0,1955.0
CENCOSUD,2026-08-04,1995.0,1987.0
CENCOSUD,2026-08-05,1995.0,2019.9
CENCOSUD,2026-08-06,1995.0,2060.0
CENCOSUD,2026-08-07,1995.0,2050.0
CENCOSUD,2026-08-10,1995.0,2050.0
CENCOSUD,2026-08-11,1995.0,1989.9
CENCOSUD,2026-08-12,1995.0,1949.0
CENCOSUD,2026-08-13,1995.0,1949.3
CENCOSUD,2026-08-14,1995.0,1930.1
CENCOSUD,2026-08-17,1995.0,1944.0
CENCOSUD,2026-08-18,1995.0,1950.0
CENCOSUD,2026-08-20,1995.0,2062.9
CENCOSUD,2026-08-21,1995.0,2060.0
CENCOSUD,2026-08-24,1995.0,2128.0
CENCOSUD,2026-08-25,1995.0,2115.0
CENCOSUD,2026-08-26,1995.0,2087.0
CENCOSUD,2026-08-27,1995.0,2079.0
CENCOSUD,2026-08-28,1995.0,2078.0
CENCOSUD,2026-08-31,1995.0,1956.0
CENCOSUD,2026-09-01,1995.0,2010.0
CENCOSUD,2026-09-02,1995.0,2034.9
CENCOSUD,2026-09-03,1995.0,2019.0
CENCOSUD,2026-09-04,1995.0,2030.0
CENCOSUD,2026-09-07,1995.0,2040.0
CENCOSUD,2026-09-08,1995.0,2030.0
CENCOSUD,2026-09-09,1995.0,2059.2
CENCOSUD,2026-09-10,1995.0,2011.1
CENCOSUD,2026-09-11,1995.0,2039.5
CENCOSUD,2026-09-14,1995.0,2081.0
CENCOSUD,2026-09-15,1995.0,2132.0
CENCOSUD,2026-09-16,1995.0,2101.0
CHILE,2025-01-10,114.6500015258789,114.29
CHILE,2025-03-17,130.7899932861328,121.15
CHILE,2025-03-18,131.00999450683594,121.35
CHILE,2025-03-19,131.10000610351562,121.43
CHILE,2025-03-20,132.10000610351562,122.36
CHILE,2025-03-21,133.64999389648438,123.8
CHILE,2025-05-06,139.3000030517578,143.0
CHILE,2025-05-13,143.99000549316406,145.0
CHILE,2025-06-23,138.77999877929688,137.55
CHILE,2025-08-05,136.60000610351562,135.51
CHILE,2025-08-08,140.49000549316406,140.15
CHILE,2025-08-14,141.6999969482422,140.1
CHILE,2025-09-02,138.6999969482422,140.1
CHILE,2025-10-16,157.99000549316406,157.78
CHILE,2025-10-30,163.1999969482422,165.41
CHILE,2026-01-21,180.0500030517578,179.61
CHILE,2026-01-26,190.2899932861328,191.0
CHILE,2026-01-27,195.9900054931641,194.0
CHILE,2026-01-30,198.9900054931641,192.6
CHILE,2026-04-09,171.60000610351562,171.99
CHILE,2026-05-13,155.83999633789062,155.2
CHILE,2026-06-26,179.99000549316406,177.8
CHILE,2026-07-20,188.5,189.95
CHILE,2026-07-21,188.5,190.01
CHILE,2026-07-22,188.5,193.5
CHILE,2026-07-23,188.5,190.72
CHILE,2026-07-24,188.5,193.1
CHILE,2026-07-27,188.5,193.26
CHILE,2026-07-28,188.5,189.1
CHILE,2026-07-29,188.5,191.0
CHILE,2026-07-30,188.5,196.8
CHILE,2026-07-31,188.5,193.71
CHILE,2026-08-03,188.5,192.48
CHILE,2026-08-04,188.5,189.02
CHILE,2026-08-05,188.5,190.22
CHILE,2026-08-06,188.5,191.7
CHILE,2026-08-10,188.5,189.76
CHILE,2026-08-11,188.5,186.85
CHILE,2026-08-12,188.5,183.0
CHILE,2026-08-13,188.5,186.0
CHILE,2026-08-14,188.5,185.81
CHILE,2026-08-18,188.5,191.6
CHILE,2026-08-19,188.5,192.7
CHILE,2026-08-20,188.5,189.0
CHILE,2026-08-21,188.5,192.01
CHILE,2026-08-24,188.5,196.5
CHILE,2026-08-25,188.5,194.01
CHILE,2026-08-26,188.5,191.05
CHILE,2026-08-27,188.5,193.0
CHILE,2026-08-28,188.5,194.8
CHILE,2026-08-31,188.5,192.5
CHILE,2026-09-01,188.5,196.46
CHILE,2026-09-02,188.5,198.9
CHILE,2026-09-03,188.5,198.51
CHILE,2026-09-04,188.5,198.45
CHILE,2026-09-07,188.5,197.02
CHILE,2026-09-08,188.5,197.0
CHILE,2026-09-09,188.5,196.48
CMPC,2025-01-08,1588.0,1570.1
CMPC,2025-01-10,1594.9000244140625,1615.0
CMPC,2025-04-28,1493.9000244140625,1477.1
CMPC,2025-04-29,1480.0,1463.36
CMPC,2025-04-30,1485.0,1468.3
CMPC,2025-05-02,1475.0,1458.41
CMPC,2025-05-13,1477.199951171875,1490.0
CMPC,2025-08-22,1572.0,1563.0
CMPC,2026-01-06,1494.5999755859375,1480.0
CMPC,2026-01-13,1480.0,1474.6
CMPC,2026-03-04,1305.0999755859375,1300.1
CMPC,2026-03-06,1299.9000244140625,1288.9
CMPC,2026-04-09,1168.0,1170.0
CMPC,2026-04-30,1116.0999755859375,1106.72
CMPC,2026-05-04,1097.0,1087.78
CMPC,2026-05-05,1082.4000244140625,1073.3
CMPC,2026-05-06,1115.0,1105.63
CMPC,2026-05-08,1178.9000244140625,1155.8
CMPC,2026-05-27,1164.9000244140625,1120.0
CMPC,2026-07-20,1070.0,1088.0
CMPC,2026-07-21,1070.0,1083.9
CMPC,2026-07-23,1070.0,1051.0
CMPC,2026-07-24,1070.0,1025.0
CMPC,2026-07-27,1070.0,1039.5
CMPC,2026-07-28,1070.0,1035.0
CMPC,2026-07-29,1070.0,1035.1
CMPC,2026-07-30,1070.0,1030.0
CMPC,2026-07-31,1070.0,1055.0
CMPC,2026-08-03,1070.0,1050.0
CMPC,2026-08-04,1070.0,1040.0
CMPC,2026-08-05,1070.0,1030.1
CMPC,2026-08-06,1070.0,1030.0
CMPC,2026-08-07,1070.0,1030.0
CMPC,2026-08-10,1070.0,1035.6
CMPC,2026-08-11,1070.0,1040.0
CMPC,2026-08-12,1070.0,1000.0
CMPC,2026-08-13,1070.0,1015.0
CMPC,2026-08-14,1070.0,1015.1
CMPC,2026-08-17,1070.0,1038.0
CMPC,2026-08-18,1070.0,1025.0
CMPC,2026-08-19,1070.0,1020.0
CMPC,2026-08-20,1070.0,1008.1
CMPC,2026-08-21,1070.0,1011.0
CMPC,2026-08-24,1070.0,1028.0
CMPC,2026-08-25,1070.0,1036.0
CMPC,2026-08-26,1070.0,1040.0
CMPC,2026-08-27,1070.0,1080.0
CMPC,2026-08-28,1070.0,1060.0
CMPC,2026-08-31,1070.0,1005.0
CMPC,2026-09-01,1070.0,1025.0
CMPC,2026-09-02,1070.0,1060.0
CMPC,2026-09-03,1070.0,1042.0
CMPC,2026-09-04,1070.0,1030.0
CMPC,2026-09-07,1070.0,1038.0
CMPC,2026-09-08,1070.0,1025.0
CMPC,2026-09-09,1070.0,1014.0
CMPC,2026-09-10,1070.0,1002.2
CMPC,2026-09-11,1070.0,1010.9
CMPC,2026-09-14,1070.0,995.9
CMPC,2026-09-15,1070.0,981.2
CMPC,2026-09-16,1070.0,969.0
COLBUN,2025-01-07,125.0,124.11
COLBUN,2025-02-27,136.50999450683594,137.49
COLBUN,2025-04-28,140.35000610351562,138.99
COLBUN,2025-04-29,143.0,141.62
COLBUN,2025-04-30,147.99000549316406,146.56
COLBUN,2025-05-02,148.0,146.57
COLBUN,2025-07-23,143.0,141.8
COLBUN,2025-09-30,154.99000549316406,152.01
COLBUN,2025-12-02,145.8000030517578,141.62
COLBUN,2025-12-03,147.5,143.28
COLBUN,2025-12-04,147.0,142.79
COLBUN,2025-12-05,144.0,139.88
COLBUN,2026-01-07,153.11000061035156,151.0
COLBUN,2026-04-09,136.58999633789062,136.98
COLBUN,2026-05-05,132.00999450683594,131.22
COLBUN,2026-05-06,132.0,131.21
COLBUN,2026-05-07,131.5,130.71
COLBUN,2026-05-08,133.0,132.2
COLBUN,2026-07-20,135.2899932861328,138.99
COLBUN,2026-07-21,135.2899932861328,138.99
COLBUN,2026-07-22,135.2899932861328,140.3
COLBUN,2026-07-23,135.2899932861328,138.14
COLBUN,2026-07-24,135.2899932861328,138.99
COLBUN,2026-07-27,135.2899932861328,134.5
COLBUN,2026-07-28,135.2899932861328,134.8
COLBUN,2026-07-29,135.2899932861328,135.1
COLBUN,2026-07-30,135.2899932861328,136.32
COLBUN,2026-07-31,135.2899932861328,138.99
COLBUN,2026-08-03,135.2899932861328,139.99
COLBUN,2026-08-04,135.2899932861328,141.75
COLBUN,2026-08-05,135.2899932861328,143.9
COLBUN,2026-08-06,135.2899932861328,146.56
COLBUN,2026-08-07,135.2899932861328,145.0
COLBUN,2026-08-10,135.2899932861328,144.0
COLBUN,2026-08-11,135.2899932861328,144.0
COLBUN,2026-08-12,135.2899932861328,142.0
COLBUN,2026-08-13,135.2899932861328,139.0
COLBUN,2026-08-14,135.2899932861328,140.0
COLBUN,2026-08-17,135.2899932861328,140.0
COLBUN,2026-08-18,135.2899932861328,140.0
COLBUN,2026-08-19,135.2899932861328,141.15
COLBUN,2026-08-20,135.2899932861328,143.0
COLBUN,2026-08-21,135.2899932861328,145.2
COLBUN,2026-08-24,135.2899932861328,145.89
COLBUN,2026-08-25,135.2899932861328,145.7
COLBUN,2026-08-26,135.2899932861328,145.5
COLBUN,2026-08-27,135.2899932861328,145.5
COLBUN,2026-08-28,135.2899932861328,145.0
COLBUN,2026-08-31,135.2899932861328,147.5
COLBUN,2026-09-01,135.2899932861328,145.0
COLBUN,2026-09-02,135.2899932861328,146.5
COLBUN,2026-09-03,135.2899932861328,146.5
COLBUN,2026-09-04,135.2899932861328,146.8
COLBUN,2026-09-07,135.2899932861328,146.0
COLBUN,2026-09-08,135.2899932861328,146.0
COLBUN,2026-09-09,135.2899932861328,146.0
COLBUN,2026-09-10,135.2899932861328,145.9
COLBUN,2026-09-11,135.2899932861328,145.8
COLBUN,2026-09-14,135.2899932861328,146.0
COLBUN,2026-09-15,135.2899932861328,145.35
COLBUN,2026-09-16,135.2899932861328,146.0
CONCHATORO,2025-01-08,1099.9000244140625,1086.8
CONCHATORO,2025-03-19,1295.0,1290.41
CONCHATORO,2025-03-20,1260.0,1255.53
CONCHATORO,2025-03-21,1236.0,1231.62
CONCHATORO,2025-03-24,1274.9000244140625,1270.38
CONCHATORO,2025-03-25,1268.5,1264.0
CONCHATORO,2025-05-05,1189.5,1160.97
CONCHATORO,2025-05-06,1180.0,1151.7
CONCHATORO,2025-05-07,1181.199951171875,1152.87
CONCHATORO,2025-05-08,1178.699951171875,1150.43
CONCHATORO,2025-05-09,1184.0,1155.6
CONCHATORO,2025-05-28,1166.199951171875,1163.3
CONCHATORO,2025-06-30,1084.0999755859375,1075.0
CONCHATORO,2025-09-22,1148.800048828125,1143.71
CONCHATORO,2025-09-23,1138.0,1132.96
CONCHATORO,2025-09-24,1128.0,1123.0
CONCHATORO,2025-12-16,1042.0,1036.87
CONCHATORO,2025-12-17,1028.0,1022.94
CONCHATORO,2025-12-18,1020.0,1014.98
CONCHATORO,2025-12-19,1025.0,1019.96
CONCHATORO,2025-12-22,1016.0999755859376,1011.1
CONCHATORO,2026-03-19,894.1599731445312,888.91
CONCHATORO,2026-03-20,880.0599975585938,874.9
CONCHATORO,2026-03-23,845.0999755859375,840.14
CONCHATORO,2026-03-24,850.0,845.01
CONCHATORO,2026-03-25,852.0499877929688,847.05
CONCHATORO,2026-04-09,922.0,932.0
CONCHATORO,2026-05-04,870.4600219726562,839.8
CONCHATORO,2026-05-05,884.3200073242188,853.18
CONCHATORO,2026-05-06,864.0,833.57
CONCHATORO,2026-05-07,858.9199829101562,828.67
CONCHATORO,2026-05-08,866.0,835.5
CONCHATORO,2026-07-20,852.3300170898438,854.02
CONCHATORO,2026-07-22,852.3300170898438,848.98
CONCHATORO,2026-07-23,852.3300170898438,829.99
CONCHATORO,2026-07-24,852.3300170898438,834.99
CONCHATORO,2026-07-27,852.3300170898438,839.98
CONCHATORO,2026-07-28,852.3300170898438,835.0
CONCHATORO,2026-07-29,852.3300170898438,830.0
CONCHATORO,2026-07-30,852.3300170898438,830.82
CONCHATORO,2026-07-31,852.3300170898438,844.0
CONCHATORO,2026-08-03,852.3300170898438,841.73
CONCHATORO,2026-08-04,852.3300170898438,860.0
CONCHATORO,2026-08-05,852.3300170898438,855.0
CONCHATORO,2026-08-06,852.3300170898438,860.0
CONCHATORO,2026-08-07,852.3300170898438,860.0
CONCHATORO,2026-08-10,852.3300170898438,865.0
CONCHATORO,2026-08-11,852.3300170898438,865.0
CONCHATORO,2026-08-12,852.3300170898438,860.0
CONCHATORO,2026-08-13,852.3300170898438,859.0
CONCHATORO,2026-08-14,852.3300170898438,855.0
CONCHATORO,2026-08-17,852.3300170898438,860.79
CONCHATORO,2026-08-18,852.3300170898438,861.0
CONCHATORO,2026-08-19,852.3300170898438,860.8
CONCHATORO,2026-08-20,852.3300170898438,870.0
CONCHATORO,2026-08-21,852.3300170898438,865.44
CONCHATORO,2026-08-24,852.3300170898438,904.44
CONCHATORO,2026-08-25,852.3300170898438,902.01
CONCHATORO,2026-08-26,852.3300170898438,909.58
CONCHATORO,2026-08-27,852.3300170898438,910.0
CONCHATORO,2026-08-28,852.3300170898438,916.75
CONCHATORO,2026-08-31,852.3300170898438,910.0
CONCHATORO,2026-09-01,852.3300170898438,909.0
CONCHATORO,2026-09-02,852.3300170898438,914.0
CONCHATORO,2026-09-03,852.3300170898438,914.97
CONCHATORO,2026-09-04,852.3300170898438,913.0
CONCHATORO,2026-09-07,852.3300170898438,924.73
CONCHATORO,2026-09-08,852.3300170898438,935.0
CONCHATORO,2026-09-09,852.3300170898438,944.21
CONCHATORO,2026-09-10,852.3300170898438,937.52
CONCHATORO,2026-09-11,852.3300170898438,949.0
CONCHATORO,2026-09-14,852.3300170898438,970.0
CONCHATORO,2026-09-15,852.3300170898438,944.0
CONCHATORO,2026-09-16,852.3300170898438,942.0
COPEC,2025-03-07,6651.89990234375,6635.0
COPEC,2025-04-28,6510.0,6349.1
COPEC,2025-04-29,6500.0,6339.35
COPEC,2025-04-30,6500.0,6339.35
COPEC,2025-05-02,6500.0,6339.35
COPEC,2025-10-14,6899.89990234375,6750.0
COPEC,2025-12-09,6750.0,6686.61
COPEC,2025-12-10,6727.0,6663.83
COPEC,2025-12-11,6851.0,6786.66
COPEC,2025-12-12,7079.89990234375,7013.41
COPEC,2026-01-06,7380.60009765625,7400.0
COPEC,2026-01-13,7627.10009765625,7600.0
COPEC,2026-01-14,7634.7998046875,7670.0
COPEC,2026-01-15,7731.0,7526.0
COPEC,2026-01-20,7799.89990234375,7740.0
COPEC,2026-03-09,6908.39990234375,6711.0
COPEC,2026-03-16,6450.0,6405.1
COPEC,2026-03-18,6499.0,6509.9
COPEC,2026-04-09,6502.0,6565.9
COPEC,2026-05-05,6120.0,6008.59
COPEC,2026-05-06,6210.0,6096.95
COPEC,2026-05-07,6200.0,6087.14
COPEC,2026-05-08,6210.0,6096.95
COPEC,2026-05-13,6143.5,6100.0
COPEC,2026-07-20,6249.60009765625,6345.0
COPEC,2026-07-21,6249.60009765625,6450.0
COPEC,2026-07-22,6249.60009765625,6550.0
COPEC,2026-07-23,6249.60009765625,6260.0
COPEC,2026-07-24,6249.60009765625,6330.0
COPEC,2026-07-28,6249.60009765625,6300.0
COPEC,2026-07-29,6249.60009765625,6190.0
COPEC,2026-07-30,6249.60009765625,6300.0
COPEC,2026-07-31,6249.60009765625,6350.0
COPEC,2026-08-03,6249.60009765625,6342.0
COPEC,2026-08-04,6249.60009765625,6229.0
COPEC,2026-08-05,6249.60009765625,6288.0
COPEC,2026-08-06,6249.60009765625,6200.0
COPEC,2026-08-07,6249.60009765625,6115.0
COPEC,2026-08-10,6249.60009765625,6102.0
COPEC,2026-08-11,6249.60009765625,6030.0
COPEC,2026-08-12,6249.60009765625,5950.1
COPEC,2026-08-13,6249.60009765625,5880.0
COPEC,2026-08-14,6249.60009765625,6090.0
COPEC,2026-08-17,6249.60009765625,6121.0
COPEC,2026-08-18,6249.60009765625,6011.0
COPEC,2026-08-19,6249.60009765625,6225.0
COPEC,2026-08-20,6249.60009765625,6350.0
COPEC,2026-08-21,6249.60009765625,6600.0
COPEC,2026-08-24,6249.60009765625,6720.0
COPEC,2026-08-25,6249.60009765625,6684.8
COPEC,2026-08-26,6249.60009765625,6575.0
COPEC,2026-08-27,6249.60009765625,6925.0
COPEC,2026-08-28,6249.60009765625,6820.0
COPEC,2026-08-31,6249.60009765625,6620.0
COPEC,2026-09-01,6249.60009765625,6800.0
COPEC,2026-09-02,6249.60009765625,6900.0
COPEC,2026-09-03,6249.60009765625,6729.9
COPEC,2026-09-04,6249.60009765625,6800.0
COPEC,2026-09-07,6249.60009765625,6750.1
COPEC,2026-09-08,6249.60009765625,6850.0
COPEC,2026-09-09,6249.60009765625,6781.0
COPEC,2026-09-10,6249.60009765625,6630.0
COPEC,2026-09-11,6249.60009765625,6590.0
COPEC,2026-09-14,6249.60009765625,6600.0
COPEC,2026-09-15,6249.60009765625,6530.1
COPEC,2026-09-16,6249.60009765625,6520.0
ECL,2025-05-16,1284.699951171875,1236.35
ECL,2025-05-19,1265.0999755859375,1217.49
ECL,2025-05-20,1295.0,1246.26
ECL,2025-05-22,1295.0,1246.26
ECL,2025-09-22,1374.9000244140625,1355.0
ECL,2025-09-23,1379.9000244140625,1396.7
ECL,2026-01-14,1628.800048828125,1624.1
ECL,2026-01-19,1651.0,1625.1
ECL,2026-03-06,1352.0,1365.0
ECL,2026-04-09,1583.0,1585.0
ECL,2026-05-15,1750.0,1694.2
ECL,2026-05-18,1850.0,1791.01
ECL,2026-05-19,1830.0,1771.65
ECL,2026-05-20,1790.0,1732.92
ECL,2026-07-20,1807.0,1805.0
ECL,2026-07-21,1807.0,1825.0
ECL,2026-07-22,1807.0,1865.0
ECL,2026-07-23,1807.0,1830.0
ECL,2026-07-24,1807.0,1879.9
ECL,2026-07-27,1807.0,1865.0
ECL,2026-07-28,1807.0,1830.0
ECL,2026-07-29,1807.0,1865.0
ECL,2026-07-30,1807.0,1855.0
ECL,2026-07-31,1807.0,1842.0
ECL,2026-08-03,1807.0,1845.2
ECL,2026-08-04,1807.0,1890.0
ECL,2026-08-05,1807.0,1938.0
ECL,2026-08-06,1807.0,1966.5
ECL,2026-08-07,1807.0,1950.0
ECL,2026-08-10,1807.0,1959.6
ECL,2026-08-11,1807.0,1930.0
ECL,2026-08-12,1807.0,1900.0
ECL,2026-08-13,1807.0,1865.0
ECL,2026-08-14,1807.0,1850.0
ECL,2026-08-17,1807.0,1877.7
ECL,2026-08-18,1807.0,1825.0
ECL,2026-08-19,1807.0,1870.0
ECL,2026-08-20,1807.0,1905.0
ECL,2026-08-21,1807.0,1910.0
ECL,2026-08-24,1807.0,1910.0
ECL,2026-08-25,1807.0,1931.0
ECL,2026-08-26,1807.0,1970.0
ECL,2026-08-27,1807.0,1975.0
ECL,2026-08-28,1807.0,1950.0
ECL,2026-08-31,1807.0,1960.0
ECL,2026-09-01,1807.0,1959.9
ECL,2026-09-02,1807.0,1980.0
ECL,2026-09-03,1807.0,1979.0
ECL,2026-09-04,1807.0,1960.0
ECL,2026-09-07,1807.0,1983.9
ECL,2026-09-08,1807.0,1979.0
ECL,2026-09-09,1807.0,1964.0
ECL,2026-09-10,1807.0,1905.0
ECL,2026-09-11,1807.0,1855.5
ECL,2026-09-14,1807.0,1900.0
ECL,2026-09-15,1807.0,1870.0
ECL,2026-09-16,1807.0,1880.2
EMBONOR-B,2025-05-06,1346.699951171875,1340.0
EMBONOR-B,2025-05-08,1350.0,1307.63
EMBONOR-B,2025-05-09,1369.5999755859375,1326.61
EMBONOR-B,2025-05-12,1370.0999755859375,1327.09
EMBONOR-B,2025-05-13,1401.800048828125,1357.8
EMBONOR-B,2025-05-14,1401.800048828125,1357.8
EMBONOR-B,2025-11-05,1370.300048828125,1348.85
EMBONOR-B,2025-11-06,1370.300048828125,1348.85
EMBONOR-B,2025-11-07,1400.0,1378.09
EMBONOR-B,2025-11-10,1410.0,1387.93
EMBONOR-B,2025-11-11,1405.699951171875,1383.7
EMBONOR-B,2026-03-06,1560.0,1570.1
EMBONOR-B,2026-04-09,1571.0999755859375,1572.8
EMBONOR-B,2026-05-07,1650.0,1583.2
EMBONOR-B,2026-05-08,1650.0,1583.2
EMBONOR-B,2026-05-11,1650.0,1583.2
EMBONOR-B,2026-05-12,1660.0,1592.8
EMBONOR-B,2026-05-13,1605.0999755859375,1588.0
EMBONOR-B,2026-07-21,1570.0,1560.0
EMBONOR-B,2026-07-22,1570.0,1529.0
EMBONOR-B,2026-07-23,1570.0,1545.0
EMBONOR-B,2026-07-24,1570.0,1550.1
EMBONOR-B,2026-07-27,1570.0,1555.0
EMBONOR-B,2026-07-28,1570.0,1560.0
EMBONOR-B,2026-07-29,1570.0,1609.9
EMBONOR-B,2026-07-30,1570.0,1576.5
EMBONOR-B,2026-07-31,1570.0,1600.0
EMBONOR-B,2026-08-03,1570.0,1607.5
EMBONOR-B,2026-08-04,1570.0,1620.0
EMBONOR-B,2026-08-05,1570.0,1650.0
EMBONOR-B,2026-08-06,1570.0,1675.0
EMBONOR-B,2026-08-07,1570.0,1675.0
EMBONOR-B,2026-08-10,1570.0,1679.2
EMBONOR-B,2026-08-11,1570.0,1702.0
EMBONOR-B,2026-08-12,1570.0,1734.6
EMBONOR-B,2026-08-13,1570.0,1730.0
EMBONOR-B,2026-08-14,1570.0,1730.0
EMBONOR-B,2026-08-17,1570.0,1730.0
EMBONOR-B,2026-08-18,1570.0,1730.0
EMBONOR-B,2026-08-19,1570.0,1730.0
EMBONOR-B,2026-08-20,1570.0,1705.6
EMBONOR-B,2026-08-21,1570.0,1705.6
EMBONOR-B,2026-08-24,1570.0,1699.8
EMBONOR-B,2026-08-25,1570.0,1699.8
EMBONOR-B,2026-08-26,1570.0,1699.8
EMBONOR-B,2026-08-27,1570.0,1700.7
EMBONOR-B,2026-08-28,1570.0,1700.0
EMBONOR-B,2026-08-31,1570.0,1660.0
EMBONOR-B,2026-09-01,1570.0,1659.2
EMBONOR-B,2026-09-02,1570.0,1659.2
EMBONOR-B,2026-09-03,1570.0,1655.9
EMBONOR-B,2026-09-04,1570.0,1669.9
EMBONOR-B,2026-09-07,1570.0,1669.9
EMBONOR-B,2026-09-08,1570.0,1669.0
EMBONOR-B,2026-09-09,1570.0,1653.0
EMBONOR-B,2026-09-10,1570.0,1641.3
EMBONOR-B,2026-09-11,1570.0,1641.0
EMBONOR-B,2026-09-14,1570.0,1680.0
EMBONOR-B,2026-09-15,1570.0,1679.9
EMBONOR-B,2026-09-16,1570.0,1702.0
ENELAM,2025-01-20,89.25,85.88
ENELAM,2025-01-21,89.5,86.12
ENELAM,2025-01-22,89.7699966430664,86.38
ENELAM,2025-01-23,89.5999984741211,86.22
ENELAM,2025-01-24,89.9000015258789,86.51
ENELAM,2025-05-19,97.0,93.39
ENELAM,2025-05-20,97.5,93.88
ENELAM,2025-05-22,95.5,91.95
ENELAM,2025-05-23,96.0,92.43
ENELAM,2025-08-08,97.98999786376952,97.75
ENELAM,2025-08-14,99.4499969482422,98.49
ENELAM,2025-10-15,89.45999908447266,89.0
ENELAM,2026-01-12,87.69999694824219,86.85
ENELAM,2026-01-13,86.91999816894531,86.08
ENELAM,2026-01-14,86.5,85.67
ENELAM,2026-01-15,85.0,84.18
ENELAM,2026-01-16,85.9000015258789,85.07
ENELAM,2026-02-05,83.3499984741211,80.52
ENELAM,2026-03-06,80.69999694824219,79.2
ENELAM,2026-05-08,81.5,79.76
ENELAM,2026-05-11,81.0,79.27
ENELAM,2026-05-12,80.0,78.29
ENELAM,2026-05-13,79.4800033569336,76.34
ENELAM,2026-05-14,78.0999984741211,76.43
ENELAM,2026-07-20,84.04000091552734,84.67
ENELAM,2026-07-21,84.04000091552734,84.53
ENELAM,2026-07-22,84.04000091552734,84.53
ENELAM,2026-07-23,84.04000091552734,85.0
ENELAM,2026-07-24,84.04000091552734,85.49
ENELAM,2026-07-27,84.04000091552734,85.89
ENELAM,2026-07-28,84.04000091552734,85.8
ENELAM,2026-07-29,84.04000091552734,86.69
ENELAM,2026-07-30,84.04000091552734,87.65
ENELAM,2026-07-31,84.04000091552734,87.99
ENELAM,2026-08-03,84.04000091552734,87.0
ENELAM,2026-08-04,84.04000091552734,87.7
ENELAM,2026-08-05,84.04000091552734,87.05
ENELAM,2026-08-06,84.04000091552734,87.61
ENELAM,2026-08-07,84.04000091552734,87.4
ENELAM,2026-08-10,84.04000091552734,87.5
ENELAM,2026-08-11,84.04000091552734,87.0
ENELAM,2026-08-12,84.04000091552734,87.0
ENELAM,2026-08-13,84.04000091552734,86.5
ENELAM,2026-08-14,84.04000091552734,87.5
ENELAM,2026-08-17,84.04000091552734,87.3
ENELAM,2026-08-18,84.04000091552734,87.0
ENELAM,2026-08-19,84.04000091552734,86.93
ENELAM,2026-08-20,84.04000091552734,87.76
ENELAM,2026-08-21,84.04000091552734,87.25
ENELAM,2026-08-24,84.04000091552734,87.4
ENELAM,2026-08-25,84.04000091552734,88.6
ENELAM,2026-08-26,84.04000091552734,88.5
ENELAM,2026-08-27,84.04000091552734,89.0
ENELAM,2026-08-28,84.04000091552734,89.9
ENELAM,2026-08-31,84.04000091552734,84.5
ENELAM,2026-09-01,84.04000091552734,84.5
ENELAM,2026-09-02,84.04000091552734,84.8
ENELAM,2026-09-03,84.04000091552734,85.25
ENELAM,2026-09-04,84.04000091552734,84.91
ENELAM,2026-09-07,84.04000091552734,82.61
ENELAM,2026-09-08,84.04000091552734,83.8
ENELAM,2026-09-10,84.04000091552734,83.5
ENELAM,2026-09-11,84.04000091552734,85.0
ENELAM,2026-09-14,84.04000091552734,84.6
ENELAM,2026-09-16,84.04000091552734,83.51
ENELCHILE,2025-01-13,57.650001525878906,56.75
ENELCHILE,2025-01-14,57.7599983215332,56.86
ENELCHILE,2025-01-15,58.27999877929688,57.37
ENELCHILE,2025-01-16,58.0,57.09
ENELCHILE,2025-01-17,58.0,57.09
ENELCHILE,2025-05-12,74.0,70.58
ENELCHILE,2025-05-13,73.36000061035156,69.97
ENELCHILE,2025-05-14,73.9000015258789,70.48
ENELCHILE,2025-05-15,72.5,69.15
ENELCHILE,2025-05-16,72.16000366210938,68.82
ENELCHILE,2025-08-20,66.66000366210938,66.03
ENELCHILE,2026-01-12,77.8499984741211,77.17
ENELCHILE,2026-01-13,77.44000244140625,76.76
ENELCHILE,2026-01-14,76.19999694824219,75.53
ENELCHILE,2026-01-15,77.4000015258789,76.72
ENELCHILE,2026-01-16,77.38999938964844,76.71
ENELCHILE,2026-03-06,70.0999984741211,69.0
ENELCHILE,2026-04-09,77.4800033569336,77.0
ENELCHILE,2026-05-08,81.86000061035156,78.99
ENELCHILE,2026-05-11,81.0,78.16
ENELCHILE,2026-05-12,79.75,76.95
ENELCHILE,2026-05-13,78.5,75.41
ENELCHILE,2026-05-14,80.0,77.19
ENELCHILE,2026-06-17,82.55000305175781,81.42
ENELCHILE,2026-07-20,81.01000213623047,80.0
ENELCHILE,2026-07-21,81.01000213623047,80.65
ENELCHILE,2026-07-22,81.01000213623047,81.25
ENELCHILE,2026-07-23,81.01000213623047,80.72
ENELCHILE,2026-07-27,81.01000213623047,81.41
ENELCHILE,2026-07-28,81.01000213623047,81.6
ENELCHILE,2026-07-29,81.01000213623047,81.5
ENELCHILE,2026-07-30,81.01000213623047,82.9
ENELCHILE,2026-07-31,81.01000213623047,81.99
ENELCHILE,2026-08-03,81.01000213623047,82.9
ENELCHILE,2026-08-04,81.01000213623047,81.2
ENELCHILE,2026-08-05,81.01000213623047,81.94
ENELCHILE,2026-08-06,81.01000213623047,82.01
ENELCHILE,2026-08-07,81.01000213623047,82.8
ENELCHILE,2026-08-10,81.01000213623047,81.85
ENELCHILE,2026-08-12,81.01000213623047,79.8
ENELCHILE,2026-08-13,81.01000213623047,80.85
ENELCHILE,2026-08-14,81.01000213623047,82.3
ENELCHILE,2026-08-17,81.01000213623047,83.0
ENELCHILE,2026-08-18,81.01000213623047,82.5
ENELCHILE,2026-08-19,81.01000213623047,81.6
ENELCHILE,2026-08-20,81.01000213623047,80.49
ENELCHILE,2026-08-21,81.01000213623047,80.5
ENELCHILE,2026-08-24,81.01000213623047,82.44
ENELCHILE,2026-08-25,81.01000213623047,82.0
ENELCHILE,2026-08-26,81.01000213623047,81.79
ENELCHILE,2026-08-27,81.01000213623047,81.1
ENELCHILE,2026-08-28,81.01000213623047,80.9
ENELCHILE,2026-08-31,81.01000213623047,80.0
ENELCHILE,2026-09-01,81.01000213623047,81.5
ENELCHILE,2026-09-02,81.01000213623047,80.55
ENELCHILE,2026-09-03,81.01000213623047,81.7
ENELCHILE,2026-09-04,81.01000213623047,82.5
ENELCHILE,2026-09-07,81.01000213623047,82.4
ENELCHILE,2026-09-08,81.01000213623047,82.0
ENELCHILE,2026-09-09,81.01000213623047,82.5
ENELCHILE,2026-09-10,81.01000213623047,82.0
ENELCHILE,2026-09-11,81.01000213623047,81.35
ENELCHILE,2026-09-14,81.01000213623047,82.0
ENELCHILE,2026-09-15,81.01000213623047,81.28
ENELCHILE,2026-09-16,81.01000213623047,81.26
ENTEL,2025-04-21,2940.199951171875,2811.58
ENTEL,2025-04-22,2964.60009765625,2834.92
ENTEL,2025-04-23,2929.0,2800.87
ENTEL,2025-04-24,2949.0,2820.0
ENTEL,2025-11-10,4795.0,4683.6
ENTEL,2025-11-11,4720.0,4610.34
ENTEL,2025-11-12,4850.0,4737.32
ENTEL,2025-11-13,5200.0,5079.19
ENTEL,2025-11-14,4950.0,4835.0
ENTEL,2026-03-06,3898.800048828125,3875.0
ENTEL,2026-04-20,3780.800048828125,3637.09
ENTEL,2026-04-21,3500.0,3366.96
ENTEL,2026-04-22,3664.199951171875,3524.92
ENTEL,2026-04-23,3643.0,3504.53
ENTEL,2026-04-24,3683.10009765625,3543.1
ENTEL,2026-07-20,3643.0,3652.5
ENTEL,2026-07-22,3643.0,3610.0
ENTEL,2026-07-23,3643.0,3603.0
ENTEL,2026-07-24,3643.0,3659.1
ENTEL,2026-07-27,3643.0,3652.3
ENTEL,2026-07-28,3643.0,3620.0
ENTEL,2026-07-29,3643.0,3619.4
ENTEL,2026-07-30,3643.0,3689.0
ENTEL,2026-07-31,3643.0,3630.0
ENTEL,2026-08-03,3643.0,3747.0
ENTEL,2026-08-04,3643.0,3706.0
ENTEL,2026-08-05,3643.0,3748.0
ENTEL,2026-08-06,3643.0,3940.0
ENTEL,2026-08-07,3643.0,3954.4
ENTEL,2026-08-10,3643.0,3877.6
ENTEL,2026-08-11,3643.0,3824.3
ENTEL,2026-08-12,3643.0,3786.0
ENTEL,2026-08-13,3643.0,3798.8
ENTEL,2026-08-14,3643.0,3780.0
ENTEL,2026-08-17,3643.0,3770.0
ENTEL,2026-08-18,3643.0,3710.0
ENTEL,2026-08-19,3643.0,3730.0
ENTEL,2026-08-20,3643.0,3850.0
ENTEL,2026-08-21,3643.0,3836.0
ENTEL,2026-08-24,3643.0,3939.0
ENTEL,2026-08-25,3643.0,3825.0
ENTEL,2026-08-26,3643.0,3900.0
ENTEL,2026-08-27,3643.0,3870.0
ENTEL,2026-08-28,3643.0,3785.0
ENTEL,2026-08-31,3643.0,3880.0
ENTEL,2026-09-01,3643.0,3898.0
ENTEL,2026-09-02,3643.0,3900.0
ENTEL,2026-09-03,3643.0,3823.0
ENTEL,2026-09-04,3643.0,3810.0
ENTEL,2026-09-07,3643.0,3847.6
ENTEL,2026-09-08,3643.0,3810.0
ENTEL,2026-09-09,3643.0,3859.2
ENTEL,2026-09-10,3643.0,3850.0
ENTEL,2026-09-11,3643.0,3852.0
ENTEL,2026-09-14,3643.0,3920.0
ENTEL,2026-09-15,3643.0,3882.0
ENTEL,2026-09-16,3643.0,3961.0
FALABELLA,2025-01-02,3485.0,3463.0
FALABELLA,2025-02-05,3760.0,3735.6
FALABELLA,2025-04-23,4240.0,4193.08
FALABELLA,2025-04-24,4220.0,4173.3
FALABELLA,2025-04-25,4229.0,4182.2
FALABELLA,2025-04-28,4205.0,4158.46
FALABELLA,2025-04-29,4236.0,4189.12
FALABELLA,2025-06-18,4918.89990234375,4906.5
FALABELLA,2025-07-08,5066.39990234375,5001.0
FALABELLA,2025-08-05,4926.5,4908.0
FALABELLA,2025-09-02,5600.10009765625,5749.0
FALABELLA,2025-10-02,5699.0,5653.58
FALABELLA,2025-10-03,5670.0,5624.81
FALABELLA,2025-10-06,5597.89990234375,5553.28
FALABELLA,2025-10-07,5700.10009765625,5654.67
FALABELLA,2025-10-08,5771.60009765625,5725.6
FALABELLA,2026-03-06,6118.0,6000.3
FALABELLA,2026-03-23,5742.0,5652.18
FALABELLA,2026-03-24,5600.0,5512.4
FALABELLA,2026-03-25,5619.0,5531.1
FALABELLA,2026-03-26,5620.0,5532.09
FALABELLA,2026-03-27,5370.0,5286.0
FALABELLA,2026-06-26,5889.89990234375,5911.0
FALABELLA,2026-07-20,5835.0,5850.0
FALABELLA,2026-07-21,5835.0,5919.0
FALABELLA,2026-07-22,5835.0,6042.0
FALABELLA,2026-07-23,5835.0,6058.0
FALABELLA,2026-07-24,5835.0,5990.0
FALABELLA,2026-07-27,5835.0,6155.0
FALABELLA,2026-07-28,5835.0,6101.0
FALABELLA,2026-07-29,5835.0,6216.0
FALABELLA,2026-07-30,5835.0,6220.0
FALABELLA,2026-07-31,5835.0,6216.0
FALABELLA,2026-08-03,5835.0,6384.0
FALABELLA,2026-08-04,5835.0,6260.0
FALABELLA,2026-08-05,5835.0,6346.0
FALABELLA,2026-08-06,5835.0,6400.0
FALABELLA,2026-08-07,5835.0,6469.7
FALABELLA,2026-08-10,5835.0,6439.0
FALABELLA,2026-08-11,5835.0,6429.0
FALABELLA,2026-08-12,5835.0,6380.0
FALABELLA,2026-08-13,5835.0,6245.0
FALABELLA,2026-08-14,5835.0,6180.0
FALABELLA,2026-08-17,5835.0,6250.0
FALABELLA,2026-08-18,5835.0,6314.0
FALABELLA,2026-08-19,5835.0,6305.0
FALABELLA,2026-08-20,5835.0,6245.0
FALABELLA,2026-08-21,5835.0,6275.0
FALABELLA,2026-08-24,5835.0,6380.0
FALABELLA,2026-08-25,5835.0,6400.0
FALABELLA,2026-08-26,5835.0,6365.0
FALABELLA,2026-08-27,5835.0,6394.0
FALABELLA,2026-08-28,5835.0,6370.0
FALABELLA,2026-08-31,5835.0,6180.0
FALABELLA,2026-09-01,5835.0,6280.2
FALABELLA,2026-09-02,5835.0,6425.0
FALABELLA,2026-09-03,5835.0,6390.0
FALABELLA,2026-09-04,5835.0,6310.0
FALABELLA,2026-09-07,5835.0,6400.0
FALABELLA,2026-09-08,5835.0,6430.0
FALABELLA,2026-09-09,5835.0,6400.0
FALABELLA,2026-09-10,5835.0,6301.0
FALABELLA,2026-09-11,5835.0,6350.0
FALABELLA,2026-09-14,5835.0,6361.0
FALABELLA,2026-09-15,5835.0,6560.0
FALABELLA,2026-09-16,5835.0,6488.9
FORUS,2025-04-28,2205.5,2175.47
FORUS,2025-04-29,2250.0,2219.37
FORUS,2025-04-30,2273.60009765625,2242.64
FORUS,2025-05-02,2302.199951171875,2270.85
FORUS,2025-05-06,2310.0,2302.2
FORUS,2026-03-06,2329.300048828125,2333.5
FORUS,2026-04-13,2251.300048828125,2224.17
FORUS,2026-04-14,2244.199951171875,2217.15
FORUS,2026-04-15,2244.199951171875,2217.15
FORUS,2026-04-16,2263.300048828125,2236.02
FORUS,2026-04-17,2263.39990234375,2236.12
FORUS,2026-07-03,1982.699951171875,1985.0
FORUS,2026-07-20,1983.4000244140625,1950.2
FORUS,2026-07-21,1983.4000244140625,1934.4
FORUS,2026-07-22,1983.4000244140625,1934.4
FORUS,2026-07-24,1983.4000244140625,1933.4
FORUS,2026-07-27,1983.4000244140625,1895.0
FORUS,2026-07-28,1983.4000244140625,1879.9
FORUS,2026-07-29,1983.4000244140625,1879.9
FORUS,2026-07-30,1983.4000244140625,1887.8
FORUS,2026-08-03,1983.4000244140625,1887.8
FORUS,2026-08-06,1983.4000244140625,1900.0
FORUS,2026-08-07,1983.4000244140625,1908.3
FORUS,2026-08-10,1983.4000244140625,1884.4
FORUS,2026-08-11,1983.4000244140625,1844.8
FORUS,2026-08-12,1983.4000244140625,1844.8
FORUS,2026-08-17,1983.4000244140625,1844.8
FORUS,2026-08-18,1983.4000244140625,1844.8
FORUS,2026-08-19,1983.4000244140625,1837.1
FORUS,2026-08-20,1983.4000244140625,1837.1
FORUS,2026-08-21,1983.4000244140625,1837.1
FORUS,2026-08-25,1983.4000244140625,1837.1
FORUS,2026-08-26,1983.4000244140625,1837.1
FORUS,2026-08-28,1983.4000244140625,1837.1
FORUS,2026-09-01,1983.4000244140625,1837.0
FORUS,2026-09-02,1983.4000244140625,1827.0
FORUS,2026-09-09,1983.4000244140625,1800.0
FORUS,2026-09-10,1983.4000244140625,1800.0
FORUS,2026-09-14,1983.4000244140625,1800.0
FORUS,2026-09-15,1983.4000244140625,1800.0
FORUS,2026-09-16,1983.4000244140625,1800.0
HITES,2025-04-08,66.73838806152344,70.0
HITES,2025-04-09,66.73838806152344,70.0
HITES,2025-04-10,66.73838806152344,70.0
HITES,2025-04-11,63.163116455078125,66.25
HITES,2025-04-14,65.30828094482422,68.5
HITES,2025-04-15,67.1006851196289,70.38
HITES,2026-03-06,129.89999389648438,129.74
HITES,2026-07-20,132.08999633789062,131.06
HITES,2026-07-21,132.08999633789062,131.06
HITES,2026-07-22,132.08999633789062,130.5
HITES,2026-07-23,132.08999633789062,129.96
HITES,2026-07-24,132.08999633789062,131.0
HITES,2026-07-27,132.08999633789062,129.04
HITES,2026-07-28,132.08999633789062,129.04
HITES,2026-07-29,132.08999633789062,130.0
HITES,2026-07-30,132.08999633789062,130.0
HITES,2026-07-31,132.08999633789062,130.0
HITES,2026-08-05,132.08999633789062,132.46
HITES,2026-08-06,132.08999633789062,132.46
HITES,2026-08-10,132.08999633789062,132.46
HITES,2026-08-12,132.08999633789062,129.12
HITES,2026-08-14,132.08999633789062,127.16
HITES,2026-08-17,132.08999633789062,127.06
HITES,2026-08-18,132.08999633789062,127.06
HITES,2026-08-19,132.08999633789062,127.51
HITES,2026-08-20,132.08999633789062,127.51
HITES,2026-08-21,132.08999633789062,129.0
HITES,2026-08-24,132.08999633789062,129.0
HITES,2026-08-25,132.08999633789062,128.05
HITES,2026-08-26,132.08999633789062,131.9
HITES,2026-08-28,132.08999633789062,132.63
HITES,2026-08-31,132.08999633789062,133.0
HITES,2026-09-01,132.08999633789062,133.0
HITES,2026-09-02,132.08999633789062,133.0
HITES,2026-09-04,132.08999633789062,131.2
HITES,2026-09-07,132.08999633789062,131.2
HITES,2026-09-08,132.08999633789062,133.0
HITES,2026-09-09,132.08999633789062,133.0
HITES,2026-09-14,132.08999633789062,133.0
HITES,2026-09-15,132.08999633789062,133.0
HITES,2026-09-16,132.08999633789062,133.01
IAM,2025-01-03,744.3099975585938,724.88
IAM,2025-01-06,747.989990234375,728.46
IAM,2025-01-07,740.6300048828125,721.3
IAM,2025-01-08,740.0,720.68
IAM,2025-01-09,739.9000244140625,720.59
IAM,2025-04-21,869.989990234375,847.42
IAM,2025-04-22,860.0,837.69
IAM,2025-04-23,868.0,845.48
IAM,2025-04-24,878.0,855.22
IAM,2025-04-25,877.0,854.25
IAM,2025-08-11,849.989990234375,835.5
IAM,2025-11-24,980.0,959.81
IAM,2025-11-25,988.0,967.65
IAM,2025-11-26,1000.0,979.4
IAM,2025-11-27,999.9199829101562,979.32
IAM,2025-11-28,1004.2000122070312,983.51
IAM,2026-03-06,998.0,1005.0
IAM,2026-04-23,1009.2000122070312,979.3
IAM,2026-04-24,1006.5999755859376,976.77
IAM,2026-04-27,998.0900268554688,968.51
IAM,2026-04-28,988.1799926757812,958.9
IAM,2026-04-29,980.8400268554688,951.78
IAM,2026-07-20,921.8900146484376,919.29
IAM,2026-07-21,921.8900146484376,924.65
IAM,2026-07-22,921.8900146484376,920.0
IAM,2026-07-23,921.8900146484376,905.0
IAM,2026-07-24,921.8900146484376,916.05
IAM,2026-07-27,921.8900146484376,916.39
IAM,2026-07-28,921.8900146484376,925.43
IAM,2026-07-29,921.8900146484376,939.53
IAM,2026-07-30,921.8900146484376,932.96
IAM,2026-07-31,921.8900146484376,942.18
IAM,2026-08-03,921.8900146484376,940.0
IAM,2026-08-04,921.8900146484376,943.66
IAM,2026-08-05,921.8900146484376,957.6
IAM,2026-08-06,921.8900146484376,967.75
IAM,2026-08-07,921.8900146484376,957.75
IAM,2026-08-10,921.8900146484376,960.0
IAM,2026-08-11,921.8900146484376,955.0
IAM,2026-08-12,921.8900146484376,945.0
IAM,2026-08-13,921.8900146484376,940.0
IAM,2026-08-14,921.8900146484376,991.05
IAM,2026-08-17,921.8900146484376,950.0
IAM,2026-08-18,921.8900146484376,925.0
IAM,2026-08-19,921.8900146484376,929.0
IAM,2026-08-20,921.8900146484376,927.25
IAM,2026-08-21,921.8900146484376,920.0
IAM,2026-08-24,921.8900146484376,920.6
IAM,2026-08-25,921.8900146484376,909.01
IAM,2026-08-26,921.8900146484376,918.95
IAM,2026-08-27,921.8900146484376,910.97
IAM,2026-08-28,921.8900146484376,910.34
IAM,2026-08-31,921.8900146484376,905.0
IAM,2026-09-01,921.8900146484376,898.0
IAM,2026-09-02,921.8900146484376,913.08
IAM,2026-09-03,921.8900146484376,920.06
IAM,2026-09-04,921.8900146484376,915.01
IAM,2026-09-07,921.8900146484376,910.5
IAM,2026-09-08,921.8900146484376,912.75
IAM,2026-09-09,921.8900146484376,917.0
IAM,2026-09-10,921.8900146484376,911.0
IAM,2026-09-11,921.8900146484376,910.0
IAM,2026-09-14,921.8900146484376,909.01
IAM,2026-09-15,921.8900146484376,896.12
IAM,2026-09-16,921.8900146484376,911.0
ILC,2025-05-19,12335.0,11741.97
ILC,2025-05-20,12334.0,11741.02
ILC,2025-05-22,12500.0,11899.04
ILC,2025-05-23,12480.0,11880.0
ILC,2026-05-18,20750.0,19900.19
ILC,2026-05-19,20343.0,19509.85
ILC,2026-05-20,21000.0,20139.95
ILC,2026-05-22,20999.0,20138.99
ILC,2026-07-20,21450.0,21399.0
ILC,2026-07-21,21450.0,21500.0
ILC,2026-07-22,21450.0,21583.0
ILC,2026-07-23,21450.0,21500.0
ILC,2026-07-24,21450.0,21508.0
ILC,2026-07-27,21450.0,21417.0
ILC,2026-07-28,21450.0,21250.0
ILC,2026-07-29,21450.0,21320.0
ILC,2026-07-30,21450.0,21550.0
ILC,2026-07-31,21450.0,21700.0
ILC,2026-08-03,21450.0,21652.0
ILC,2026-08-04,21450.0,22127.0
ILC,2026-08-05,21450.0,22600.0
ILC,2026-08-06,21450.0,23037.0
ILC,2026-08-07,21450.0,23957.0
ILC,2026-08-10,21450.0,24000.0
ILC,2026-08-11,21450.0,24000.0
ILC,2026-08-12,21450.0,23800.0
ILC,2026-08-13,21450.0,24038.0
ILC,2026-08-14,21450.0,24401.0
ILC,2026-08-17,21450.0,24665.0
ILC,2026-08-18,21450.0,24349.0
ILC,2026-08-19,21450.0,24450.0
ILC,2026-08-20,21450.0,24201.0
ILC,2026-08-21,21450.0,24425.0
ILC,2026-08-24,21450.0,24999.0
ILC,2026-08-25,21450.0,24900.0
ILC,2026-08-26,21450.0,25301.0
ILC,2026-08-27,21450.0,25598.0
ILC,2026-08-28,21450.0,25500.0
ILC,2026-08-31,21450.0,25499.0
ILC,2026-09-01,21450.0,25200.0
ILC,2026-09-02,21450.0,24799.0
ILC,2026-09-03,21450.0,24550.0
ILC,2026-09-04,21450.0,24770.0
ILC,2026-09-07,21450.0,24699.0
ILC,2026-09-08,21450.0,24500.0
ILC,2026-09-09,21450.0,24199.0
ILC,2026-09-10,21450.0,24139.0
ILC,2026-09-11,21450.0,23999.0
ILC,2026-09-14,21450.0,24189.0
ILC,2026-09-15,21450.0,23840.0
ILC,2026-09-16,21450.0,24241.0
INDISA,2025-05-05,2012.300048828125,1996.73
INDISA,2025-05-06,2012.300048828125,1996.73
INDISA,2025-05-07,2012.300048828125,1996.73
INDISA,2025-05-08,2003.0,1987.5
INDISA,2025-07-14,2162.24072265625,2220.0
INDISA,2025-07-15,2162.24072265625,2220.0
INDISA,2025-07-17,2241.52294921875,2301.4
INDISA,2025-07-18,2282.527587890625,2343.5
INDISA,2025-07-21,2289.540283203125,2350.7
INDISA,2025-07-22,2289.540283203125,2350.7
INDISA,2025-09-01,2820.117431640625,2825.0
INDISA,2025-09-02,2775.1953125,2780.0
INDISA,2026-03-06,2520.89990234375,2530.9
INDISA,2026-05-13,2700.0,2657.93
INDISA,2026-05-14,2715.0,2672.7
INDISA,2026-05-15,2715.0,2672.7
INDISA,2026-07-24,2516.89990234375,2499.7
INDISA,2026-07-27,2516.89990234375,2505.2
INDISA,2026-07-28,2516.89990234375,2505.0
INDISA,2026-07-29,2516.89990234375,2489.3
INDISA,2026-08-04,2516.89990234375,2489.3
INDISA,2026-08-06,2516.89990234375,2527.6
INDISA,2026-08-07,2516.89990234375,2580.0
INDISA,2026-08-13,2516.89990234375,2625.0
INDISA,2026-08-14,2516.89990234375,2625.0
INDISA,2026-08-18,2516.89990234375,2625.0
INDISA,2026-08-20,2516.89990234375,2607.4
INDISA,2026-08-21,2516.89990234375,2595.3
INDISA,2026-08-28,2516.89990234375,2620.0
INDISA,2026-09-04,2516.89990234375,2620.0
INDISA,2026-09-07,2486.658935546875,2581.99
INDISA,2026-09-10,2486.658935546875,2586.92
INDISA,2026-09-15,2486.658935546875,2586.92
INGEVEC,2025-05-06,93.19000244140624,93.34
INGEVEC,2025-05-12,96.19000244140624,92.92
INGEVEC,2025-05-13,96.19000244140624,92.92
INGEVEC,2025-05-14,97.5999984741211,94.28
INGEVEC,2025-05-15,99.0,95.63
INGEVEC,2025-05-16,99.9499969482422,96.55
INGEVEC,2026-02-27,188.0,184.43
INGEVEC,2026-03-06,177.19000244140625,176.05
INGEVEC,2026-04-27,202.9499969482422,197.67
INGEVEC,2026-04-28,199.9499969482422,194.75
INGEVEC,2026-04-29,199.9499969482422,194.75
INGEVEC,2026-04-30,199.9499969482422,194.75
INGEVEC,2026-07-20,200.9900054931641,199.41
INGEVEC,2026-07-21,200.9900054931641,195.81
INGEVEC,2026-07-22,200.9900054931641,195.81
INGEVEC,2026-07-23,200.9900054931641,195.81
INGEVEC,2026-07-24,200.9900054931641,195.81
INGEVEC,2026-07-27,200.9900054931641,195.81
INGEVEC,2026-07-28,200.9900054931641,194.98
INGEVEC,2026-07-29,200.9900054931641,194.98
INGEVEC,2026-07-30,200.9900054931641,194.98
INGEVEC,2026-07-31,200.9900054931641,194.98
INGEVEC,2026-08-03,200.9900054931641,194.0
INGEVEC,2026-08-04,200.9900054931641,194.0
INGEVEC,2026-08-05,200.9900054931641,194.0
INGEVEC,2026-08-06,200.9900054931641,194.0
INGEVEC,2026-08-07,200.9900054931641,192.48
INGEVEC,2026-08-10,200.9900054931641,193.03
INGEVEC,2026-08-11,200.9900054931641,194.1
INGEVEC,2026-08-12,200.9900054931641,196.1
INGEVEC,2026-08-14,200.9900054931641,200.0
INGEVEC,2026-08-17,200.9900054931641,205.6
INGEVEC,2026-08-18,200.9900054931641,210.32
INGEVEC,2026-08-19,200.9900054931641,214.99
INGEVEC,2026-08-20,200.9900054931641,217.0
INGEVEC,2026-08-21,200.9900054931641,218.0
INGEVEC,2026-08-24,200.9900054931641,220.0
INGEVEC,2026-08-25,200.9900054931641,220.0
INGEVEC,2026-08-26,200.9900054931641,220.0
INGEVEC,2026-08-27,200.9900054931641,220.0
INGEVEC,2026-08-28,200.9900054931641,222.26
INGEVEC,2026-08-31,200.9900054931641,227.89
INGEVEC,2026-09-01,200.9900054931641,228.8
INGEVEC,2026-09-02,200.9900054931641,226.93
INGEVEC,2026-09-03,200.9900054931641,224.84
INGEVEC,2026-09-04,200.9900054931641,223.01
INGEVEC,2026-09-07,200.9900054931641,223.0
INGEVEC,2026-09-08,200.9900054931641,222.13
INGEVEC,2026-09-09,200.9900054931641,225.0
INGEVEC,2026-09-10,200.9900054931641,224.51
INGEVEC,2026-09-11,200.9900054931641,225.0
INGEVEC,2026-09-14,200.9900054931641,224.29
INGEVEC,2026-09-15,200.9900054931641,224.61
INGEVEC,2026-09-16,200.9900054931641,224.61
ITAUCL,2025-03-13,11403.0,11435.0
ITAUCL,2025-04-25,13566.0,13052.55
ITAUCL,2025-04-28,13750.0,13229.59
ITAUCL,2025-04-29,13856.0,13331.58
ITAUCL,2025-04-30,13799.0,13276.74
ITAUCL,2025-10-02,15088.0,15211.0
ITAUCL,2026-01-15,22499.0,22450.0
ITAUCL,2026-01-19,23490.0,23400.0
ITAUCL,2026-03-06,20423.0,20150.0
ITAUCL,2026-04-08,20800.0,19640.61
ITAUCL,2026-04-09,20950.0,19782.25
ITAUCL,2026-04-10,21389.0,20196.78
ITAUCL,2026-04-13,20851.0,19688.77
ITAUCL,2026-04-14,21300.0,20112.74
ITAUCL,2026-07-20,20678.0,21000.0
ITAUCL,2026-07-21,20678.0,21301.0
ITAUCL,2026-07-22,20678.0,21500.0
ITAUCL,2026-07-23,20678.0,21300.0
ITAUCL,2026-07-24,20678.0,21490.0
ITAUCL,2026-07-27,20678.0,21379.0
ITAUCL,2026-07-28,20678.0,21100.0
ITAUCL,2026-07-29,20678.0,20899.0
ITAUCL,2026-07-30,20678.0,21050.0
ITAUCL,2026-07-31,20678.0,21000.0
ITAUCL,2026-08-03,20678.0,21550.0
ITAUCL,2026-08-04,20678.0,21450.0
ITAUCL,2026-08-05,20678.0,21609.0
ITAUCL,2026-08-06,20678.0,22000.0
ITAUCL,2026-08-07,20678.0,22130.0
ITAUCL,2026-08-10,20678.0,22500.0
ITAUCL,2026-08-11,20678.0,22750.0
ITAUCL,2026-08-12,20678.0,22104.0
ITAUCL,2026-08-13,20678.0,22000.0
ITAUCL,2026-08-14,20678.0,21900.0
ITAUCL,2026-08-17,20678.0,21880.0
ITAUCL,2026-08-18,20678.0,22240.0
ITAUCL,2026-08-19,20678.0,22300.0
ITAUCL,2026-08-20,20678.0,22290.0
ITAUCL,2026-08-21,20678.0,21900.0
ITAUCL,2026-08-24,20678.0,22295.0
ITAUCL,2026-08-25,20678.0,22200.0
ITAUCL,2026-08-26,20678.0,22596.0
ITAUCL,2026-08-27,20678.0,22775.0
ITAUCL,2026-08-28,20678.0,22750.0
ITAUCL,2026-08-31,20678.0,22100.0
ITAUCL,2026-09-01,20678.0,22600.0
ITAUCL,2026-09-02,20678.0,22450.0
ITAUCL,2026-09-03,20678.0,23500.0
ITAUCL,2026-09-04,20678.0,23340.0
ITAUCL,2026-09-07,20678.0,23400.0
ITAUCL,2026-09-08,20678.0,23400.0
ITAUCL,2026-09-09,20678.0,23690.0
ITAUCL,2026-09-10,20678.0,23460.0
ITAUCL,2026-09-11,20678.0,23436.0
ITAUCL,2026-09-14,20678.0,23699.0
ITAUCL,2026-09-15,20678.0,24129.0
ITAUCL,2026-09-16,20678.0,23660.0
LTM,2025-04-08,13.670000076293944,13.23
LTM,2025-04-09,14.300000190734863,13.84
LTM,2025-04-10,13.890000343322754,13.45
LTM,2025-04-11,14.149999618530272,13.7
LTM,2025-04-14,14.720000267028809,14.25
LTM,2025-05-06,15.479999542236328,15.45
LTM,2025-09-11,23.479999542236328,23.79
LTM,2025-10-14,21.190000534057617,21.25
LTM,2025-12-11,24.40999984741211,23.77
LTM,2025-12-12,24.5,23.86
LTM,2025-12-15,24.489999771118164,23.85
LTM,2025-12-16,24.31999969482422,23.68
LTM,2025-12-17,24.43000030517578,23.79
LTM,2026-01-20,26.020000457763672,26.45
LTM,2026-02-10,26.940000534057617,26.51
LTM,2026-03-06,21.979999542236328,21.67
LTM,2026-03-18,22.76000022888184,22.58
LTM,2026-04-08,23.65999984741211,23.57
LTM,2026-04-09,23.76000022888184,23.79
LTM,2026-05-05,21.0,20.95
LTM,2026-05-06,23.100000381469727,23.04
LTM,2026-05-07,23.39999961853028,23.34
LTM,2026-05-08,22.75,22.69
LTM,2026-06-22,25.13999938964844,25.37
LTM,2026-06-30,26.86000061035156,26.81
LTM,2026-07-10,26.3700008392334,26.26
LTM,2026-07-17,24.690000534057617,24.76
LTM,2026-07-20,24.690000534057617,24.36
LTM,2026-07-21,24.690000534057617,24.2
LTM,2026-07-22,24.690000534057617,24.09
LTM,2026-07-23,24.690000534057617,23.5
LTM,2026-07-24,24.690000534057617,23.88
LTM,2026-07-27,24.690000534057617,24.6
LTM,2026-07-28,24.690000534057617,25.0
LTM,2026-07-29,24.690000534057617,24.4
LTM,2026-07-30,24.690000534057617,24.9
LTM,2026-07-31,24.690000534057617,24.74
LTM,2026-08-03,24.690000534057617,25.25
LTM,2026-08-04,24.690000534057617,25.45
LTM,2026-08-05,24.690000534057617,26.38
LTM,2026-08-06,24.690000534057617,26.35
LTM,2026-08-07,24.690000534057617,25.8
LTM,2026-08-10,24.690000534057617,24.79
LTM,2026-08-11,24.690000534057617,24.35
LTM,2026-08-12,24.690000534057617,24.01
LTM,2026-08-13,24.690000534057617,24.07
LTM,2026-08-14,24.690000534057617,23.85
LTM,2026-08-17,24.690000534057617,23.96
LTM,2026-08-18,24.690000534057617,23.65
LTM,2026-08-19,24.690000534057617,23.8
LTM,2026-08-20,24.690000534057617,23.35
LTM,2026-08-21,24.690000534057617,23.67
LTM,2026-08-24,24.690000534057617,24.31
LTM,2026-08-25,24.690000534057617,24.99
LTM,2026-08-26,24.690000534057617,24.36
LTM,2026-08-27,24.690000534057617,23.75
LTM,2026-08-28,24.690000534057617,23.69
LTM,2026-08-31,24.690000534057617,24.12
LTM,2026-09-01,24.690000534057617,23.32
LTM,2026-09-02,24.690000534057617,24.19
LTM,2026-09-03,24.690000534057617,24.2
LTM,2026-09-04,24.690000534057617,24.5
LTM,2026-09-07,24.690000534057617,24.55
LTM,2026-09-08,24.690000534057617,24.48
LTM,2026-09-09,24.690000534057617,24.26
LTM,2026-09-10,24.690000534057617,23.94
LTM,2026-09-11,24.690000534057617,24.03
LTM,2026-09-14,24.690000534057617,24.39
LTM,2026-09-15,24.690000534057617,24.2
LTM,2026-09-16,24.690000534057617,24.05
MALLPLAZA,2025-04-16,2170.300048828125,2086.0
MALLPLAZA,2025-04-21,2180.0,2158.76
MALLPLAZA,2025-04-22,2212.0,2190.45
MALLPLAZA,2025-04-23,2196.800048828125,2175.4
MALLPLAZA,2025-04-24,2210.0,2188.47
MALLPLAZA,2025-05-30,2036.300048828125,2060.0
MALLPLAZA,2025-07-09,2173.199951171875,2180.0
MALLPLAZA,2025-08-12,2249.89990234375,2210.1
MALLPLAZA,2025-09-04,2415.0,2387.0
MALLPLAZA,2025-09-05,2482.89990234375,2454.11
MALLPLAZA,2025-09-08,2518.0,2488.81
MALLPLAZA,2025-09-09,2488.39990234375,2459.55
MALLPLAZA,2025-09-10,2415.10009765625,2387.1
MALLPLAZA,2025-10-17,2656.699951171875,2689.9
MALLPLAZA,2025-11-11,3000.0,3070.0
MALLPLAZA,2025-12-02,3200.0,3219.7
MALLPLAZA,2026-01-14,3585.0,3550.0
MALLPLAZA,2026-01-21,3799.89990234375,3690.0
MALLPLAZA,2026-01-26,3876.0,3850.0
MALLPLAZA,2026-02-05,3992.89990234375,3755.0
MALLPLAZA,2026-02-18,3799.89990234375,3710.1
MALLPLAZA,2026-02-24,4314.89990234375,4244.9
MALLPLAZA,2026-02-27,4118.0,4080.0
MALLPLAZA,2026-03-02,4057.699951171875,3945.0
MALLPLAZA,2026-03-05,3805.0,3850.0
MALLPLAZA,2026-03-06,3852.39990234375,3950.0
MALLPLAZA,2026-03-18,3889.89990234375,3940.0
MALLPLAZA,2026-03-23,3825.10009765625,3785.36
MALLPLAZA,2026-03-24,3690.10009765625,3651.76
MALLPLAZA,2026-03-25,3755.0,3715.99
MALLPLAZA,2026-03-26,3800.0,3760.52
MALLPLAZA,2026-03-27,3850.0,3810.0
MALLPLAZA,2026-05-27,3999.699951171875,3850.1
MALLPLAZA,2026-06-02,3850.0,3820.0
MALLPLAZA,2026-07-08,3998.89990234375,3894.9
MALLPLAZA,2026-07-20,3950.0,3939.9
MALLPLAZA,2026-07-21,3950.0,3855.1
MALLPLAZA,2026-07-22,3950.0,3820.2
MALLPLAZA,2026-07-23,3950.0,3750.0
MALLPLAZA,2026-07-24,3950.0,3725.0
MALLPLAZA,2026-07-27,3950.0,3689.0
MALLPLAZA,2026-07-28,3950.0,3681.0
MALLPLAZA,2026-07-29,3950.0,3700.0
MALLPLAZA,2026-07-30,3950.0,3690.0
MALLPLAZA,2026-07-31,3950.0,3769.9
MALLPLAZA,2026-08-03,3950.0,3800.0
MALLPLAZA,2026-08-04,3950.0,3800.0
MALLPLAZA,2026-08-05,3950.0,3900.1
MALLPLAZA,2026-08-06,3950.0,3940.0
MALLPLAZA,2026-08-07,3950.0,4072.7
MALLPLAZA,2026-08-10,3950.0,4049.9
MALLPLAZA,2026-08-11,3950.0,3881.0
MALLPLAZA,2026-08-12,3950.0,3989.0
MALLPLAZA,2026-08-13,3950.0,3927.9
MALLPLAZA,2026-08-14,3950.0,3970.0
MALLPLAZA,2026-08-17,3950.0,4000.0
MALLPLAZA,2026-08-18,3950.0,4120.0
MALLPLAZA,2026-08-19,3950.0,4000.1
MALLPLAZA,2026-08-20,3950.0,4000.0
MALLPLAZA,2026-08-21,3950.0,4000.0
MALLPLAZA,2026-08-24,3950.0,4100.0
MALLPLAZA,2026-08-25,3950.0,4062.0
MALLPLAZA,2026-08-27,3950.0,4099.8
MALLPLAZA,2026-08-28,3950.0,4085.0
MALLPLAZA,2026-08-31,3950.0,3931.0
MALLPLAZA,2026-09-01,3950.0,4040.0
MALLPLAZA,2026-09-02,3950.0,3999.0
MALLPLAZA,2026-09-03,3950.0,3955.04
MALLPLAZA,2026-09-04,3950.0,4024.51
MALLPLAZA,2026-09-07,3950.0,3974.99
MALLPLAZA,2026-09-08,3950.0,4004.66
MALLPLAZA,2026-09-09,3950.0,3960.0
MALLPLAZA,2026-09-10,3950.0,3851.0
MALLPLAZA,2026-09-11,3950.0,3850.0
MALLPLAZA,2026-09-14,3950.0,3937.9
MALLPLAZA,2026-09-15,3950.0,3919.9
MALLPLAZA,2026-09-16,3950.0,3859.9
PARAUCO,2025-05-05,2050.0,2010.46
PARAUCO,2025-05-06,2030.0,1990.85
PARAUCO,2025-05-07,2020.0,1981.04
PARAUCO,2025-05-08,2040.0,2000.66
PARAUCO,2025-05-09,2074.0,2034.0
PARAUCO,2025-05-13,2047.9000244140625,2063.0
PARAUCO,2025-08-01,2020.0,2010.29
PARAUCO,2025-08-04,2005.0999755859373,1995.46
PARAUCO,2025-08-05,2015.0,2005.31
PARAUCO,2025-08-06,2059.89990234375,2050.0
PARAUCO,2025-08-07,2079.89990234375,2069.9
PARAUCO,2025-10-16,2498.89990234375,2454.2
PARAUCO,2025-11-12,2979.89990234375,2900.0
PARAUCO,2026-01-19,3414.0,3421.0
PARAUCO,2026-01-20,3414.89990234375,3470.0
PARAUCO,2026-01-27,3895.5,3872.9
PARAUCO,2026-03-05,3719.89990234375,3750.0
PARAUCO,2026-03-06,3750.199951171875,3660.5
PARAUCO,2026-03-18,3917.39990234375,3866.0
PARAUCO,2026-03-20,3817.39990234375,3760.0
PARAUCO,2026-04-09,4099.89990234375,4120.0
PARAUCO,2026-04-17,4500.0,4453.45
PARAUCO,2026-04-20,4500.0,4453.45
PARAUCO,2026-04-21,4400.2001953125,4354.68
PARAUCO,2026-04-22,4300.10009765625,4255.61
PARAUCO,2026-04-23,4290.748046875,4305.0
PARAUCO,2026-07-01,3882.39990234375,3845.0
PARAUCO,2026-07-13,3977.89990234375,3999.9
PARAUCO,2026-07-20,4039.89990234375,4050.0
PARAUCO,2026-07-21,4039.89990234375,4020.0
PARAUCO,2026-07-22,4039.89990234375,3993.1
PARAUCO,2026-07-23,4039.89990234375,3948.9
PARAUCO,2026-07-24,4039.89990234375,3940.0
PARAUCO,2026-07-27,4039.89990234375,3895.0
PARAUCO,2026-07-28,4039.89990234375,3989.0
PARAUCO,2026-07-29,4039.89990234375,3960.0
PARAUCO,2026-07-30,4039.89990234375,3997.9
PARAUCO,2026-07-31,4039.89990234375,3943.0
PARAUCO,2026-08-03,4039.89990234375,3955.0
PARAUCO,2026-08-04,4039.89990234375,3920.1
PARAUCO,2026-08-05,4039.89990234375,3960.0
PARAUCO,2026-08-06,4039.89990234375,3998.0
PARAUCO,2026-08-07,4039.89990234375,4050.0
PARAUCO,2026-08-10,4039.89990234375,4030.0
PARAUCO,2026-08-11,4039.89990234375,3951.0
PARAUCO,2026-08-12,4039.89990234375,3915.1
PARAUCO,2026-08-13,4039.89990234375,3954.0
PARAUCO,2026-08-14,4039.89990234375,3965.0
PARAUCO,2026-08-17,4039.89990234375,4069.9
PARAUCO,2026-08-18,4039.89990234375,4066.1
PARAUCO,2026-08-19,4039.89990234375,4099.0
PARAUCO,2026-08-20,4039.89990234375,4010.2
PARAUCO,2026-08-21,4039.89990234375,4019.7
PARAUCO,2026-08-24,4039.89990234375,3951.0
PARAUCO,2026-08-25,4039.89990234375,3920.0
PARAUCO,2026-08-26,4039.89990234375,3921.0
PARAUCO,2026-08-27,4039.89990234375,3999.6
PARAUCO,2026-08-28,4039.89990234375,4032.1
PARAUCO,2026-08-31,4039.89990234375,3900.0
PARAUCO,2026-09-01,4039.89990234375,3949.0
PARAUCO,2026-09-02,4039.89990234375,3959.8
PARAUCO,2026-09-03,4039.89990234375,3920.1
PARAUCO,2026-09-04,4039.89990234375,3930.1
PARAUCO,2026-09-07,4039.89990234375,3938.9
PARAUCO,2026-09-08,4039.89990234375,3929.9
PARAUCO,2026-09-09,4039.89990234375,3894.9
PARAUCO,2026-09-10,4039.89990234375,3829.9
PARAUCO,2026-09-11,4039.89990234375,3762.4
PARAUCO,2026-09-14,4039.89990234375,3843.9
PARAUCO,2026-09-15,4039.89990234375,3751.0
PARAUCO,2026-09-16,4039.89990234375,3745.0
QUINENCO,2025-05-05,4029.0,3787.05
QUINENCO,2025-05-06,4015.10009765625,3773.99
QUINENCO,2025-05-07,4000.10009765625,3759.89
QUINENCO,2025-05-08,4000.0,3759.8
QUINENCO,2025-05-09,4006.0,3765.44
QUINENCO,2025-12-09,4690.0,4629.79
QUINENCO,2025-12-10,4660.60009765625,4600.77
QUINENCO,2025-12-11,4740.0,4679.15
QUINENCO,2025-12-12,4685.0,4624.86
QUINENCO,2026-02-02,4516.60009765625,4599.0
QUINENCO,2026-02-27,4390.0,4400.0
QUINENCO,2026-03-05,4126.10009765625,4168.6
QUINENCO,2026-03-06,4269.89990234375,4155.5
QUINENCO,2026-05-04,4368.7001953125,4016.54
QUINENCO,2026-05-05,4285.0,3939.59
QUINENCO,2026-05-06,4271.10009765625,3926.81
QUINENCO,2026-05-07,4320.0,3971.77
QUINENCO,2026-05-08,4330.0,3980.96
QUINENCO,2026-07-20,4279.0,4264.2
QUINENCO,2026-07-21,4279.0,4255.5
QUINENCO,2026-07-22,4279.0,4300.0
QUINENCO,2026-07-23,4279.0,4259.2
QUINENCO,2026-07-24,4279.0,4309.2
QUINENCO,2026-07-27,4279.0,4290.0
QUINENCO,2026-07-28,4279.0,4297.3
QUINENCO,2026-07-29,4279.0,4400.0
QUINENCO,2026-07-30,4279.0,4450.0
QUINENCO,2026-07-31,4279.0,4460.0
QUINENCO,2026-08-03,4279.0,4478.9
QUINENCO,2026-08-04,4279.0,4457.0
QUINENCO,2026-08-05,4279.0,4600.0
QUINENCO,2026-08-06,4279.0,4570.0
QUINENCO,2026-08-07,4279.0,4500.0
QUINENCO,2026-08-10,4279.0,4500.0
QUINENCO,2026-08-11,4279.0,4499.9
QUINENCO,2026-08-12,4279.0,4500.0
QUINENCO,2026-08-13,4279.0,4480.0
QUINENCO,2026-08-14,4279.0,4500.0
QUINENCO,2026-08-17,4279.0,4500.0
QUINENCO,2026-08-18,4279.0,4548.1
QUINENCO,2026-08-19,4279.0,4560.0
QUINENCO,2026-08-20,4279.0,4521.7
QUINENCO,2026-08-21,4279.0,4500.0
QUINENCO,2026-08-24,4279.0,4489.0
QUINENCO,2026-08-25,4279.0,4460.0
QUINENCO,2026-08-26,4279.0,4490.0
QUINENCO,2026-08-27,4279.0,4550.0
QUINENCO,2026-08-28,4279.0,4529.9
QUINENCO,2026-08-31,4279.0,4500.0
QUINENCO,2026-09-01,4279.0,4450.0
QUINENCO,2026-09-02,4279.0,4560.0
QUINENCO,2026-09-03,4279.0,4500.0
QUINENCO,2026-09-04,4279.0,4585.0
QUINENCO,2026-09-07,4279.0,4564.3
QUINENCO,2026-09-08,4279.0,4625.0
QUINENCO,2026-09-09,4279.0,4791.4
QUINENCO,2026-09-10,4279.0,4660.0
QUINENCO,2026-09-11,4279.0,4690.0
QUINENCO,2026-09-14,4279.0,4675.0
QUINENCO,2026-09-15,4279.0,4710.0
QUINENCO,2026-09-16,4279.0,4749.0
RIPLEY,2025-05-19,475.0,468.64
RIPLEY,2025-05-20,465.1000061035156,458.87
RIPLEY,2025-05-22,461.0,454.83
RIPLEY,2025-05-23,466.739990234375,460.49
RIPLEY,2026-03-05,400.010009765625,401.87
RIPLEY,2026-03-06,402.0,400.5
RIPLEY,2026-05-18,355.75,343.48
RIPLEY,2026-05-19,364.1700134277344,351.61
RIPLEY,2026-05-20,376.0,363.03
RIPLEY,2026-05-22,380.989990234375,367.85
RIPLEY,2026-07-20,382.9599914550781,381.48
RIPLEY,2026-07-21,382.9599914550781,380.99
RIPLEY,2026-07-22,382.9599914550781,383.98
RIPLEY,2026-07-23,382.9599914550781,377.0
RIPLEY,2026-07-24,382.9599914550781,381.09
RIPLEY,2026-07-27,382.9599914550781,385.0
RIPLEY,2026-07-29,382.9599914550781,381.1
RIPLEY,2026-07-30,382.9599914550781,381.83
RIPLEY,2026-07-31,382.9599914550781,382.0
RIPLEY,2026-08-03,382.9599914550781,386.7
RIPLEY,2026-08-04,382.9599914550781,380.51
RIPLEY,2026-08-05,382.9599914550781,386.0
RIPLEY,2026-08-06,382.9599914550781,395.85
RIPLEY,2026-08-07,382.9599914550781,398.8
RIPLEY,2026-08-10,382.9599914550781,407.45
RIPLEY,2026-08-11,382.9599914550781,403.22
RIPLEY,2026-08-12,382.9599914550781,400.0
RIPLEY,2026-08-13,382.9599914550781,399.99
RIPLEY,2026-08-14,382.9599914550781,400.0
RIPLEY,2026-08-17,382.9599914550781,405.0
RIPLEY,2026-08-18,382.9599914550781,403.99
RIPLEY,2026-08-19,382.9599914550781,399.8
RIPLEY,2026-08-20,382.9599914550781,409.0
RIPLEY,2026-08-21,382.9599914550781,413.05
RIPLEY,2026-08-24,382.9599914550781,416.8
RIPLEY,2026-08-25,382.9599914550781,418.5
RIPLEY,2026-08-26,382.9599914550781,416.9
RIPLEY,2026-08-27,382.9599914550781,420.24
RIPLEY,2026-08-28,382.9599914550781,428.0
RIPLEY,2026-08-31,382.9599914550781,421.0
RIPLEY,2026-09-01,382.9599914550781,411.0
RIPLEY,2026-09-02,382.9599914550781,420.0
RIPLEY,2026-09-03,382.9599914550781,420.0
RIPLEY,2026-09-04,382.9599914550781,418.0
RIPLEY,2026-09-07,382.9599914550781,420.0
RIPLEY,2026-09-08,382.9599914550781,420.0
RIPLEY,2026-09-09,382.9599914550781,420.0
RIPLEY,2026-09-10,382.9599914550781,422.0
RIPLEY,2026-09-11,382.9599914550781,425.1
RIPLEY,2026-09-14,382.9599914550781,434.4
RIPLEY,2026-09-15,382.9599914550781,440.0
RIPLEY,2026-09-16,382.9599914550781,441.43
SALFACORP,2025-05-05,697.3699951171875,673.69
SALFACORP,2025-05-06,695.0,671.4
SALFACORP,2025-05-07,695.0,671.4
SALFACORP,2025-05-08,694.989990234375,671.4
SALFACORP,2025-05-09,691.6099853515625,668.13
SALFACORP,2026-02-27,1327.9000244140625,1330.0
SALFACORP,2026-03-05,1292.5,1294.7
SALFACORP,2026-03-06,1299.0,1269.0
SALFACORP,2026-04-13,1298.199951171875,1273.24
SALFACORP,2026-04-14,1347.5,1321.59
SALFACORP,2026-04-15,1368.0,1341.69
SALFACORP,2026-04-16,1410.0,1382.89
SALFACORP,2026-04-17,1436.4000244140625,1408.78
SALFACORP,2026-07-20,1249.0,1270.0
SALFACORP,2026-07-21,1249.0,1245.0
SALFACORP,2026-07-22,1249.0,1245.0
SALFACORP,2026-07-23,1249.0,1225.0
SALFACORP,2026-07-24,1249.0,1235.0
SALFACORP,2026-07-28,1249.0,1230.2
SALFACORP,2026-07-29,1249.0,1225.3
SALFACORP,2026-07-30,1249.0,1212.0
SALFACORP,2026-07-31,1249.0,1220.0
SALFACORP,2026-08-03,1249.0,1227.0
SALFACORP,2026-08-05,1249.0,1300.0
SALFACORP,2026-08-06,1249.0,1340.3
SALFACORP,2026-08-07,1249.0,1340.0
SALFACORP,2026-08-10,1249.0,1358.0
SALFACORP,2026-08-11,1249.0,1344.0
SALFACORP,2026-08-12,1249.0,1329.8
SALFACORP,2026-08-13,1249.0,1300.0
SALFACORP,2026-08-14,1249.0,1285.1
SALFACORP,2026-08-17,1249.0,1298.2
SALFACORP,2026-08-18,1249.0,1275.0
SALFACORP,2026-08-19,1249.0,1261.0
SALFACORP,2026-08-20,1249.0,1255.6
SALFACORP,2026-08-21,1249.0,1260.7
SALFACORP,2026-08-25,1249.0,1259.9
SALFACORP,2026-08-26,1249.0,1270.0
SALFACORP,2026-08-27,1249.0,1275.0
SALFACORP,2026-08-28,1249.0,1265.1
SALFACORP,2026-08-31,1249.0,1246.0
SALFACORP,2026-09-01,1249.0,1235.4
SALFACORP,2026-09-02,1249.0,1245.0
SALFACORP,2026-09-03,1249.0,1240.6
SALFACORP,2026-09-04,1249.0,1235.0
SALFACORP,2026-09-07,1249.0,1260.0
SALFACORP,2026-09-08,1249.0,1242.0
SALFACORP,2026-09-09,1249.0,1255.0
SALFACORP,2026-09-11,1249.0,1254.7
SALFACORP,2026-09-14,1249.0,1280.0
SALFACORP,2026-09-15,1249.0,1300.0
SALFACORP,2026-09-16,1249.0,1300.0
SMSAAM,2025-04-21,115.0500030517578,111.44
SMSAAM,2025-04-22,116.33000183105467,112.68
SMSAAM,2025-04-23,117.0,113.33
SMSAAM,2025-04-24,118.37999725341795,114.67
SMSAAM,2025-04-25,120.22000122070312,116.45
SMSAAM,2025-11-24,140.0,138.12
SMSAAM,2025-11-26,142.83999633789062,140.92
SMSAAM,2025-11-27,142.83999633789062,140.92
SMSAAM,2025-11-28,141.7100067138672,139.8
SMSAAM,2026-02-27,138.5500030517578,137.0
SMSAAM,2026-03-05,134.0,131.31
SMSAAM,2026-03-06,134.0,131.31
SMSAAM,2026-04-28,147.0,141.41
SMSAAM,2026-04-29,147.0,141.41
SMSAAM,2026-04-30,147.0,141.41
SMSAAM,2026-07-20,136.22000122070312,136.39
SMSAAM,2026-07-21,136.22000122070312,133.76
SMSAAM,2026-07-22,136.22000122070312,135.0
SMSAAM,2026-07-23,136.22000122070312,135.0
SMSAAM,2026-07-24,136.22000122070312,135.03
SMSAAM,2026-07-27,136.22000122070312,134.5
SMSAAM,2026-07-28,136.22000122070312,134.0
SMSAAM,2026-07-29,136.22000122070312,132.34
SMSAAM,2026-07-30,136.22000122070312,134.39
SMSAAM,2026-07-31,136.22000122070312,134.43
SMSAAM,2026-08-03,136.22000122070312,135.0
SMSAAM,2026-08-04,136.22000122070312,135.84
SMSAAM,2026-08-05,136.22000122070312,137.09
SMSAAM,2026-08-06,136.22000122070312,135.67
SMSAAM,2026-08-07,136.22000122070312,136.0
SMSAAM,2026-08-10,136.22000122070312,137.4
SMSAAM,2026-08-12,136.22000122070312,137.76
SMSAAM,2026-08-13,136.22000122070312,137.0
SMSAAM,2026-08-14,136.22000122070312,137.0
SMSAAM,2026-08-17,136.22000122070312,137.0
SMSAAM,2026-08-18,136.22000122070312,136.0
SMSAAM,2026-08-19,136.22000122070312,135.49
SMSAAM,2026-08-20,136.22000122070312,134.99
SMSAAM,2026-08-21,136.22000122070312,135.27
SMSAAM,2026-08-24,136.22000122070312,135.98
SMSAAM,2026-08-25,136.22000122070312,133.92
SMSAAM,2026-08-26,136.22000122070312,133.64
SMSAAM,2026-08-27,136.22000122070312,133.0
SMSAAM,2026-08-28,136.22000122070312,134.0
SMSAAM,2026-08-31,136.22000122070312,134.0
SMSAAM,2026-09-01,136.22000122070312,134.0
SMSAAM,2026-09-02,136.22000122070312,135.03
SMSAAM,2026-09-03,136.22000122070312,135.54
SMSAAM,2026-09-04,136.22000122070312,135.14
SMSAAM,2026-09-07,136.22000122070312,135.92
SMSAAM,2026-09-09,136.22000122070312,136.0
SMSAAM,2026-09-10,136.22000122070312,135.57
SMSAAM,2026-09-11,136.22000122070312,135.55
SMSAAM,2026-09-14,136.22000122070312,135.66
SMSAAM,2026-09-15,136.22000122070312,133.0
SMSAAM,2026-09-16,136.22000122070312,131.5
SMSAAM,2026-09-17,131.74,131.51
SMU,2025-04-25,183.0,181.002
SMU,2025-04-28,185.88999938964844,183.861
SMU,2025-04-29,185.0,182.981
SMU,2025-04-30,185.5,183.475
SMU,2025-05-23,187.0,186.432
SMU,2025-05-26,188.5,187.928
SMU,2025-05-27,182.6100006103516,182.056
SMU,2025-05-28,180.6699981689453,180.121
SMU,2025-05-29,180.4499969482422,179.902
SMU,2025-08-25,161.82000732421875,159.915
SMU,2025-08-26,162.3000030517578,160.389
SMU,2025-08-27,164.49000549316406,162.553
SMU,2025-08-28,165.25,163.304
SMU,2025-08-29,165.25,163.304
SMU,2025-11-10,154.5,155.5
SMU,2025-11-20,150.02000427246094,145.884
SMU,2025-11-21,150.3800048828125,146.234
SMU,2025-11-24,152.5,148.296
SMU,2025-11-25,152.1999969482422,148.004
SMU,2025-11-26,153.9499969482422,149.706
SMU,2026-03-05,150.66000366210938,151.0
SMU,2026-04-23,141.0,139.482
SMU,2026-04-24,142.0,140.471
SMU,2026-04-27,141.91000366210938,140.382
SMU,2026-04-28,140.8800048828125,139.363
SMU,2026-04-29,137.8000030517578,136.317
SMU,2026-07-21,127.9000015258789,130.0
SMU,2026-07-22,127.9000015258789,131.0
SMU,2026-07-24,127.9000015258789,126.9
SMU,2026-07-27,127.9000015258789,126.0
SMU,2026-07-28,127.9000015258789,126.0
SMU,2026-07-29,127.9000015258789,126.89
SMU,2026-07-30,127.9000015258789,127.0
SMU,2026-07-31,127.9000015258789,127.45
SMU,2026-08-05,127.9000015258789,129.0
SMU,2026-08-06,127.9000015258789,128.49
SMU,2026-08-07,127.9000015258789,128.9
SMU,2026-08-10,127.9000015258789,129.0
SMU,2026-08-12,127.9000015258789,127.3
SMU,2026-08-13,127.9000015258789,126.0
SMU,2026-08-14,127.9000015258789,124.02
SMU,2026-08-17,127.9000015258789,122.0
SMU,2026-08-18,127.9000015258789,123.0
SMU,2026-08-19,127.9000015258789,123.98
SMU,2026-08-20,127.9000015258789,124.45
SMU,2026-08-21,127.9000015258789,126.779
SMU,2026-08-24,127.9000015258789,127.528
SMU,2026-08-25,127.9000015258789,126.329
SMU,2026-08-26,127.9000015258789,127.498
SMU,2026-08-27,127.9000015258789,125.331
SMU,2026-08-28,127.9000015258789,125.74
SMU,2026-08-31,127.9000015258789,128.5
SMU,2026-09-01,127.9000015258789,124.25
SMU,2026-09-02,127.9000015258789,123.81
SMU,2026-09-03,127.9000015258789,122.02
SMU,2026-09-04,127.9000015258789,120.73
SMU,2026-09-07,127.9000015258789,119.59
SMU,2026-09-08,127.9000015258789,120.95
SMU,2026-09-09,127.9000015258789,120.35
SMU,2026-09-10,127.9000015258789,119.51
SMU,2026-09-11,127.9000015258789,119.0
SMU,2026-09-14,127.9000015258789,118.36
SMU,2026-09-15,127.9000015258789,117.99
SMU,2026-09-16,127.9000015258789,117.8
SONDA,2025-04-22,410.1300048828125,393.66
SONDA,2025-04-23,410.9100036621094,394.41
SONDA,2025-04-24,409.9800109863281,393.52
SONDA,2025-04-25,405.3299865722656,389.06
SONDA,2025-04-28,397.3500061035156,381.4
SONDA,2025-09-01,350.5199890136719,349.38
SONDA,2025-09-02,349.0599975585937,347.93
SONDA,2025-09-03,353.1499938964844,352.0
SONDA,2025-09-04,353.82000732421875,352.67
SONDA,2025-09-05,352.2099914550781,351.07
SONDA,2026-03-05,299.0,304.0
SONDA,2026-03-06,302.0,301.26
SONDA,2026-04-13,302.010009765625,297.37
SONDA,2026-04-14,298.6000061035156,294.01
SONDA,2026-04-15,298.1099853515625,293.53
SONDA,2026-04-16,305.1000061035156,300.41
SONDA,2026-04-17,306.0,301.3
SONDA,2026-07-23,301.8123779296875,295.71
SONDA,2026-07-24,301.8123779296875,312.03
SONDA,2026-07-27,301.8123779296875,328.0
SONDA,2026-07-28,301.8123779296875,328.0
SONDA,2026-07-29,301.8123779296875,318.9
SONDA,2026-07-30,301.8123779296875,309.34
SONDA,2026-07-31,301.8123779296875,309.34
SONDA,2026-08-03,301.8123779296875,304.95
SONDA,2026-08-04,301.8123779296875,304.98
SONDA,2026-08-05,301.8123779296875,300.0
SONDA,2026-08-06,301.8123779296875,303.99
SONDA,2026-08-07,301.8123779296875,305.0
SONDA,2026-08-10,301.8123779296875,304.84
SONDA,2026-08-11,301.8123779296875,303.0
SONDA,2026-08-13,301.8123779296875,299.68
SONDA,2026-08-14,301.8123779296875,299.0
SONDA,2026-08-17,301.8123779296875,300.0
SONDA,2026-08-18,301.8123779296875,299.0
SONDA,2026-08-19,301.8123779296875,295.23
SONDA,2026-08-20,301.8123779296875,298.0
SONDA,2026-08-21,301.8123779296875,298.43
SONDA,2026-08-24,301.8123779296875,300.0
SONDA,2026-08-25,301.8123779296875,303.0
SONDA,2026-08-26,301.8123779296875,300.69
SONDA,2026-08-27,301.8123779296875,300.0
SONDA,2026-08-28,301.8123779296875,300.0
SONDA,2026-08-31,301.8123779296875,309.99
SONDA,2026-09-01,301.8123779296875,300.0
SONDA,2026-09-02,301.8123779296875,304.12
SONDA,2026-09-03,301.8123779296875,300.0
SONDA,2026-09-04,301.8123779296875,310.0
SONDA,2026-09-07,301.8123779296875,316.44
SONDA,2026-09-08,301.8123779296875,314.89
SONDA,2026-09-09,301.8123779296875,308.76
SONDA,2026-09-11,301.8123779296875,301.01
SONDA,2026-09-14,301.8123779296875,298.0
SONDA,2026-09-15,301.8123779296875,293.0
SONDA,2026-09-16,301.8123779296875,300.0
SQM-B,2025-01-08,39219.0,38400.0
SQM-B,2025-02-05,37802.0,37950.0
SQM-B,2025-05-06,31850.0,31805.0
SQM-B,2025-07-08,34849.0,35722.0
SQM-B,2025-07-09,35800.0,36501.0
SQM-B,2025-08-11,44999.0,44110.0
SQM-B,2025-08-20,42063.0,42761.0
SQM-B,2025-09-24,42023.0,41600.0
SQM-B,2026-03-05,64100.0,64000.0
SQM-B,2026-04-09,73545.0,73361.0
SQM-B,2026-05-04,81682.0,80767.65
SQM-B,2026-05-05,83640.0,82703.73
SQM-B,2026-05-06,83784.0,82846.13
SQM-B,2026-05-07,82000.0,81082.09
SQM-B,2026-05-08,82056.0,81137.47
SQM-B,2026-07-20,65450.0,63400.0
SQM-B,2026-07-21,65450.0,64540.0
SQM-B,2026-07-22,65450.0,65055.0
SQM-B,2026-07-24,65450.0,65350.0
SQM-B,2026-07-27,65450.0,64650.0
SQM-B,2026-07-28,65450.0,62500.0
SQM-B,2026-07-29,65450.0,63799.0
SQM-B,2026-07-30,65450.0,63290.0
SQM-B,2026-07-31,65450.0,62700.0
SQM-B,2026-08-03,65450.0,61910.0
SQM-B,2026-08-04,65450.0,62450.0
SQM-B,2026-08-05,65450.0,63950.0
SQM-B,2026-08-06,65450.0,66300.0
SQM-B,2026-08-07,65450.0,65789.0
SQM-B,2026-08-10,65450.0,66950.0
SQM-B,2026-08-11,65450.0,65860.0
SQM-B,2026-08-13,65450.0,66010.0
SQM-B,2026-08-14,65450.0,67990.0
SQM-B,2026-08-17,65450.0,68800.0
SQM-B,2026-08-18,65450.0,69171.0
SQM-B,2026-08-19,65450.0,69505.0
SQM-B,2026-08-20,65450.0,72100.0
SQM-B,2026-08-21,65450.0,74799.0
SQM-B,2026-08-24,65450.0,75400.0
SQM-B,2026-08-25,65450.0,72300.0
SQM-B,2026-08-26,65450.0,72015.0
SQM-B,2026-08-27,65450.0,74050.0
SQM-B,2026-08-28,65450.0,73200.0
SQM-B,2026-08-31,65450.0,74585.03
SQM-B,2026-09-01,65450.0,74231.73
SQM-B,2026-09-02,65450.0,74967.77
SQM-B,2026-09-03,65450.0,72916.68
SQM-B,2026-09-04,65450.0,70757.64
SQM-B,2026-09-07,65450.0,71000.0
SQM-B,2026-09-08,65450.0,70060.0
SQM-B,2026-09-09,65450.0,70000.0
SQM-B,2026-09-10,65450.0,68055.0
SQM-B,2026-09-11,65450.0,66299.0
SQM-B,2026-09-14,65450.0,67385.0
SQM-B,2026-09-15,65450.0,66789.0
SQM-B,2026-09-16,65450.0,66200.0
VAPORES,2025-05-06,52.790000915527344,52.45
VAPORES,2025-05-12,55.81999969482422,53.81
VAPORES,2025-05-13,56.2599983215332,49.47
VAPORES,2025-05-14,59.790000915527344,52.58
VAPORES,2025-05-15,59.02000045776367,51.9
VAPORES,2025-05-16,59.56999969482422,52.38
VAPORES,2025-10-13,50.619998931884766,46.89
VAPORES,2025-10-14,50.29999923706055,46.59
VAPORES,2025-10-15,50.29999923706055,46.59
VAPORES,2025-10-16,50.470001220703125,46.75
VAPORES,2025-10-17,50.5099983215332,46.78
VAPORES,2026-02-27,47.84000015258789,47.4
VAPORES,2026-03-05,48.75,48.85
VAPORES,2026-03-06,48.63999938964844,48.36
VAPORES,2026-04-09,51.400001525878906,51.75
VAPORES,2026-05-08,53.0099983215332,46.16
VAPORES,2026-05-11,53.43000030517578,45.93
VAPORES,2026-05-12,53.150001525878906,45.79
VAPORES,2026-05-13,52.40999984741211,44.53
VAPORES,2026-05-14,51.61000061035156,44.45
VAPORES,2026-05-19,45.220001220703125,45.44
VAPORES,2026-05-25,46.0,43.69
VAPORES,2026-05-26,45.040000915527344,43.34
VAPORES,2026-05-27,45.59000015258789,43.87
VAPORES,2026-05-28,45.4900016784668,43.77
VAPORES,2026-05-29,44.4900016784668,42.81
VAPORES,2026-07-20,46.5099983215332,47.63
VAPORES,2026-07-21,46.5099983215332,47.98
VAPORES,2026-07-22,46.5099983215332,48.3
VAPORES,2026-07-23,46.5099983215332,48.2
VAPORES,2026-07-24,46.5099983215332,48.88
VAPORES,2026-07-27,46.5099983215332,48.5
VAPORES,2026-07-28,46.5099983215332,48.2
VAPORES,2026-07-29,46.5099983215332,48.48
VAPORES,2026-07-30,46.5099983215332,47.7
VAPORES,2026-07-31,46.5099983215332,48.0
VAPORES,2026-08-03,46.5099983215332,48.5
VAPORES,2026-08-04,46.5099983215332,46.81
VAPORES,2026-08-05,46.5099983215332,47.0
VAPORES,2026-08-06,46.5099983215332,46.71
VAPORES,2026-08-07,46.5099983215332,47.5
VAPORES,2026-08-10,46.5099983215332,47.38
VAPORES,2026-08-11,46.5099983215332,46.88
VAPORES,2026-08-12,46.5099983215332,46.35
VAPORES,2026-08-13,46.5099983215332,48.0
VAPORES,2026-08-14,46.5099983215332,48.5
VAPORES,2026-08-17,46.5099983215332,48.7
VAPORES,2026-08-18,46.5099983215332,48.4
VAPORES,2026-08-19,46.5099983215332,49.2
VAPORES,2026-08-20,46.5099983215332,49.2
VAPORES,2026-08-21,46.5099983215332,49.71
VAPORES,2026-08-24,46.5099983215332,50.5
VAPORES,2026-08-25,46.5099983215332,50.5
VAPORES,2026-08-26,46.5099983215332,49.75
VAPORES,2026-08-27,46.5099983215332,50.0
VAPORES,2026-08-28,46.5099983215332,49.0
VAPORES,2026-08-31,46.5099983215332,48.0
VAPORES,2026-09-01,46.5099983215332,48.05
VAPORES,2026-09-02,46.5099983215332,48.91
VAPORES,2026-09-03,46.5099983215332,48.67
VAPORES,2026-09-04,46.5099983215332,49.22
VAPORES,2026-09-07,46.5099983215332,49.13
VAPORES,2026-09-08,46.5099983215332,49.95
VAPORES,2026-09-09,46.5099983215332,49.55
VAPORES,2026-09-10,46.5099983215332,50.21
VAPORES,2026-09-11,46.5099983215332,49.53
VAPORES,2026-09-14,46.5099983215332,49.98
VAPORES,2026-09-15,46.5099983215332,49.2
VAPORES,2026-09-16,46.5099983215332,48.55
