date,ticker,broker_count,consensus_score,positive_count,neutral_count,negative_count,latest_recommendation_date
2021-01-08,BSANTANDER,0,,0,0,0,
2021-01-08,CENCOSUD,0,,0,0,0,
2021-01-08,FALABELLA,0,,0,0,0,
2021-01-08,SQM-B,0,,0,0,0,
2021-01-15,BSANTANDER,0,,0,0,0,
2021-01-15,CENCOSUD,0,,0,0,0,
2021-01-15,FALABELLA,0,,0,0,0,
2021-01-15,SQM-B,0,,0,0,0,
2021-01-22,BSANTANDER,0,,0,0,0,
2021-01-22,CENCOSUD,0,,0,0,0,
2021-01-22,FALABELLA,0,,0,0,0,
2021-01-22,SQM-B,0,,0,0,0,
2021-01-29,BSANTANDER,0,,0,0,0,
2021-01-29,CENCOSUD,0,,0,0,0,
2021-01-29,FALABELLA,0,,0,0,0,
2021-01-29,SQM-B,0,,0,0,0,
2021-02-05,BSANTANDER,0,,0,0,0,
2021-02-05,CENCOSUD,0,,0,0,0,
2021-02-05,FALABELLA,0,,0,0,0,
2021-02-05,SQM-B,0,,0,0,0,
2021-02-12,BSANTANDER,0,,0,0,0,
2021-02-12,CENCOSUD,0,,0,0,0,
2021-02-12,FALABELLA,0,,0,0,0,
2021-02-12,SQM-B,0,,0,0,0,
2021-02-19,BSANTANDER,0,,0,0,0,
2021-02-19,CENCOSUD,0,,0,0,0,
2021-02-19,FALABELLA,0,,0,0,0,
2021-02-19,SQM-B,0,,0,0,0,
2021-02-26,BSANTANDER,0,,0,0,0,
2021-02-26,CENCOSUD,0,,0,0,0,
2021-02-26,FALABELLA,0,,0,0,0,
2021-02-26,SQM-B,0,,0,0,0,
2021-03-05,BSANTANDER,0,,0,0,0,
2021-03-05,CENCOSUD,0,,0,0,0,
2021-03-05,FALABELLA,0,,0,0,0,
2021-03-05,SQM-B,0,,0,0,0,
2021-03-12,BSANTANDER,0,,0,0,0,
2021-03-12,CENCOSUD,0,,0,0,0,
2021-03-12,FALABELLA,0,,0,0,0,
2021-03-12,SQM-B,0,,0,0,0,
2021-03-19,BSANTANDER,0,,0,0,0,
2021-03-19,CENCOSUD,0,,0,0,0,
2021-03-19,FALABELLA,0,,0,0,0,
2021-03-19,SQM-B,0,,0,0,0,
2021-03-26,BSANTANDER,0,,0,0,0,
2021-03-26,CENCOSUD,0,,0,0,0,
2021-03-26,FALABELLA,0,,0,0,0,
2021-03-26,SQM-B,0,,0,0,0,
2021-04-01,BSANTANDER,0,,0,0,0,
2021-04-01,CENCOSUD,0,,0,0,0,
2021-04-01,FALABELLA,0,,0,0,0,
2021-04-01,SQM-B,0,,0,0,0,
2021-04-09,BSANTANDER,0,,0,0,0,
2021-04-09,CENCOSUD,0,,0,0,0,
2021-04-09,FALABELLA,0,,0,0,0,
2021-04-09,SQM-B,0,,0,0,0,
2021-04-16,BSANTANDER,0,,0,0,0,
2021-04-16,CENCOSUD,0,,0,0,0,
2021-04-16,FALABELLA,0,,0,0,0,
2021-04-16,SQM-B,0,,0,0,0,
2021-04-23,BSANTANDER,0,,0,0,0,
2021-04-23,CENCOSUD,0,,0,0,0,
2021-04-23,FALABELLA,0,,0,0,0,
2021-04-23,SQM-B,0,,0,0,0,
2021-04-30,BSANTANDER,0,,0,0,0,
2021-04-30,CENCOSUD,0,,0,0,0,
2021-04-30,FALABELLA,0,,0,0,0,
2021-04-30,SQM-B,0,,0,0,0,
2021-05-07,BSANTANDER,0,,0,0,0,
2021-05-07,CENCOSUD,0,,0,0,0,
2021-05-07,FALABELLA,0,,0,0,0,
2021-05-07,SQM-B,0,,0,0,0,
2021-05-14,BSANTANDER,0,,0,0,0,
2021-05-14,CENCOSUD,0,,0,0,0,
2021-05-14,FALABELLA,0,,0,0,0,
2021-05-14,SQM-B,0,,0,0,0,
2021-05-20,BSANTANDER,0,,0,0,0,
2021-05-20,CENCOSUD,0,,0,0,0,
2021-05-20,FALABELLA,0,,0,0,0,
2021-05-20,SQM-B,0,,0,0,0,
2021-05-28,BSANTANDER,0,,0,0,0,
2021-05-28,CENCOSUD,0,,0,0,0,
2021-05-28,FALABELLA,0,,0,0,0,
2021-05-28,SQM-B,0,,0,0,0,
2021-06-04,BSANTANDER,0,,0,0,0,
2021-06-04,CENCOSUD,0,,0,0,0,
2021-06-04,FALABELLA,0,,0,0,0,
2021-06-04,SQM-B,0,,0,0,0,
2021-06-11,BSANTANDER,0,,0,0,0,
2021-06-11,CENCOSUD,0,,0,0,0,
2021-06-11,FALABELLA,0,,0,0,0,
2021-06-11,SQM-B,0,,0,0,0,
2021-06-18,BSANTANDER,0,,0,0,0,
2021-06-18,CENCOSUD,0,,0,0,0,
2021-06-18,FALABELLA,0,,0,0,0,
2021-06-18,SQM-B,0,,0,0,0,
2021-06-25,BSANTANDER,0,,0,0,0,
2021-06-25,CENCOSUD,0,,0,0,0,
2021-06-25,FALABELLA,0,,0,0,0,
2021-06-25,SQM-B,0,,0,0,0,
2021-07-02,BSANTANDER,0,,0,0,0,
2021-07-02,CENCOSUD,0,,0,0,0,
2021-07-02,FALABELLA,0,,0,0,0,
2021-07-02,SQM-B,0,,0,0,0,
2021-07-09,BSANTANDER,0,,0,0,0,
2021-07-09,CENCOSUD,1,1.0,1,0,0,2021-07-08
2021-07-09,FALABELLA,0,,0,0,0,
2021-07-09,SQM-B,0,,0,0,0,
2021-07-15,BSANTANDER,1,1.0,1,0,0,2021-07-14
2021-07-15,CENCOSUD,2,1.0,2,0,0,2021-07-09
2021-07-15,FALABELLA,0,,0,0,0,
2021-07-15,SQM-B,0,,0,0,0,
2021-07-23,BSANTANDER,4,1.0,4,0,0,2021-07-22
2021-07-23,CENCOSUD,3,1.0,3,0,0,2021-07-19
2021-07-23,FALABELLA,0,,0,0,0,
2021-07-23,SQM-B,0,,0,0,0,
2021-07-30,BSANTANDER,4,1.0,4,0,0,2021-07-22
2021-07-30,CENCOSUD,3,1.0,3,0,0,2021-07-19
2021-07-30,FALABELLA,0,,0,0,0,
2021-07-30,SQM-B,1,0.0,0,1,0,2021-07-26
2021-08-06,BSANTANDER,4,1.0,4,0,0,2021-07-22
2021-08-06,CENCOSUD,3,1.0,3,0,0,2021-08-04
2021-08-06,FALABELLA,2,1.0,2,0,0,2021-08-04
2021-08-06,SQM-B,1,0.0,0,1,0,2021-07-26
2021-08-13,BSANTANDER,4,1.0,4,0,0,2021-08-11
2021-08-13,CENCOSUD,4,1.0,4,0,0,2021-08-12
2021-08-13,FALABELLA,2,1.0,2,0,0,2021-08-04
2021-08-13,SQM-B,1,0.0,0,1,0,2021-07-26
2021-08-20,BSANTANDER,4,1.0,4,0,0,2021-08-11
2021-08-20,CENCOSUD,6,0.6666666666666666,5,0,1,2021-08-13
2021-08-20,FALABELLA,2,1.0,2,0,0,2021-08-04
2021-08-20,SQM-B,2,0.0,0,2,0,2021-08-19
2021-08-27,BSANTANDER,4,1.0,4,0,0,2021-08-11
2021-08-27,CENCOSUD,6,0.6666666666666666,5,0,1,2021-08-25
2021-08-27,FALABELLA,2,1.0,2,0,0,2021-08-25
2021-08-27,SQM-B,2,0.0,0,2,0,2021-08-19
2021-09-03,BSANTANDER,4,1.0,4,0,0,2021-09-02
2021-09-03,CENCOSUD,6,0.6666666666666666,5,0,1,2021-09-02
2021-09-03,FALABELLA,4,0.5,2,2,0,2021-09-02
2021-09-03,SQM-B,2,0.0,0,2,0,2021-08-19
2021-09-10,BSANTANDER,4,1.0,4,0,0,2021-09-02
2021-09-10,CENCOSUD,7,0.7142857142857143,6,0,1,2021-09-09
2021-09-10,FALABELLA,4,0.5,2,2,0,2021-09-07
2021-09-10,SQM-B,3,-0.3333333333333333,0,2,1,2021-09-09
2021-09-16,BSANTANDER,4,1.0,4,0,0,2021-09-13
2021-09-16,CENCOSUD,8,0.75,7,0,1,2021-09-10
2021-09-16,FALABELLA,4,0.5,2,2,0,2021-09-07
2021-09-16,SQM-B,3,-0.3333333333333333,0,2,1,2021-09-09
2021-09-24,BSANTANDER,4,1.0,4,0,0,2021-09-22
2021-09-24,CENCOSUD,8,0.75,7,0,1,2021-09-22
2021-09-24,FALABELLA,5,0.2,1,4,0,2021-09-23
2021-09-24,SQM-B,3,-0.3333333333333333,0,2,1,2021-09-09
2021-10-01,BSANTANDER,5,1.0,5,0,0,2021-09-30
2021-10-01,CENCOSUD,8,0.75,7,0,1,2021-09-28
2021-10-01,FALABELLA,5,0.2,1,4,0,2021-09-23
2021-10-01,SQM-B,3,-0.3333333333333333,0,2,1,2021-09-09
2021-10-08,BSANTANDER,6,0.8333333333333334,5,1,0,2021-10-07
2021-10-08,CENCOSUD,8,0.75,7,0,1,2021-10-07
2021-10-08,FALABELLA,6,0.16666666666666666,1,5,0,2021-10-07
2021-10-08,SQM-B,4,-0.25,0,3,1,2021-10-07
2021-10-15,BSANTANDER,6,0.8333333333333334,5,1,0,2021-10-14
2021-10-15,CENCOSUD,10,0.6,8,0,2,2021-10-13
2021-10-15,FALABELLA,6,0.16666666666666666,1,5,0,2021-10-13
2021-10-15,SQM-B,4,-0.25,0,3,1,2021-10-07
2021-10-22,BSANTANDER,6,0.8333333333333334,5,1,0,2021-10-15
2021-10-22,CENCOSUD,10,0.6,8,0,2,2021-10-20
2021-10-22,FALABELLA,6,0.16666666666666666,1,5,0,2021-10-13
2021-10-22,SQM-B,4,-0.25,0,3,1,2021-10-07
2021-10-29,BSANTANDER,6,0.8333333333333334,5,1,0,2021-10-25
2021-10-29,CENCOSUD,10,0.6,8,0,2,2021-10-26
2021-10-29,FALABELLA,6,0.16666666666666666,1,5,0,2021-10-13
2021-10-29,SQM-B,4,-0.25,0,3,1,2021-10-26
2021-11-05,BSANTANDER,6,0.8333333333333334,5,1,0,2021-10-25
2021-11-05,CENCOSUD,10,0.6,8,0,2,2021-11-03
2021-11-05,FALABELLA,6,0.16666666666666666,1,5,0,2021-11-03
2021-11-05,SQM-B,4,-0.25,0,3,1,2021-10-26
2021-11-12,BSANTANDER,6,0.8333333333333334,5,1,0,2021-10-25
2021-11-12,CENCOSUD,10,0.6,8,0,2,2021-11-03
2021-11-12,FALABELLA,7,0.42857142857142855,3,4,0,2021-11-10
2021-11-12,SQM-B,4,-0.25,0,3,1,2021-10-26
2021-11-19,BSANTANDER,6,0.8333333333333334,5,1,0,2021-10-25
2021-11-19,CENCOSUD,10,0.6,8,0,2,2021-11-12
2021-11-19,FALABELLA,7,0.42857142857142855,3,4,0,2021-11-10
2021-11-19,SQM-B,4,-0.25,0,3,1,2021-11-18
2021-11-26,BSANTANDER,6,0.8333333333333334,5,1,0,2021-11-22
2021-11-26,CENCOSUD,10,0.6,8,0,2,2021-11-12
2021-11-26,FALABELLA,7,0.42857142857142855,3,4,0,2021-11-10
2021-11-26,SQM-B,4,-0.25,0,3,1,2021-11-18
2021-12-03,BSANTANDER,6,0.8333333333333334,5,1,0,2021-12-01
2021-12-03,CENCOSUD,10,0.6,8,0,2,2021-12-02
2021-12-03,FALABELLA,7,0.42857142857142855,3,4,0,2021-11-10
2021-12-03,SQM-B,4,-0.25,0,3,1,2021-11-18
2021-12-10,BSANTANDER,6,0.8333333333333334,5,1,0,2021-12-01
2021-12-10,CENCOSUD,9,0.5555555555555556,7,0,2,2021-12-09
2021-12-10,FALABELLA,7,0.42857142857142855,3,4,0,2021-11-10
2021-12-10,SQM-B,4,-0.25,0,3,1,2021-11-18
2021-12-17,BSANTANDER,6,0.8333333333333334,5,1,0,2021-12-15
2021-12-17,CENCOSUD,8,0.75,7,0,1,2021-12-09
2021-12-17,FALABELLA,8,0.5,4,4,0,2021-12-16
2021-12-17,SQM-B,4,-0.25,0,3,1,2021-11-18
2021-12-24,BSANTANDER,6,0.8333333333333334,5,1,0,2021-12-22
2021-12-24,CENCOSUD,8,0.75,7,0,1,2021-12-09
2021-12-24,FALABELLA,9,0.5555555555555556,5,4,0,2021-12-19
2021-12-24,SQM-B,3,-0.3333333333333333,0,2,1,2021-11-18
2021-12-30,BSANTANDER,7,0.8571428571428571,6,1,0,2021-12-29
2021-12-30,CENCOSUD,8,0.75,7,0,1,2021-12-24
2021-12-30,FALABELLA,9,0.5555555555555556,5,4,0,2021-12-28
2021-12-30,SQM-B,3,-0.3333333333333333,0,2,1,2021-12-24
2022-01-07,BSANTANDER,8,0.875,7,1,0,2022-01-03
2022-01-07,CENCOSUD,8,0.75,7,0,1,2021-12-24
2022-01-07,FALABELLA,9,0.5555555555555556,5,4,0,2022-01-05
2022-01-07,SQM-B,3,-0.3333333333333333,0,2,1,2021-12-24
2022-01-14,BSANTANDER,7,0.8571428571428571,6,1,0,2022-01-03
2022-01-14,CENCOSUD,7,0.7142857142857143,6,0,1,2021-12-24
2022-01-14,FALABELLA,9,0.5555555555555556,5,4,0,2022-01-10
2022-01-14,SQM-B,3,-0.3333333333333333,0,2,1,2021-12-24
2022-01-21,BSANTANDER,7,0.8571428571428571,6,1,0,2022-01-03
2022-01-21,CENCOSUD,7,0.7142857142857143,6,0,1,2021-12-24
2022-01-21,FALABELLA,9,0.6666666666666666,6,3,0,2022-01-17
2022-01-21,SQM-B,3,-0.3333333333333333,0,2,1,2021-12-24
2022-01-28,BSANTANDER,7,0.8571428571428571,6,1,0,2022-01-03
2022-01-28,CENCOSUD,7,0.7142857142857143,6,0,1,2021-12-24
2022-01-28,FALABELLA,8,0.75,6,2,0,2022-01-26
2022-01-28,SQM-B,4,-0.25,0,3,1,2022-01-25
2022-02-04,BSANTANDER,7,0.8571428571428571,6,1,0,2022-02-03
2022-02-04,CENCOSUD,6,0.6666666666666666,5,0,1,2022-02-02
2022-02-04,FALABELLA,8,0.75,6,2,0,2022-02-01
2022-02-04,SQM-B,4,-0.25,0,3,1,2022-02-02
2022-02-11,BSANTANDER,7,0.8571428571428571,6,1,0,2022-02-03
2022-02-11,CENCOSUD,3,0.3333333333333333,2,0,1,2022-02-02
2022-02-11,FALABELLA,7,0.8571428571428571,6,1,0,2022-02-01
2022-02-11,SQM-B,4,-0.25,0,3,1,2022-02-02
2022-02-18,BSANTANDER,7,0.8571428571428571,6,1,0,2022-02-16
2022-02-18,CENCOSUD,3,0.3333333333333333,2,0,1,2022-02-16
2022-02-18,FALABELLA,7,0.8571428571428571,6,1,0,2022-02-01
2022-02-18,SQM-B,4,-0.25,0,3,1,2022-02-11
2022-02-25,BSANTANDER,7,0.8571428571428571,6,1,0,2022-02-16
2022-02-25,CENCOSUD,3,0.3333333333333333,2,0,1,2022-02-16
2022-02-25,FALABELLA,7,0.8571428571428571,6,1,0,2022-02-01
2022-02-25,SQM-B,3,0.0,0,3,0,2022-02-11
2022-03-04,BSANTANDER,7,0.8571428571428571,6,1,0,2022-02-16
2022-03-04,CENCOSUD,3,0.3333333333333333,2,0,1,2022-02-16
2022-03-04,FALABELLA,8,0.75,6,2,0,2022-03-02
2022-03-04,SQM-B,4,0.25,1,3,0,2022-03-03
2022-03-11,BSANTANDER,7,0.8571428571428571,6,1,0,2022-02-16
2022-03-11,CENCOSUD,4,0.5,3,0,1,2022-03-08
2022-03-11,FALABELLA,8,0.75,6,2,0,2022-03-02
2022-03-11,SQM-B,4,0.25,1,3,0,2022-03-03
2022-03-18,BSANTANDER,7,0.8571428571428571,6,1,0,2022-03-14
2022-03-18,CENCOSUD,4,0.5,3,0,1,2022-03-15
2022-03-18,FALABELLA,8,0.75,6,2,0,2022-03-02
2022-03-18,SQM-B,4,0.25,1,3,0,2022-03-03
2022-03-25,BSANTANDER,7,0.8571428571428571,6,1,0,2022-03-24
2022-03-25,CENCOSUD,4,0.5,3,0,1,2022-03-15
2022-03-25,FALABELLA,8,0.75,6,2,0,2022-03-02
2022-03-25,SQM-B,5,0.4,2,3,0,2022-03-23
2022-04-01,BSANTANDER,6,1.0,6,0,0,2022-03-24
2022-04-01,CENCOSUD,4,0.5,3,0,1,2022-03-15
2022-04-01,FALABELLA,9,0.6666666666666666,6,3,0,2022-03-31
2022-04-01,SQM-B,6,0.16666666666666666,2,3,1,2022-03-31
2022-04-08,BSANTANDER,6,1.0,6,0,0,2022-04-05
2022-04-08,CENCOSUD,4,1.0,4,0,0,2022-04-06
2022-04-08,FALABELLA,9,0.6666666666666666,6,3,0,2022-04-05
2022-04-08,SQM-B,6,0.16666666666666666,2,3,1,2022-03-31
2022-04-14,BSANTANDER,6,1.0,6,0,0,2022-04-05
2022-04-14,CENCOSUD,4,1.0,4,0,0,2022-04-06
2022-04-14,FALABELLA,9,0.6666666666666666,6,3,0,2022-04-05
2022-04-14,SQM-B,6,0.16666666666666666,2,3,1,2022-03-31
2022-04-22,BSANTANDER,6,1.0,6,0,0,2022-04-21
2022-04-22,CENCOSUD,4,1.0,4,0,0,2022-04-06
2022-04-22,FALABELLA,8,0.625,5,3,0,2022-04-14
2022-04-22,SQM-B,6,0.3333333333333333,3,2,1,2022-04-14
2022-04-29,BSANTANDER,5,1.0,5,0,0,2022-04-21
2022-04-29,CENCOSUD,4,1.0,4,0,0,2022-04-06
2022-04-29,FALABELLA,8,0.625,5,3,0,2022-04-14
2022-04-29,SQM-B,6,0.3333333333333333,3,2,1,2022-04-14
2022-05-06,BSANTANDER,4,1.0,4,0,0,2022-04-21
2022-05-06,CENCOSUD,4,1.0,4,0,0,2022-05-04
2022-05-06,FALABELLA,7,0.5714285714285714,4,3,0,2022-04-14
2022-05-06,SQM-B,6,0.3333333333333333,3,2,1,2022-05-02
2022-05-13,BSANTANDER,4,1.0,4,0,0,2022-05-12
2022-05-13,CENCOSUD,5,0.8,4,1,0,2022-05-12
2022-05-13,FALABELLA,7,0.5714285714285714,4,3,0,2022-05-11
2022-05-13,SQM-B,6,0.3333333333333333,3,2,1,2022-05-02
2022-05-20,BSANTANDER,4,1.0,4,0,0,2022-05-12
2022-05-20,CENCOSUD,5,0.8,4,1,0,2022-05-12
2022-05-20,FALABELLA,6,0.5,3,3,0,2022-05-11
2022-05-20,SQM-B,6,0.16666666666666666,2,3,1,2022-05-19
2022-05-27,BSANTANDER,4,1.0,4,0,0,2022-05-12
2022-05-27,CENCOSUD,5,0.8,4,1,0,2022-05-12
2022-05-27,FALABELLA,6,0.5,3,3,0,2022-05-11
2022-05-27,SQM-B,6,0.16666666666666666,2,3,1,2022-05-19
2022-06-03,BSANTANDER,4,1.0,4,0,0,2022-05-12
2022-06-03,CENCOSUD,6,0.8333333333333334,5,1,0,2022-06-02
2022-06-03,FALABELLA,6,0.5,3,3,0,2022-05-11
2022-06-03,SQM-B,6,0.16666666666666666,2,3,1,2022-05-19
2022-06-10,BSANTANDER,4,1.0,4,0,0,2022-05-12
2022-06-10,CENCOSUD,6,0.8333333333333334,5,1,0,2022-06-02
2022-06-10,FALABELLA,6,0.5,3,3,0,2022-06-03
2022-06-10,SQM-B,6,0.16666666666666666,2,3,1,2022-06-07
2022-06-17,BSANTANDER,3,1.0,3,0,0,2022-06-14
2022-06-17,CENCOSUD,6,0.8333333333333334,5,1,0,2022-06-02
2022-06-17,FALABELLA,6,0.5,3,3,0,2022-06-03
2022-06-17,SQM-B,6,0.16666666666666666,2,3,1,2022-06-07
2022-06-24,BSANTANDER,3,1.0,3,0,0,2022-06-14
2022-06-24,CENCOSUD,6,0.8333333333333334,5,1,0,2022-06-02
2022-06-24,FALABELLA,6,0.5,3,3,0,2022-06-17
2022-06-24,SQM-B,6,0.16666666666666666,2,3,1,2022-06-07
2022-07-01,BSANTANDER,3,1.0,3,0,0,2022-06-14
2022-07-01,CENCOSUD,6,0.8333333333333334,5,1,0,2022-06-29
2022-07-01,FALABELLA,7,0.42857142857142855,3,4,0,2022-06-30
2022-07-01,SQM-B,6,0.16666666666666666,2,3,1,2022-06-07
2022-07-08,BSANTANDER,3,1.0,3,0,0,2022-06-14
2022-07-08,CENCOSUD,6,0.8333333333333334,5,1,0,2022-07-07
2022-07-08,FALABELLA,7,0.42857142857142855,3,4,0,2022-06-30
2022-07-08,SQM-B,5,0.0,1,3,1,2022-06-07
2022-07-15,BSANTANDER,3,0.6666666666666666,2,1,0,2022-07-12
2022-07-15,CENCOSUD,6,0.8333333333333334,5,1,0,2022-07-07
2022-07-15,FALABELLA,7,0.42857142857142855,3,4,0,2022-06-30
2022-07-15,SQM-B,5,0.0,1,3,1,2022-06-07
2022-07-22,BSANTANDER,3,0.6666666666666666,2,1,0,2022-07-12
2022-07-22,CENCOSUD,6,0.8333333333333334,5,1,0,2022-07-07
2022-07-22,FALABELLA,7,0.42857142857142855,3,4,0,2022-06-30
2022-07-22,SQM-B,5,0.0,1,3,1,2022-06-07
2022-07-29,BSANTANDER,3,0.6666666666666666,2,1,0,2022-07-28
2022-07-29,CENCOSUD,6,0.8333333333333334,5,1,0,2022-07-25
2022-07-29,FALABELLA,6,0.5,3,3,0,2022-06-30
2022-07-29,SQM-B,5,0.0,1,3,1,2022-06-07
2022-08-05,BSANTANDER,3,0.6666666666666666,2,1,0,2022-08-01
2022-08-05,CENCOSUD,6,0.8333333333333334,5,1,0,2022-08-03
2022-08-05,FALABELLA,5,0.4,2,3,0,2022-06-30
2022-08-05,SQM-B,5,0.0,1,3,1,2022-06-07
2022-08-12,BSANTANDER,3,0.6666666666666666,2,1,0,2022-08-10
2022-08-12,CENCOSUD,6,0.8333333333333334,5,1,0,2022-08-03
2022-08-12,FALABELLA,5,0.4,2,3,0,2022-06-30
2022-08-12,SQM-B,5,0.0,1,3,1,2022-06-07
2022-08-19,BSANTANDER,3,0.6666666666666666,2,1,0,2022-08-10
2022-08-19,CENCOSUD,7,0.8571428571428571,6,1,0,2022-08-17
2022-08-19,FALABELLA,4,0.5,2,2,0,2022-06-30
2022-08-19,SQM-B,5,0.0,1,3,1,2022-08-18
2022-08-26,BSANTANDER,2,0.5,1,1,0,2022-08-10
2022-08-26,CENCOSUD,7,0.8571428571428571,6,1,0,2022-08-17
2022-08-26,FALABELLA,4,0.5,2,2,0,2022-06-30
2022-08-26,SQM-B,5,0.0,1,3,1,2022-08-18
2022-09-02,BSANTANDER,3,0.3333333333333333,1,2,0,2022-08-30
2022-09-02,CENCOSUD,7,0.8571428571428571,6,1,0,2022-08-17
2022-09-02,FALABELLA,7,0.2857142857142857,2,5,0,2022-09-01
2022-09-02,SQM-B,5,0.0,1,3,1,2022-08-18
2022-09-09,BSANTANDER,3,0.3333333333333333,1,2,0,2022-08-30
2022-09-09,CENCOSUD,5,1.0,5,0,0,2022-08-17
2022-09-09,FALABELLA,8,0.375,3,5,0,2022-09-05
2022-09-09,SQM-B,5,0.0,1,3,1,2022-08-18
2022-09-15,BSANTANDER,3,0.0,0,3,0,2022-09-14
2022-09-15,CENCOSUD,5,1.0,5,0,0,2022-08-17
2022-09-15,FALABELLA,8,0.375,3,5,0,2022-09-05
2022-09-15,SQM-B,6,0.16666666666666666,2,3,1,2022-09-14
2022-09-23,BSANTANDER,3,0.0,0,3,0,2022-09-20
2022-09-23,CENCOSUD,5,1.0,5,0,0,2022-08-17
2022-09-23,FALABELLA,8,0.375,3,5,0,2022-09-21
2022-09-23,SQM-B,3,0.0,1,1,1,2022-09-20
2022-09-30,BSANTANDER,3,0.0,0,3,0,2022-09-20
2022-09-30,CENCOSUD,6,1.0,6,0,0,2022-09-26
2022-09-30,FALABELLA,8,0.375,3,5,0,2022-09-29
2022-09-30,SQM-B,3,0.0,1,1,1,2022-09-20
2022-10-07,BSANTANDER,3,0.0,0,3,0,2022-10-04
2022-10-07,CENCOSUD,6,1.0,6,0,0,2022-09-26
2022-10-07,FALABELLA,8,0.375,3,5,0,2022-09-29
2022-10-07,SQM-B,2,0.5,1,1,0,2022-09-20
2022-10-14,BSANTANDER,4,0.25,1,3,0,2022-10-13
2022-10-14,CENCOSUD,7,1.0,7,0,0,2022-10-13
2022-10-14,FALABELLA,8,0.375,3,5,0,2022-10-13
2022-10-14,SQM-B,3,0.6666666666666666,2,1,0,2022-10-13
2022-10-21,BSANTANDER,4,0.25,1,3,0,2022-10-17
2022-10-21,CENCOSUD,7,1.0,7,0,0,2022-10-13
2022-10-21,FALABELLA,8,0.375,3,5,0,2022-10-18
2022-10-21,SQM-B,3,0.6666666666666666,2,1,0,2022-10-13
2022-10-28,BSANTANDER,4,0.25,1,3,0,2022-10-17
2022-10-28,CENCOSUD,7,1.0,7,0,0,2022-10-13
2022-10-28,FALABELLA,8,0.375,3,5,0,2022-10-18
2022-10-28,SQM-B,3,0.6666666666666666,2,1,0,2022-10-13
2022-11-04,BSANTANDER,4,0.25,1,3,0,2022-10-17
2022-11-04,CENCOSUD,6,1.0,6,0,0,2022-10-13
2022-11-04,FALABELLA,7,0.42857142857142855,3,4,0,2022-10-18
2022-11-04,SQM-B,3,0.6666666666666666,2,1,0,2022-10-13
2022-11-11,BSANTANDER,4,0.25,1,3,0,2022-10-17
2022-11-11,CENCOSUD,6,1.0,6,0,0,2022-10-13
2022-11-11,FALABELLA,8,0.25,2,6,0,2022-11-09
2022-11-11,SQM-B,3,0.6666666666666666,2,1,0,2022-11-04
2022-11-18,BSANTANDER,4,0.25,1,3,0,2022-11-16
2022-11-18,CENCOSUD,6,0.8333333333333334,5,1,0,2022-11-14
2022-11-18,FALABELLA,9,0.1111111111111111,2,6,1,2022-11-16
2022-11-18,SQM-B,4,0.5,2,2,0,2022-11-17
2022-11-25,BSANTANDER,4,0.25,1,3,0,2022-11-24
2022-11-25,CENCOSUD,6,1.0,6,0,0,2022-11-21
2022-11-25,FALABELLA,9,0.1111111111111111,2,6,1,2022-11-16
2022-11-25,SQM-B,4,0.5,2,2,0,2022-11-17
2022-12-02,BSANTANDER,4,0.25,1,3,0,2022-12-01
2022-12-02,CENCOSUD,6,1.0,6,0,0,2022-12-01
2022-12-02,FALABELLA,9,0.1111111111111111,2,6,1,2022-11-16
2022-12-02,SQM-B,5,0.4,2,3,0,2022-12-01
2022-12-09,BSANTANDER,4,0.25,1,3,0,2022-12-01
2022-12-09,CENCOSUD,6,1.0,6,0,0,2022-12-01
2022-12-09,FALABELLA,9,0.1111111111111111,2,6,1,2022-12-02
2022-12-09,SQM-B,5,0.6,3,2,0,2022-12-02
2022-12-16,BSANTANDER,4,0.5,2,2,0,2022-12-15
2022-12-16,CENCOSUD,4,1.0,4,0,0,2022-12-01
2022-12-16,FALABELLA,9,0.1111111111111111,2,6,1,2022-12-02
2022-12-16,SQM-B,5,0.6,3,2,0,2022-12-14
2022-12-23,BSANTANDER,4,0.5,2,2,0,2022-12-15
2022-12-23,CENCOSUD,4,1.0,4,0,0,2022-12-01
2022-12-23,FALABELLA,9,0.1111111111111111,2,6,1,2022-12-02
2022-12-23,SQM-B,5,0.6,3,2,0,2022-12-14
2022-12-30,BSANTANDER,4,0.5,2,2,0,2022-12-15
2022-12-30,CENCOSUD,4,1.0,4,0,0,2022-12-28
2022-12-30,FALABELLA,9,0.2222222222222222,3,5,1,2022-12-28
2022-12-30,SQM-B,5,0.6,3,2,0,2022-12-14
2023-01-06,BSANTANDER,4,0.5,2,2,0,2022-12-15
2023-01-06,CENCOSUD,4,1.0,4,0,0,2022-12-28
2023-01-06,FALABELLA,9,0.3333333333333333,4,4,1,2023-01-03
2023-01-06,SQM-B,5,0.6,3,2,0,2022-12-14
2023-01-13,BSANTANDER,3,0.6666666666666666,2,1,0,2022-12-15
2023-01-13,CENCOSUD,4,1.0,4,0,0,2023-01-06
2023-01-13,FALABELLA,9,0.3333333333333333,4,4,1,2023-01-03
2023-01-13,SQM-B,5,0.6,3,2,0,2023-01-12
2023-01-20,BSANTANDER,3,0.6666666666666666,2,1,0,2022-12-15
2023-01-20,CENCOSUD,5,1.0,5,0,0,2023-01-18
2023-01-20,FALABELLA,9,0.3333333333333333,4,4,1,2023-01-17
2023-01-20,SQM-B,5,0.2,2,2,1,2023-01-18
2023-01-27,BSANTANDER,3,0.6666666666666666,2,1,0,2022-12-15
2023-01-27,CENCOSUD,6,1.0,6,0,0,2023-01-24
2023-01-27,FALABELLA,9,0.2222222222222222,3,5,1,2023-01-25
2023-01-27,SQM-B,5,0.2,2,2,1,2023-01-24
2023-02-03,BSANTANDER,3,0.6666666666666666,2,1,0,2022-12-15
2023-02-03,CENCOSUD,6,1.0,6,0,0,2023-01-24
2023-02-03,FALABELLA,9,0.2222222222222222,3,5,1,2023-01-25
2023-02-03,SQM-B,5,0.2,2,2,1,2023-01-24
2023-02-10,BSANTANDER,3,0.6666666666666666,2,1,0,2022-12-15
2023-02-10,CENCOSUD,6,1.0,6,0,0,2023-01-24
2023-02-10,FALABELLA,9,0.2222222222222222,3,5,1,2023-01-25
2023-02-10,SQM-B,5,0.2,2,2,1,2023-01-24
2023-02-17,BSANTANDER,3,0.6666666666666666,2,1,0,2022-12-15
2023-02-17,CENCOSUD,6,1.0,6,0,0,2023-02-15
2023-02-17,FALABELLA,9,0.2222222222222222,3,5,1,2023-01-25
2023-02-17,SQM-B,5,0.2,2,2,1,2023-02-10
2023-02-24,BSANTANDER,4,0.75,3,1,0,2023-02-22
2023-02-24,CENCOSUD,6,1.0,6,0,0,2023-02-15
2023-02-24,FALABELLA,9,0.2222222222222222,3,5,1,2023-01-25
2023-02-24,SQM-B,5,0.2,2,2,1,2023-02-20
2023-03-03,BSANTANDER,4,0.75,3,1,0,2023-02-22
2023-03-03,CENCOSUD,6,1.0,6,0,0,2023-02-15
2023-03-03,FALABELLA,9,0.2222222222222222,3,5,1,2023-02-24
2023-03-03,SQM-B,5,0.2,2,2,1,2023-02-20
2023-03-10,BSANTANDER,4,0.75,3,1,0,2023-02-22
2023-03-10,CENCOSUD,7,0.7142857142857143,6,0,1,2023-03-07
2023-03-10,FALABELLA,6,0.16666666666666666,2,3,1,2023-03-09
2023-03-10,SQM-B,6,0.3333333333333333,3,2,1,2023-03-07
2023-03-17,BSANTANDER,4,0.75,3,1,0,2023-03-14
2023-03-17,CENCOSUD,7,0.7142857142857143,6,0,1,2023-03-07
2023-03-17,FALABELLA,6,0.16666666666666666,2,3,1,2023-03-14
2023-03-17,SQM-B,6,0.3333333333333333,3,2,1,2023-03-07
2023-03-24,BSANTANDER,4,0.75,3,1,0,2023-03-19
2023-03-24,CENCOSUD,7,0.7142857142857143,6,0,1,2023-03-21
2023-03-24,FALABELLA,7,0.14285714285714285,2,4,1,2023-03-23
2023-03-24,SQM-B,7,0.42857142857142855,4,2,1,2023-03-17
2023-03-31,BSANTANDER,3,1.0,3,0,0,2023-03-29
2023-03-31,CENCOSUD,7,0.7142857142857143,6,0,1,2023-03-21
2023-03-31,FALABELLA,7,0.14285714285714285,2,4,1,2023-03-23
2023-03-31,SQM-B,7,0.5714285714285714,5,1,1,2023-03-30
2023-04-06,BSANTANDER,2,1.0,2,0,0,2023-03-29
2023-04-06,CENCOSUD,6,0.6666666666666666,5,0,1,2023-04-03
2023-04-06,FALABELLA,6,0.16666666666666666,2,3,1,2023-03-23
2023-04-06,SQM-B,6,0.5,4,1,1,2023-03-30
2023-04-14,BSANTANDER,2,1.0,2,0,0,2023-03-29
2023-04-14,CENCOSUD,6,0.6666666666666666,5,0,1,2023-04-03
2023-04-14,FALABELLA,6,0.16666666666666666,2,3,1,2023-03-23
2023-04-14,SQM-B,6,0.5,4,1,1,2023-03-30
2023-04-21,BSANTANDER,2,1.0,2,0,0,2023-03-29
2023-04-21,CENCOSUD,6,0.6666666666666666,5,0,1,2023-04-03
2023-04-21,FALABELLA,6,0.16666666666666666,2,3,1,2023-03-23
2023-04-21,SQM-B,6,0.5,4,1,1,2023-03-30
2023-04-28,BSANTANDER,2,1.0,2,0,0,2023-03-29
2023-04-28,CENCOSUD,6,0.6666666666666666,5,0,1,2023-04-03
2023-04-28,FALABELLA,6,0.16666666666666666,2,3,1,2023-03-23
2023-04-28,SQM-B,6,0.5,4,1,1,2023-04-25
2023-05-05,BSANTANDER,2,1.0,2,0,0,2023-05-04
2023-05-05,CENCOSUD,6,0.6666666666666666,5,0,1,2023-04-03
2023-05-05,FALABELLA,6,0.16666666666666666,2,3,1,2023-03-23
2023-05-05,SQM-B,6,0.5,4,1,1,2023-04-25
2023-05-12,BSANTANDER,2,0.5,1,1,0,2023-05-09
2023-05-12,CENCOSUD,7,0.7142857142857143,6,0,1,2023-05-10
2023-05-12,FALABELLA,6,0.16666666666666666,2,3,1,2023-05-10
2023-05-12,SQM-B,6,0.5,4,1,1,2023-04-25
2023-05-19,BSANTANDER,2,0.5,1,1,0,2023-05-16
2023-05-19,CENCOSUD,6,0.6666666666666666,5,0,1,2023-05-10
2023-05-19,FALABELLA,5,-0.2,0,4,1,2023-05-12
2023-05-19,SQM-B,5,0.8,4,1,0,2023-04-25
2023-05-26,BSANTANDER,2,0.5,1,1,0,2023-05-16
2023-05-26,CENCOSUD,6,0.6666666666666666,5,0,1,2023-05-10
2023-05-26,FALABELLA,4,-0.25,0,3,1,2023-05-12
2023-05-26,SQM-B,5,0.8,4,1,0,2023-04-25
2023-06-02,BSANTANDER,3,0.6666666666666666,2,1,0,2023-06-01
2023-06-02,CENCOSUD,6,0.6666666666666666,5,0,1,2023-06-01
2023-06-02,FALABELLA,5,-0.2,0,4,1,2023-06-01
2023-06-02,SQM-B,5,0.8,4,1,0,2023-04-25
2023-06-09,BSANTANDER,3,0.6666666666666666,2,1,0,2023-06-01
2023-06-09,CENCOSUD,6,0.6666666666666666,5,0,1,2023-06-06
2023-06-09,FALABELLA,5,-0.2,0,4,1,2023-06-01
2023-06-09,SQM-B,5,0.8,4,1,0,2023-06-05
2023-06-16,BSANTANDER,4,0.5,2,2,0,2023-06-13
2023-06-16,CENCOSUD,6,0.6666666666666666,5,0,1,2023-06-06
2023-06-16,FALABELLA,5,-0.2,0,4,1,2023-06-01
2023-06-16,SQM-B,5,0.8,4,1,0,2023-06-05
2023-06-23,BSANTANDER,3,0.3333333333333333,1,2,0,2023-06-13
2023-06-23,CENCOSUD,6,0.6666666666666666,5,0,1,2023-06-06
2023-06-23,FALABELLA,5,-0.2,0,4,1,2023-06-01
2023-06-23,SQM-B,5,0.8,4,1,0,2023-06-05
2023-06-30,BSANTANDER,3,0.3333333333333333,1,2,0,2023-06-13
2023-06-30,CENCOSUD,6,0.6666666666666666,5,0,1,2023-06-06
2023-06-30,FALABELLA,5,-0.2,0,4,1,2023-06-01
2023-06-30,SQM-B,5,0.8,4,1,0,2023-06-05
2023-07-07,BSANTANDER,3,0.3333333333333333,1,2,0,2023-06-13
2023-07-07,CENCOSUD,4,1.0,4,0,0,2023-06-06
2023-07-07,FALABELLA,5,-0.2,0,4,1,2023-06-01
2023-07-07,SQM-B,3,0.6666666666666666,2,1,0,2023-07-06
2023-07-14,BSANTANDER,4,0.5,2,2,0,2023-07-07
2023-07-14,CENCOSUD,4,1.0,4,0,0,2023-06-06
2023-07-14,FALABELLA,5,-0.2,0,4,1,2023-06-01
2023-07-14,SQM-B,3,0.6666666666666666,2,1,0,2023-07-07
2023-07-21,BSANTANDER,4,0.5,2,2,0,2023-07-20
2023-07-21,CENCOSUD,5,0.6,4,0,1,2023-07-19
2023-07-21,FALABELLA,5,-0.2,0,4,1,2023-07-19
2023-07-21,SQM-B,4,0.75,3,1,0,2023-07-20
2023-07-28,BSANTANDER,4,0.5,2,2,0,2023-07-20
2023-07-28,CENCOSUD,5,0.6,4,0,1,2023-07-19
2023-07-28,FALABELLA,5,-0.2,0,4,1,2023-07-27
2023-07-28,SQM-B,4,0.75,3,1,0,2023-07-20
2023-08-04,BSANTANDER,4,0.5,2,2,0,2023-07-20
2023-08-04,CENCOSUD,5,0.6,4,0,1,2023-07-19
2023-08-04,FALABELLA,5,-0.2,0,4,1,2023-07-28
2023-08-04,SQM-B,3,0.6666666666666666,2,1,0,2023-07-20
2023-08-11,BSANTANDER,4,0.5,2,2,0,2023-07-20
2023-08-11,CENCOSUD,5,0.6,4,0,1,2023-07-19
2023-08-11,FALABELLA,5,-0.2,0,4,1,2023-07-28
2023-08-11,SQM-B,3,0.6666666666666666,2,1,0,2023-07-20
2023-08-18,BSANTANDER,5,0.4,2,3,0,2023-08-14
2023-08-18,CENCOSUD,5,0.6,4,0,1,2023-07-19
2023-08-18,FALABELLA,5,-0.2,0,4,1,2023-07-28
2023-08-18,SQM-B,3,0.6666666666666666,2,1,0,2023-07-20
2023-08-25,BSANTANDER,5,0.4,2,3,0,2023-08-14
2023-08-25,CENCOSUD,5,0.6,4,0,1,2023-08-22
2023-08-25,FALABELLA,5,-0.2,0,4,1,2023-07-28
2023-08-25,SQM-B,3,0.6666666666666666,2,1,0,2023-07-20
2023-09-01,BSANTANDER,5,0.4,2,3,0,2023-08-14
2023-09-01,CENCOSUD,6,0.5,4,1,1,2023-08-28
2023-09-01,FALABELLA,5,-0.2,0,4,1,2023-08-30
2023-09-01,SQM-B,3,0.6666666666666666,2,1,0,2023-07-20
2023-09-08,BSANTANDER,5,0.4,2,3,0,2023-08-14
2023-09-08,CENCOSUD,4,0.25,2,1,1,2023-08-28
2023-09-08,FALABELLA,5,0.0,0,5,0,2023-09-07
2023-09-08,SQM-B,3,0.6666666666666666,2,1,0,2023-07-20
2023-09-15,BSANTANDER,5,0.4,2,3,0,2023-09-13
2023-09-15,CENCOSUD,5,0.4,3,1,1,2023-09-13
2023-09-15,FALABELLA,5,0.0,0,5,0,2023-09-07
2023-09-15,SQM-B,3,0.6666666666666666,2,1,0,2023-07-20
2023-09-22,BSANTANDER,5,0.4,2,3,0,2023-09-15
2023-09-22,CENCOSUD,5,0.4,3,1,1,2023-09-15
2023-09-22,FALABELLA,5,0.0,0,5,0,2023-09-07
2023-09-22,SQM-B,3,0.6666666666666666,2,1,0,2023-07-20
2023-09-29,BSANTANDER,5,0.4,2,3,0,2023-09-15
2023-09-29,CENCOSUD,5,0.4,3,1,1,2023-09-27
2023-09-29,FALABELLA,5,0.0,0,5,0,2023-09-07
2023-09-29,SQM-B,4,0.75,3,1,0,2023-09-26
2023-10-06,BSANTANDER,4,0.25,1,3,0,2023-09-15
2023-10-06,CENCOSUD,5,0.4,3,1,1,2023-09-27
2023-10-06,FALABELLA,5,0.0,0,5,0,2023-09-07
2023-10-06,SQM-B,4,0.75,3,1,0,2023-09-26
2023-10-13,BSANTANDER,4,0.25,1,3,0,2023-10-10
2023-10-13,CENCOSUD,5,0.4,3,1,1,2023-09-27
2023-10-13,FALABELLA,5,0.0,0,5,0,2023-09-07
2023-10-13,SQM-B,4,0.75,3,1,0,2023-09-26
2023-10-20,BSANTANDER,5,0.2,1,4,0,2023-10-16
2023-10-20,CENCOSUD,5,0.2,2,2,1,2023-10-18
2023-10-20,FALABELLA,5,0.0,0,5,0,2023-09-07
2023-10-20,SQM-B,4,0.75,3,1,0,2023-09-26
2023-10-26,BSANTANDER,5,0.2,1,4,0,2023-10-16
2023-10-26,CENCOSUD,5,0.2,2,2,1,2023-10-20
2023-10-26,FALABELLA,5,0.0,0,5,0,2023-09-07
2023-10-26,SQM-B,4,0.75,3,1,0,2023-09-26
2023-11-03,BSANTANDER,5,0.2,1,4,0,2023-10-16
2023-11-03,CENCOSUD,5,0.2,2,2,1,2023-10-20
2023-11-03,FALABELLA,5,0.0,0,5,0,2023-09-07
2023-11-03,SQM-B,4,0.75,3,1,0,2023-10-26
2023-11-10,BSANTANDER,4,0.0,0,4,0,2023-11-08
2023-11-10,CENCOSUD,5,0.2,2,2,1,2023-10-20
2023-11-10,FALABELLA,5,0.0,0,5,0,2023-09-07
2023-11-10,SQM-B,3,0.6666666666666666,2,1,0,2023-10-26
2023-11-17,BSANTANDER,4,0.0,0,4,0,2023-11-08
2023-11-17,CENCOSUD,5,0.2,2,2,1,2023-10-20
2023-11-17,FALABELLA,5,0.0,0,5,0,2023-11-15
2023-11-17,SQM-B,3,0.6666666666666666,2,1,0,2023-10-26
2023-11-24,BSANTANDER,3,0.0,0,3,0,2023-11-08
2023-11-24,CENCOSUD,5,0.4,3,1,1,2023-11-17
2023-11-24,FALABELLA,5,0.0,0,5,0,2023-11-21
2023-11-24,SQM-B,3,0.6666666666666666,2,1,0,2023-11-22
2023-12-01,BSANTANDER,3,0.0,0,3,0,2023-11-08
2023-12-01,CENCOSUD,5,0.4,3,1,1,2023-11-27
2023-12-01,FALABELLA,6,0.0,0,6,0,2023-11-28
2023-12-01,SQM-B,3,0.6666666666666666,2,1,0,2023-11-22
2023-12-07,BSANTANDER,3,0.0,0,3,0,2023-11-08
2023-12-07,CENCOSUD,6,0.5,4,1,1,2023-12-05
2023-12-07,FALABELLA,6,0.0,0,6,0,2023-11-28
2023-12-07,SQM-B,4,0.75,3,1,0,2023-12-05
2023-12-15,BSANTANDER,4,0.25,1,3,0,2023-12-14
2023-12-15,CENCOSUD,6,0.3333333333333333,3,2,1,2023-12-07
2023-12-15,FALABELLA,6,0.0,0,6,0,2023-11-28
2023-12-15,SQM-B,4,0.75,3,1,0,2023-12-05
2023-12-22,BSANTANDER,4,0.25,1,3,0,2023-12-14
2023-12-22,CENCOSUD,5,0.2,2,2,1,2023-12-07
2023-12-22,FALABELLA,6,0.0,0,6,0,2023-12-20
2023-12-22,SQM-B,4,0.75,3,1,0,2023-12-05
2023-12-29,BSANTANDER,4,0.25,1,3,0,2023-12-14
2023-12-29,CENCOSUD,5,0.2,2,2,1,2023-12-07
2023-12-29,FALABELLA,6,0.0,0,6,0,2023-12-22
2023-12-29,SQM-B,4,0.75,3,1,0,2023-12-28
2024-01-05,BSANTANDER,4,0.25,1,3,0,2023-12-14
2024-01-05,CENCOSUD,5,0.2,2,2,1,2023-12-07
2024-01-05,FALABELLA,6,0.0,0,6,0,2024-01-04
2024-01-05,SQM-B,4,0.75,3,1,0,2023-12-28
2024-01-12,BSANTANDER,4,0.0,1,2,1,2024-01-09
2024-01-12,CENCOSUD,5,0.2,2,2,1,2023-12-07
2024-01-12,FALABELLA,5,0.0,0,5,0,2024-01-04
2024-01-12,SQM-B,4,0.75,3,1,0,2023-12-28
2024-01-19,BSANTANDER,4,0.0,1,2,1,2024-01-09
2024-01-19,CENCOSUD,5,0.2,2,2,1,2023-12-07
2024-01-19,FALABELLA,6,-0.16666666666666666,0,5,1,2024-01-16
2024-01-19,SQM-B,4,0.75,3,1,0,2024-01-12
2024-01-26,BSANTANDER,4,0.0,1,2,1,2024-01-09
2024-01-26,CENCOSUD,5,0.2,2,2,1,2023-12-07
2024-01-26,FALABELLA,6,-0.16666666666666666,0,5,1,2024-01-16
2024-01-26,SQM-B,3,0.6666666666666666,2,1,0,2024-01-12
2024-02-02,BSANTANDER,4,0.0,1,2,1,2024-01-09
2024-02-02,CENCOSUD,5,0.2,2,2,1,2023-12-07
2024-02-02,FALABELLA,6,-0.3333333333333333,0,4,2,2024-02-01
2024-02-02,SQM-B,3,0.6666666666666666,2,1,0,2024-01-12
2024-02-09,BSANTANDER,4,0.0,1,2,1,2024-01-09
2024-02-09,CENCOSUD,6,0.3333333333333333,3,2,1,2024-02-02
2024-02-09,FALABELLA,6,-0.3333333333333333,0,4,2,2024-02-02
2024-02-09,SQM-B,3,0.6666666666666666,2,1,0,2024-01-12
2024-02-16,BSANTANDER,3,0.0,1,1,1,2024-02-15
2024-02-16,CENCOSUD,5,0.4,3,1,1,2024-02-02
2024-02-16,FALABELLA,6,-0.3333333333333333,0,4,2,2024-02-02
2024-02-16,SQM-B,3,0.6666666666666666,2,1,0,2024-01-12
2024-02-23,BSANTANDER,3,0.0,1,1,1,2024-02-15
2024-02-23,CENCOSUD,5,0.4,3,1,1,2024-02-02
2024-02-23,FALABELLA,6,-0.3333333333333333,0,4,2,2024-02-02
2024-02-23,SQM-B,3,0.6666666666666666,2,1,0,2024-01-12
2024-03-01,BSANTANDER,3,0.0,1,1,1,2024-02-15
2024-03-01,CENCOSUD,5,0.4,3,1,1,2024-02-02
2024-03-01,FALABELLA,6,-0.3333333333333333,0,4,2,2024-02-29
2024-03-01,SQM-B,3,0.6666666666666666,2,1,0,2024-01-12
2024-03-08,BSANTANDER,3,0.0,1,1,1,2024-03-07
2024-03-08,CENCOSUD,7,0.5714285714285714,5,1,1,2024-03-07
2024-03-08,FALABELLA,6,-0.3333333333333333,0,4,2,2024-02-29
2024-03-08,SQM-B,3,0.6666666666666666,2,1,0,2024-03-05
2024-03-15,BSANTANDER,3,0.0,1,1,1,2024-03-07
2024-03-15,CENCOSUD,7,0.5714285714285714,5,1,1,2024-03-07
2024-03-15,FALABELLA,4,-0.5,0,2,2,2024-02-29
2024-03-15,SQM-B,3,0.6666666666666666,2,1,0,2024-03-05
2024-03-22,BSANTANDER,3,0.0,1,1,1,2024-03-07
2024-03-22,CENCOSUD,7,0.5714285714285714,5,1,1,2024-03-21
2024-03-22,FALABELLA,4,-0.5,0,2,2,2024-02-29
2024-03-22,SQM-B,3,0.6666666666666666,2,1,0,2024-03-05
2024-03-28,BSANTANDER,3,0.0,1,1,1,2024-03-07
2024-03-28,CENCOSUD,7,0.5714285714285714,5,1,1,2024-03-21
2024-03-28,FALABELLA,4,-0.5,0,2,2,2024-03-27
2024-03-28,SQM-B,3,0.6666666666666666,2,1,0,2024-03-05
2024-04-05,BSANTANDER,3,0.0,1,1,1,2024-03-07
2024-04-05,CENCOSUD,6,0.5,4,1,1,2024-03-21
2024-04-05,FALABELLA,4,-0.5,0,2,2,2024-03-27
2024-04-05,SQM-B,3,0.6666666666666666,2,1,0,2024-04-02
2024-04-12,BSANTANDER,3,0.0,1,1,1,2024-04-10
2024-04-12,CENCOSUD,6,0.3333333333333333,3,2,1,2024-04-05
2024-04-12,FALABELLA,4,-0.5,0,2,2,2024-04-08
2024-04-12,SQM-B,3,0.6666666666666666,2,1,0,2024-04-02
2024-04-19,BSANTANDER,3,0.0,1,1,1,2024-04-16
2024-04-19,CENCOSUD,6,0.3333333333333333,3,2,1,2024-04-05
2024-04-19,FALABELLA,5,-0.2,1,2,2,2024-04-18
2024-04-19,SQM-B,3,0.6666666666666666,2,1,0,2024-04-02
2024-04-26,BSANTANDER,3,-0.3333333333333333,0,2,1,2024-04-23
2024-04-26,CENCOSUD,6,0.3333333333333333,3,2,1,2024-04-05
2024-04-26,FALABELLA,5,-0.2,1,2,2,2024-04-18
2024-04-26,SQM-B,3,0.6666666666666666,2,1,0,2024-04-02
2024-05-03,BSANTANDER,3,-0.3333333333333333,0,2,1,2024-05-02
2024-05-03,CENCOSUD,6,0.3333333333333333,3,2,1,2024-04-26
2024-05-03,FALABELLA,5,-0.2,1,2,2,2024-04-26
2024-05-03,SQM-B,3,0.6666666666666666,2,1,0,2024-04-02
2024-05-10,BSANTANDER,3,-0.3333333333333333,0,2,1,2024-05-02
2024-05-10,CENCOSUD,6,0.3333333333333333,3,2,1,2024-04-26
2024-05-10,FALABELLA,6,0.0,2,2,2,2024-05-08
2024-05-10,SQM-B,3,0.6666666666666666,2,1,0,2024-04-02
2024-05-17,BSANTANDER,3,-0.3333333333333333,0,2,1,2024-05-02
2024-05-17,CENCOSUD,6,0.3333333333333333,3,2,1,2024-04-26
2024-05-17,FALABELLA,6,0.0,2,2,2,2024-05-08
2024-05-17,SQM-B,2,0.5,1,1,0,2024-04-02
2024-05-24,BSANTANDER,4,0.0,1,2,1,2024-05-23
2024-05-24,CENCOSUD,6,0.3333333333333333,3,2,1,2024-04-26
2024-05-24,FALABELLA,6,0.0,2,2,2,2024-05-17
2024-05-24,SQM-B,2,0.5,1,1,0,2024-04-02
2024-05-31,BSANTANDER,4,0.0,1,2,1,2024-05-23
2024-05-31,CENCOSUD,6,0.3333333333333333,3,2,1,2024-05-27
2024-05-31,FALABELLA,6,0.0,2,2,2,2024-05-17
2024-05-31,SQM-B,3,0.6666666666666666,2,1,0,2024-05-24
2024-06-07,BSANTANDER,4,0.0,1,2,1,2024-05-23
2024-06-07,CENCOSUD,6,0.3333333333333333,3,2,1,2024-06-05
2024-06-07,FALABELLA,6,0.0,2,2,2,2024-05-17
2024-06-07,SQM-B,4,0.75,3,1,0,2024-06-03
2024-06-14,BSANTANDER,4,0.0,1,2,1,2024-05-23
2024-06-14,CENCOSUD,6,0.3333333333333333,3,2,1,2024-06-05
2024-06-14,FALABELLA,6,0.0,2,2,2,2024-05-17
2024-06-14,SQM-B,4,0.75,3,1,0,2024-06-03
2024-06-21,BSANTANDER,4,0.0,1,2,1,2024-05-23
2024-06-21,CENCOSUD,6,0.3333333333333333,3,2,1,2024-06-05
2024-06-21,FALABELLA,6,0.0,2,2,2,2024-05-17
2024-06-21,SQM-B,4,0.75,3,1,0,2024-06-19
2024-06-28,BSANTANDER,4,0.0,1,2,1,2024-06-24
2024-06-28,CENCOSUD,6,0.3333333333333333,3,2,1,2024-06-05
2024-06-28,FALABELLA,5,0.2,2,2,1,2024-05-17
2024-06-28,SQM-B,4,0.75,3,1,0,2024-06-19
2024-07-05,BSANTANDER,4,0.0,1,2,1,2024-06-24
2024-07-05,CENCOSUD,4,0.25,2,1,1,2024-06-05
2024-07-05,FALABELLA,5,0.2,2,2,1,2024-05-17
2024-07-05,SQM-B,3,0.6666666666666666,2,1,0,2024-07-02
2024-07-12,BSANTANDER,5,0.2,2,2,1,2024-07-10
2024-07-12,CENCOSUD,4,0.25,2,1,1,2024-06-05
2024-07-12,FALABELLA,5,0.2,2,2,1,2024-05-17
2024-07-12,SQM-B,3,0.6666666666666666,2,1,0,2024-07-02
2024-07-19,BSANTANDER,5,0.2,2,2,1,2024-07-10
2024-07-19,CENCOSUD,4,0.5,3,0,1,2024-07-15
2024-07-19,FALABELLA,5,0.2,2,2,1,2024-05-17
2024-07-19,SQM-B,3,0.6666666666666666,2,1,0,2024-07-02
2024-07-26,BSANTANDER,5,0.2,2,2,1,2024-07-10
2024-07-26,CENCOSUD,3,0.3333333333333333,2,0,1,2024-07-15
2024-07-26,FALABELLA,5,0.2,2,2,1,2024-05-17
2024-07-26,SQM-B,3,0.6666666666666666,2,1,0,2024-07-02
2024-08-02,BSANTANDER,5,0.2,2,2,1,2024-07-10
2024-08-02,CENCOSUD,3,0.3333333333333333,2,0,1,2024-07-15
2024-08-02,FALABELLA,5,0.2,2,2,1,2024-05-17
2024-08-02,SQM-B,3,0.6666666666666666,2,1,0,2024-07-02
2024-08-09,BSANTANDER,4,0.5,2,2,0,2024-07-10
2024-08-09,CENCOSUD,3,0.3333333333333333,2,0,1,2024-07-15
2024-08-09,FALABELLA,4,0.25,2,1,1,2024-05-17
2024-08-09,SQM-B,3,0.6666666666666666,2,1,0,2024-07-02
2024-08-16,BSANTANDER,3,0.6666666666666666,2,1,0,2024-07-10
2024-08-16,CENCOSUD,3,0.3333333333333333,2,0,1,2024-07-15
2024-08-16,FALABELLA,4,0.25,2,1,1,2024-05-17
2024-08-16,SQM-B,3,0.6666666666666666,2,1,0,2024-07-02
2024-08-23,BSANTANDER,4,0.5,2,2,0,2024-08-20
2024-08-23,CENCOSUD,3,0.3333333333333333,2,0,1,2024-07-15
2024-08-23,FALABELLA,3,0.0,1,1,1,2024-05-17
2024-08-23,SQM-B,3,0.6666666666666666,2,1,0,2024-07-02
2024-08-30,BSANTANDER,4,0.5,2,2,0,2024-08-20
2024-08-30,CENCOSUD,3,0.3333333333333333,2,0,1,2024-07-15
2024-08-30,FALABELLA,3,0.0,1,1,1,2024-08-28
2024-08-30,SQM-B,3,0.6666666666666666,2,1,0,2024-07-02
2024-09-06,BSANTANDER,5,0.6,3,2,0,2024-09-04
2024-09-06,CENCOSUD,3,0.3333333333333333,2,0,1,2024-07-15
2024-09-06,FALABELLA,3,0.0,1,1,1,2024-08-28
2024-09-06,SQM-B,3,0.6666666666666666,2,1,0,2024-09-05
2024-09-13,BSANTANDER,5,0.6,3,2,0,2024-09-09
2024-09-13,CENCOSUD,3,0.3333333333333333,2,0,1,2024-07-15
2024-09-13,FALABELLA,4,0.0,1,2,1,2024-09-11
2024-09-13,SQM-B,3,0.6666666666666666,2,1,0,2024-09-05
2024-09-17,BSANTANDER,6,0.5,3,3,0,2024-09-16
2024-09-17,CENCOSUD,3,0.3333333333333333,2,0,1,2024-07-15
2024-09-17,FALABELLA,4,0.0,1,2,1,2024-09-11
2024-09-17,SQM-B,3,0.6666666666666666,2,1,0,2024-09-05
2024-09-27,BSANTANDER,6,0.5,3,3,0,2024-09-26
2024-09-27,CENCOSUD,2,1.0,2,0,0,2024-07-15
2024-09-27,FALABELLA,4,0.0,1,2,1,2024-09-25
2024-09-27,SQM-B,2,0.5,1,1,0,2024-09-05
2024-10-04,BSANTANDER,6,0.5,3,3,0,2024-09-26
2024-10-04,CENCOSUD,1,1.0,1,0,0,2024-07-15
2024-10-04,FALABELLA,4,0.0,1,2,1,2024-09-27
2024-10-04,SQM-B,3,0.3333333333333333,1,2,0,2024-10-02
2024-10-11,BSANTANDER,6,0.5,3,3,0,2024-10-10
2024-10-11,CENCOSUD,1,1.0,1,0,0,2024-07-15
2024-10-11,FALABELLA,4,0.0,1,2,1,2024-09-27
2024-10-11,SQM-B,4,0.5,2,2,0,2024-10-09
2024-10-18,BSANTANDER,7,0.5714285714285714,4,3,0,2024-10-16
2024-10-18,CENCOSUD,1,1.0,1,0,0,2024-07-15
2024-10-18,FALABELLA,4,0.0,1,2,1,2024-09-27
2024-10-18,SQM-B,4,0.5,2,2,0,2024-10-09
2024-10-25,BSANTANDER,7,0.5714285714285714,4,3,0,2024-10-16
2024-10-25,CENCOSUD,2,1.0,2,0,0,2024-10-23
2024-10-25,FALABELLA,4,0.0,1,2,1,2024-09-27
2024-10-25,SQM-B,4,0.5,2,2,0,2024-10-24
2024-10-30,BSANTANDER,7,0.5714285714285714,4,3,0,2024-10-16
2024-10-30,CENCOSUD,3,0.3333333333333333,2,0,1,2024-10-25
2024-10-30,FALABELLA,5,-0.2,1,2,2,2024-10-25
2024-10-30,SQM-B,4,0.5,2,2,0,2024-10-24
2024-11-08,BSANTANDER,7,0.5714285714285714,4,3,0,2024-10-16
2024-11-08,CENCOSUD,3,0.3333333333333333,2,0,1,2024-10-25
2024-11-08,FALABELLA,5,-0.2,1,2,2,2024-10-25
2024-11-08,SQM-B,3,0.3333333333333333,1,2,0,2024-10-24
2024-11-15,BSANTANDER,7,0.5714285714285714,4,3,0,2024-10-16
2024-11-15,CENCOSUD,2,0.0,1,0,1,2024-10-25
2024-11-15,FALABELLA,5,-0.2,1,2,2,2024-10-25
2024-11-15,SQM-B,3,0.3333333333333333,1,2,0,2024-10-24
2024-11-22,BSANTANDER,7,0.5714285714285714,4,3,0,2024-10-16
2024-11-22,CENCOSUD,2,0.0,1,0,1,2024-10-25
2024-11-22,FALABELLA,5,-0.2,1,2,2,2024-11-19
2024-11-22,SQM-B,3,0.3333333333333333,1,2,0,2024-10-24
2024-11-29,BSANTANDER,7,0.5714285714285714,4,3,0,2024-10-16
2024-11-29,CENCOSUD,3,0.3333333333333333,2,0,1,2024-11-28
2024-11-29,FALABELLA,5,-0.2,1,2,2,2024-11-28
2024-11-29,SQM-B,3,0.3333333333333333,1,2,0,2024-10-24
2024-12-06,BSANTANDER,9,0.6666666666666666,6,3,0,2024-12-04
2024-12-06,CENCOSUD,6,0.6666666666666666,5,0,1,2024-12-05
2024-12-06,FALABELLA,5,-0.2,1,2,2,2024-11-28
2024-12-06,SQM-B,4,0.5,2,2,0,2024-12-05
2024-12-13,BSANTANDER,9,0.6666666666666666,6,3,0,2024-12-06
2024-12-13,CENCOSUD,6,0.6666666666666666,5,0,1,2024-12-05
2024-12-13,FALABELLA,5,-0.2,1,2,2,2024-11-28
2024-12-13,SQM-B,4,0.5,2,2,0,2024-12-05
2024-12-20,BSANTANDER,8,0.75,6,2,0,2024-12-19
2024-12-20,CENCOSUD,7,0.5714285714285714,5,1,1,2024-12-19
2024-12-20,FALABELLA,6,0.0,2,2,2,2024-12-19
2024-12-20,SQM-B,4,0.5,2,2,0,2024-12-05
2024-12-27,BSANTANDER,8,0.75,6,2,0,2024-12-19
2024-12-27,CENCOSUD,7,0.5714285714285714,5,1,1,2024-12-19
2024-12-27,FALABELLA,5,0.2,2,2,1,2024-12-19
2024-12-27,SQM-B,4,0.5,2,2,0,2024-12-05
2025-01-03,BSANTANDER,9,0.5555555555555556,6,2,1,2025-01-02
2025-01-03,CENCOSUD,7,0.5714285714285714,5,1,1,2024-12-19
2025-01-03,FALABELLA,5,0.2,2,2,1,2024-12-31
2025-01-03,SQM-B,4,0.5,2,2,0,2024-12-05
2025-01-10,BSANTANDER,8,0.5,5,2,1,2025-01-02
2025-01-10,CENCOSUD,7,0.5714285714285714,5,1,1,2025-01-07
2025-01-10,FALABELLA,6,0.0,2,2,2,2025-01-07
2025-01-10,SQM-B,4,0.5,2,2,0,2024-12-05
2025-01-17,BSANTANDER,7,0.5714285714285714,4,3,0,2025-01-13
2025-01-17,CENCOSUD,7,0.5714285714285714,5,1,1,2025-01-16
2025-01-17,FALABELLA,6,0.0,2,2,2,2025-01-07
2025-01-17,SQM-B,4,0.5,2,2,0,2024-12-05
2025-01-24,BSANTANDER,7,0.5714285714285714,4,3,0,2025-01-13
2025-01-24,CENCOSUD,7,0.5714285714285714,5,1,1,2025-01-22
2025-01-24,FALABELLA,5,0.0,2,1,2,2025-01-07
2025-01-24,SQM-B,4,0.5,2,2,0,2024-12-05
2025-01-31,BSANTANDER,7,0.5714285714285714,4,3,0,2025-01-13
2025-01-31,CENCOSUD,7,0.5714285714285714,5,1,1,2025-01-22
2025-01-31,FALABELLA,5,0.0,2,1,2,2025-01-07
2025-01-31,SQM-B,3,0.6666666666666666,2,1,0,2024-12-05
2025-02-07,BSANTANDER,6,0.5,3,3,0,2025-02-04
2025-02-07,CENCOSUD,7,0.5714285714285714,5,1,1,2025-02-04
2025-02-07,FALABELLA,6,0.16666666666666666,3,1,2,2025-02-06
2025-02-07,SQM-B,2,0.5,1,1,0,2025-02-04
2025-02-14,BSANTANDER,6,0.5,3,3,0,2025-02-07
2025-02-14,CENCOSUD,8,0.5,5,2,1,2025-02-10
2025-02-14,FALABELLA,6,0.16666666666666666,3,1,2,2025-02-06
2025-02-14,SQM-B,2,0.5,1,1,0,2025-02-04
2025-02-21,BSANTANDER,6,0.5,3,3,0,2025-02-19
2025-02-21,CENCOSUD,8,0.375,4,3,1,2025-02-19
2025-02-21,FALABELLA,6,0.16666666666666666,3,1,2,2025-02-19
2025-02-21,SQM-B,2,0.5,1,1,0,2025-02-04
2025-02-28,BSANTANDER,6,0.5,3,3,0,2025-02-21
2025-02-28,CENCOSUD,6,0.5,3,3,0,2025-02-21
2025-02-28,FALABELLA,6,0.16666666666666666,3,1,2,2025-02-26
2025-02-28,SQM-B,2,0.5,1,1,0,2025-02-04
2025-03-07,BSANTANDER,6,0.5,3,3,0,2025-02-21
2025-03-07,CENCOSUD,6,0.5,3,3,0,2025-02-21
2025-03-07,FALABELLA,6,0.16666666666666666,3,1,2,2025-02-26
2025-03-07,SQM-B,2,0.5,1,1,0,2025-02-04
2025-03-14,BSANTANDER,6,0.5,3,3,0,2025-02-21
2025-03-14,CENCOSUD,6,0.5,3,3,0,2025-03-07
2025-03-14,FALABELLA,6,0.16666666666666666,3,1,2,2025-02-26
2025-03-14,SQM-B,2,0.5,1,1,0,2025-02-04
2025-03-21,BSANTANDER,7,0.5714285714285714,4,3,0,2025-03-14
2025-03-21,CENCOSUD,6,0.5,3,3,0,2025-03-07
2025-03-21,FALABELLA,5,0.0,2,1,2,2025-02-26
2025-03-21,SQM-B,2,0.5,1,1,0,2025-02-04
2025-03-28,BSANTANDER,7,0.5714285714285714,4,3,0,2025-03-27
2025-03-28,CENCOSUD,6,0.5,3,3,0,2025-03-21
2025-03-28,FALABELLA,4,0.25,2,1,1,2025-03-21
2025-03-28,SQM-B,2,0.5,1,1,0,2025-02-04
2025-04-04,BSANTANDER,6,0.5,3,3,0,2025-03-27
2025-04-04,CENCOSUD,5,0.4,2,3,0,2025-03-21
2025-04-04,FALABELLA,4,0.25,2,1,1,2025-03-31
2025-04-04,SQM-B,2,0.5,1,1,0,2025-02-04
2025-04-11,BSANTANDER,6,0.5,3,3,0,2025-04-09
2025-04-11,CENCOSUD,5,0.4,2,3,0,2025-04-10
2025-04-11,FALABELLA,4,0.25,2,1,1,2025-04-10
2025-04-11,SQM-B,2,0.5,1,1,0,2025-04-09
2025-04-17,BSANTANDER,6,0.5,3,3,0,2025-04-16
2025-04-17,CENCOSUD,5,0.4,2,3,0,2025-04-10
2025-04-17,FALABELLA,4,0.25,2,1,1,2025-04-10
2025-04-17,SQM-B,2,0.5,1,1,0,2025-04-09
2025-04-25,BSANTANDER,5,0.4,2,3,0,2025-04-22
2025-04-25,CENCOSUD,5,0.4,2,3,0,2025-04-10
2025-04-25,FALABELLA,5,0.0,2,1,2,2025-04-21
2025-04-25,SQM-B,2,0.5,1,1,0,2025-04-09
2025-05-02,BSANTANDER,5,0.4,2,3,0,2025-04-22
2025-05-02,CENCOSUD,5,0.2,1,4,0,2025-04-25
2025-05-02,FALABELLA,5,0.0,2,1,2,2025-04-21
2025-05-02,SQM-B,2,0.5,1,1,0,2025-04-09
2025-05-09,BSANTANDER,5,0.4,2,3,0,2025-04-22
2025-05-09,CENCOSUD,5,0.2,1,4,0,2025-04-25
2025-05-09,FALABELLA,7,0.0,2,3,2,2025-05-08
2025-05-09,SQM-B,2,0.5,1,1,0,2025-04-09
2025-05-16,BSANTANDER,5,0.4,2,3,0,2025-05-09
2025-05-16,CENCOSUD,6,0.16666666666666666,1,5,0,2025-05-09
2025-05-16,FALABELLA,7,0.0,2,3,2,2025-05-08
2025-05-16,SQM-B,2,0.5,1,1,0,2025-04-09
2025-05-23,BSANTANDER,5,0.4,2,3,0,2025-05-09
2025-05-23,CENCOSUD,6,0.16666666666666666,1,5,0,2025-05-09
2025-05-23,FALABELLA,7,0.0,2,3,2,2025-05-22
2025-05-23,SQM-B,2,0.5,1,1,0,2025-04-09
2025-05-30,BSANTANDER,5,0.4,2,3,0,2025-05-09
2025-05-30,CENCOSUD,6,0.3333333333333333,2,4,0,2025-05-28
2025-05-30,FALABELLA,7,0.0,2,3,2,2025-05-22
2025-05-30,SQM-B,2,0.5,1,1,0,2025-04-09
2025-06-06,BSANTANDER,5,0.4,2,3,0,2025-05-09
2025-06-06,CENCOSUD,6,0.3333333333333333,2,4,0,2025-05-28
2025-06-06,FALABELLA,8,0.125,3,3,2,2025-06-04
2025-06-06,SQM-B,2,0.5,1,1,0,2025-04-09
2025-06-13,BSANTANDER,5,0.4,2,3,0,2025-06-06
2025-06-13,CENCOSUD,6,0.3333333333333333,2,4,0,2025-05-28
2025-06-13,FALABELLA,7,0.0,2,3,2,2025-06-04
2025-06-13,SQM-B,2,0.5,1,1,0,2025-04-09
2025-06-19,BSANTANDER,5,0.4,2,3,0,2025-06-06
2025-06-19,CENCOSUD,5,0.4,2,3,0,2025-05-28
2025-06-19,FALABELLA,7,0.0,2,3,2,2025-06-04
2025-06-19,SQM-B,2,0.5,1,1,0,2025-04-09
2025-06-27,BSANTANDER,5,0.4,2,3,0,2025-06-06
2025-06-27,CENCOSUD,5,0.4,2,3,0,2025-05-28
2025-06-27,FALABELLA,6,0.16666666666666666,2,3,1,2025-06-26
2025-06-27,SQM-B,2,0.5,1,1,0,2025-04-09
2025-07-04,BSANTANDER,5,0.4,2,3,0,2025-06-06
2025-07-04,CENCOSUD,5,0.4,2,3,0,2025-05-28
2025-07-04,FALABELLA,6,0.3333333333333333,3,2,1,2025-07-01
2025-07-04,SQM-B,2,0.5,1,1,0,2025-04-09
2025-07-11,BSANTANDER,5,0.4,2,3,0,2025-06-06
2025-07-11,CENCOSUD,5,0.4,2,3,0,2025-05-28
2025-07-11,FALABELLA,7,0.2857142857142857,3,3,1,2025-07-09
2025-07-11,SQM-B,2,0.5,1,1,0,2025-04-09
2025-07-18,BSANTANDER,5,0.4,2,3,0,2025-07-17
2025-07-18,CENCOSUD,5,0.4,2,3,0,2025-05-28
2025-07-18,FALABELLA,7,0.2857142857142857,3,3,1,2025-07-09
2025-07-18,SQM-B,2,0.5,1,1,0,2025-04-09
2025-07-25,BSANTANDER,5,0.4,2,3,0,2025-07-21
2025-07-25,CENCOSUD,6,0.16666666666666666,2,3,1,2025-07-23
2025-07-25,FALABELLA,7,0.2857142857142857,3,3,1,2025-07-23
2025-07-25,SQM-B,2,0.5,1,1,0,2025-04-09
2025-08-01,BSANTANDER,5,0.4,2,3,0,2025-07-21
2025-08-01,CENCOSUD,6,0.16666666666666666,2,3,1,2025-07-23
2025-08-01,FALABELLA,6,0.3333333333333333,3,2,1,2025-07-26
2025-08-01,SQM-B,2,0.5,1,1,0,2025-07-30
2025-08-08,BSANTANDER,6,0.5,3,3,0,2025-08-07
2025-08-08,CENCOSUD,6,0.16666666666666666,2,3,1,2025-07-23
2025-08-08,FALABELLA,6,0.3333333333333333,3,2,1,2025-07-26
2025-08-08,SQM-B,1,1.0,1,0,0,2025-07-30
2025-08-14,BSANTANDER,6,0.5,3,3,0,2025-08-07
2025-08-14,CENCOSUD,6,0.16666666666666666,2,3,1,2025-08-11
2025-08-14,FALABELLA,6,0.3333333333333333,3,2,1,2025-08-13
2025-08-14,SQM-B,1,1.0,1,0,0,2025-07-30
2025-08-22,BSANTANDER,6,0.5,3,3,0,2025-08-07
2025-08-22,CENCOSUD,6,0.16666666666666666,2,3,1,2025-08-11
2025-08-22,FALABELLA,6,0.3333333333333333,3,2,1,2025-08-19
2025-08-22,SQM-B,1,1.0,1,0,0,2025-07-30
2025-08-29,BSANTANDER,6,0.5,3,3,0,2025-08-25
2025-08-29,CENCOSUD,5,0.2,2,2,1,2025-08-11
2025-08-29,FALABELLA,7,0.2857142857142857,3,3,1,2025-08-28
2025-08-29,SQM-B,1,1.0,1,0,0,2025-07-30
2025-09-05,BSANTANDER,6,0.5,3,3,0,2025-08-25
2025-09-05,CENCOSUD,5,0.2,2,2,1,2025-08-11
2025-09-05,FALABELLA,7,0.2857142857142857,3,3,1,2025-08-28
2025-09-05,SQM-B,1,1.0,1,0,0,2025-07-30
2025-09-12,BSANTANDER,6,0.5,3,3,0,2025-09-09
2025-09-12,CENCOSUD,3,0.3333333333333333,2,0,1,2025-08-11
2025-09-12,FALABELLA,6,0.3333333333333333,3,2,1,2025-08-28
2025-09-12,SQM-B,1,1.0,1,0,0,2025-07-30
2025-09-17,BSANTANDER,6,0.5,3,3,0,2025-09-16
2025-09-17,CENCOSUD,3,0.3333333333333333,2,0,1,2025-09-16
2025-09-17,FALABELLA,6,0.16666666666666666,2,3,1,2025-09-16
2025-09-17,SQM-B,1,1.0,1,0,0,2025-07-30
2025-09-26,BSANTANDER,6,0.5,3,3,0,2025-09-16
2025-09-26,CENCOSUD,3,0.0,1,1,1,2025-09-25
2025-09-26,FALABELLA,7,0.14285714285714285,2,4,1,2025-09-17
2025-09-26,SQM-B,2,1.0,2,0,0,2025-09-25
2025-10-03,BSANTANDER,6,0.5,3,3,0,2025-09-29
2025-10-03,CENCOSUD,3,0.0,1,1,1,2025-09-30
2025-10-03,FALABELLA,6,0.0,1,4,1,2025-09-30
2025-10-03,SQM-B,2,1.0,2,0,0,2025-09-25
2025-10-10,BSANTANDER,5,0.4,2,3,0,2025-09-29
2025-10-10,CENCOSUD,3,0.0,1,1,1,2025-09-30
2025-10-10,FALABELLA,6,0.0,1,4,1,2025-09-30
2025-10-10,SQM-B,2,1.0,2,0,0,2025-09-25
2025-10-17,BSANTANDER,5,0.4,2,3,0,2025-10-16
2025-10-17,CENCOSUD,3,0.0,1,1,1,2025-09-30
2025-10-17,FALABELLA,6,0.0,1,4,1,2025-09-30
2025-10-17,SQM-B,2,1.0,2,0,0,2025-09-25
2025-10-24,BSANTANDER,5,0.4,2,3,0,2025-10-16
2025-10-24,CENCOSUD,4,0.25,2,1,1,2025-10-22
2025-10-24,FALABELLA,6,0.0,1,4,1,2025-10-20
2025-10-24,SQM-B,2,1.0,2,0,0,2025-09-25
2025-10-30,BSANTANDER,5,0.4,2,3,0,2025-10-16
2025-10-30,CENCOSUD,4,0.25,2,1,1,2025-10-22
2025-10-30,FALABELLA,6,0.0,1,4,1,2025-10-29
2025-10-30,SQM-B,2,1.0,2,0,0,2025-09-25
2025-11-07,BSANTANDER,5,0.4,2,3,0,2025-10-16
2025-11-07,CENCOSUD,4,0.25,2,1,1,2025-10-22
2025-11-07,FALABELLA,6,0.0,1,4,1,2025-10-30
2025-11-07,SQM-B,2,1.0,2,0,0,2025-09-25
2025-11-14,BSANTANDER,4,0.25,1,3,0,2025-10-16
2025-11-14,CENCOSUD,4,0.25,2,1,1,2025-11-07
2025-11-14,FALABELLA,6,0.0,1,4,1,2025-10-30
2025-11-14,SQM-B,2,1.0,2,0,0,2025-09-25
2025-11-21,BSANTANDER,4,0.25,1,3,0,2025-11-19
2025-11-21,CENCOSUD,4,0.25,2,1,1,2025-11-07
2025-11-21,FALABELLA,6,0.0,1,4,1,2025-11-14
2025-11-21,SQM-B,2,1.0,2,0,0,2025-09-25
2025-11-28,BSANTANDER,4,0.25,1,3,0,2025-11-19
2025-11-28,CENCOSUD,4,0.25,2,1,1,2025-11-07
2025-11-28,FALABELLA,6,0.0,1,4,1,2025-11-24
2025-11-28,SQM-B,1,1.0,1,0,0,2025-09-25
2025-12-05,BSANTANDER,4,0.25,1,3,0,2025-11-19
2025-12-05,CENCOSUD,4,0.25,2,1,1,2025-11-07
2025-12-05,FALABELLA,6,0.0,1,4,1,2025-11-24
2025-12-05,SQM-B,1,1.0,1,0,0,2025-09-25
2025-12-12,BSANTANDER,4,0.25,1,3,0,2025-11-19
2025-12-12,CENCOSUD,4,0.25,2,1,1,2025-12-09
2025-12-12,FALABELLA,6,0.0,1,4,1,2025-12-09
2025-12-12,SQM-B,1,1.0,1,0,0,2025-09-25
2025-12-19,BSANTANDER,4,0.25,1,3,0,2025-12-16
2025-12-19,CENCOSUD,4,0.25,2,1,1,2025-12-09
2025-12-19,FALABELLA,5,0.0,1,3,1,2025-12-17
2025-12-19,SQM-B,1,1.0,1,0,0,2025-09-25
2025-12-26,BSANTANDER,4,0.25,1,3,0,2025-12-16
2025-12-26,CENCOSUD,4,0.25,2,1,1,2025-12-09
2025-12-26,FALABELLA,5,0.0,1,3,1,2025-12-17
2025-12-26,SQM-B,1,1.0,1,0,0,2025-09-25
2026-01-02,BSANTANDER,4,0.25,1,3,0,2025-12-16
2026-01-02,CENCOSUD,4,0.25,2,1,1,2025-12-09
2026-01-02,FALABELLA,5,0.0,1,3,1,2025-12-17
2026-01-02,SQM-B,2,0.5,1,1,0,2025-12-29
2026-01-09,BSANTANDER,5,0.2,1,4,0,2026-01-02
2026-01-09,CENCOSUD,4,0.25,2,1,1,2025-12-09
2026-01-09,FALABELLA,5,0.0,1,3,1,2025-12-17
2026-01-09,SQM-B,2,0.5,1,1,0,2025-12-29
2026-01-16,BSANTANDER,5,0.2,1,4,0,2026-01-15
2026-01-16,CENCOSUD,4,0.0,1,2,1,2026-01-09
2026-01-16,FALABELLA,5,0.2,2,2,1,2026-01-09
2026-01-16,SQM-B,2,0.5,1,1,0,2025-12-29
2026-01-23,BSANTANDER,5,0.2,1,4,0,2026-01-15
2026-01-23,CENCOSUD,4,0.0,1,2,1,2026-01-09
2026-01-23,FALABELLA,5,0.2,2,2,1,2026-01-19
2026-01-23,SQM-B,3,0.6666666666666666,2,1,0,2026-01-20
2026-01-30,BSANTANDER,5,0.2,1,4,0,2026-01-26
2026-01-30,CENCOSUD,4,0.0,1,2,1,2026-01-09
2026-01-30,FALABELLA,5,0.2,2,2,1,2026-01-19
2026-01-30,SQM-B,2,0.5,1,1,0,2026-01-20
2026-02-06,BSANTANDER,5,0.2,1,4,0,2026-01-26
2026-02-06,CENCOSUD,4,0.0,1,2,1,2026-01-09
2026-02-06,FALABELLA,5,0.2,2,2,1,2026-01-19
2026-02-06,SQM-B,2,0.5,1,1,0,2026-01-20
2026-02-13,BSANTANDER,5,0.2,1,4,0,2026-01-26
2026-02-13,CENCOSUD,4,0.0,1,2,1,2026-01-09
2026-02-13,FALABELLA,6,0.16666666666666666,2,3,1,2026-02-09
2026-02-13,SQM-B,2,0.5,1,1,0,2026-01-20
2026-02-20,BSANTANDER,4,0.25,1,3,0,2026-01-26
2026-02-20,CENCOSUD,3,-0.3333333333333333,0,2,1,2026-01-09
2026-02-20,FALABELLA,6,0.16666666666666666,2,3,1,2026-02-09
2026-02-20,SQM-B,2,0.5,1,1,0,2026-01-20
2026-02-27,BSANTANDER,4,0.25,1,3,0,2026-02-23
2026-02-27,CENCOSUD,3,-0.3333333333333333,0,2,1,2026-01-09
2026-02-27,FALABELLA,7,0.14285714285714285,2,4,1,2026-02-25
2026-02-27,SQM-B,3,0.3333333333333333,1,2,0,2026-02-20
2026-03-06,BSANTANDER,4,0.25,1,3,0,2026-03-04
2026-03-06,CENCOSUD,4,0.0,1,2,1,2026-03-02
2026-03-06,FALABELLA,7,0.14285714285714285,2,4,1,2026-03-05
2026-03-06,SQM-B,3,0.3333333333333333,1,2,0,2026-02-20
2026-03-13,BSANTANDER,4,0.25,1,3,0,2026-03-04
2026-03-13,CENCOSUD,4,0.0,1,2,1,2026-03-09
2026-03-13,FALABELLA,7,0.14285714285714285,2,4,1,2026-03-05
2026-03-13,SQM-B,3,0.3333333333333333,1,2,0,2026-02-20
2026-03-20,BSANTANDER,4,0.25,1,3,0,2026-03-16
2026-03-20,CENCOSUD,4,0.0,1,2,1,2026-03-09
2026-03-20,FALABELLA,6,0.16666666666666666,2,3,1,2026-03-19
2026-03-20,SQM-B,3,0.3333333333333333,1,2,0,2026-02-20
2026-03-27,BSANTANDER,4,0.25,1,3,0,2026-03-16
2026-03-27,CENCOSUD,4,0.0,1,2,1,2026-03-09
2026-03-27,FALABELLA,6,0.16666666666666666,2,3,1,2026-03-19
2026-03-27,SQM-B,3,0.3333333333333333,1,2,0,2026-03-23
2026-04-02,BSANTANDER,4,0.5,2,2,0,2026-03-30
2026-04-02,CENCOSUD,4,0.0,1,2,1,2026-03-09
2026-04-02,FALABELLA,6,0.16666666666666666,2,3,1,2026-03-19
2026-04-02,SQM-B,3,0.3333333333333333,1,2,0,2026-03-23
2026-04-10,BSANTANDER,4,0.5,2,2,0,2026-03-30
2026-04-10,CENCOSUD,3,0.3333333333333333,1,2,0,2026-04-02
2026-04-10,FALABELLA,6,0.16666666666666666,2,3,1,2026-03-19
2026-04-10,SQM-B,3,0.3333333333333333,1,2,0,2026-03-23
2026-04-17,BSANTANDER,3,0.3333333333333333,1,2,0,2026-04-10
2026-04-17,CENCOSUD,3,0.3333333333333333,1,2,0,2026-04-02
2026-04-17,FALABELLA,6,0.16666666666666666,2,3,1,2026-03-19
2026-04-17,SQM-B,3,0.3333333333333333,1,2,0,2026-04-10
2026-04-24,BSANTANDER,3,0.3333333333333333,1,2,0,2026-04-10
2026-04-24,CENCOSUD,3,0.3333333333333333,1,2,0,2026-04-02
2026-04-24,FALABELLA,6,0.16666666666666666,2,3,1,2026-04-22
2026-04-24,SQM-B,3,0.3333333333333333,1,2,0,2026-04-10
2026-04-30,BSANTANDER,3,0.3333333333333333,1,2,0,2026-04-10
2026-04-30,CENCOSUD,4,0.0,1,2,1,2026-04-24
2026-04-30,FALABELLA,6,0.16666666666666666,2,3,1,2026-04-24
2026-04-30,SQM-B,3,0.3333333333333333,1,2,0,2026-04-10
2026-05-08,BSANTANDER,2,0.5,1,1,0,2026-04-30
2026-05-08,CENCOSUD,4,0.0,1,2,1,2026-04-24
2026-05-08,FALABELLA,8,0.125,2,5,1,2026-05-06
2026-05-08,SQM-B,3,0.3333333333333333,1,2,0,2026-04-10
2026-05-15,BSANTANDER,2,0.5,1,1,0,2026-05-14
2026-05-15,CENCOSUD,6,0.3333333333333333,3,2,1,2026-05-13
2026-05-15,FALABELLA,7,0.0,1,5,1,2026-05-06
2026-05-15,SQM-B,3,0.3333333333333333,1,2,0,2026-04-10
2026-05-22,BSANTANDER,3,0.6666666666666666,2,1,0,2026-05-18
2026-05-22,CENCOSUD,6,0.3333333333333333,3,2,1,2026-05-13
2026-05-22,FALABELLA,7,0.0,1,5,1,2026-05-06
2026-05-22,SQM-B,2,0.0,0,2,0,2026-04-10
2026-05-29,BSANTANDER,3,0.6666666666666666,2,1,0,2026-05-18
2026-05-29,CENCOSUD,6,0.3333333333333333,3,2,1,2026-05-22
2026-05-29,FALABELLA,7,0.0,1,5,1,2026-05-06
2026-05-29,SQM-B,2,0.0,0,2,0,2026-04-10
2026-06-05,BSANTANDER,3,0.6666666666666666,2,1,0,2026-05-18
2026-06-05,CENCOSUD,6,0.3333333333333333,3,2,1,2026-05-22
2026-06-05,FALABELLA,7,0.0,1,5,1,2026-06-01
2026-06-05,SQM-B,2,0.0,0,2,0,2026-04-10
2026-06-12,BSANTANDER,3,0.6666666666666666,2,1,0,2026-05-18
2026-06-12,CENCOSUD,6,0.3333333333333333,3,2,1,2026-05-22
2026-06-12,FALABELLA,6,0.0,1,4,1,2026-06-01
2026-06-12,SQM-B,2,0.5,1,1,0,2026-06-11
2026-06-19,BSANTANDER,4,0.75,3,1,0,2026-06-18
2026-06-19,CENCOSUD,6,0.3333333333333333,3,2,1,2026-05-22
2026-06-19,FALABELLA,6,0.0,1,4,1,2026-06-01
2026-06-19,SQM-B,2,0.5,1,1,0,2026-06-11
2026-06-26,BSANTANDER,5,0.8,4,1,0,2026-06-25
2026-06-26,CENCOSUD,8,0.5,5,2,1,2026-06-24
2026-06-26,FALABELLA,5,0.2,2,2,1,2026-06-19
2026-06-26,SQM-B,2,0.5,1,1,0,2026-06-11
2026-07-03,BSANTANDER,5,0.8,4,1,0,2026-07-01
2026-07-03,CENCOSUD,8,0.5,5,2,1,2026-06-24
2026-07-03,FALABELLA,5,0.2,2,2,1,2026-07-02
2026-07-03,SQM-B,2,0.5,1,1,0,2026-06-11
2026-07-10,BSANTANDER,5,0.8,4,1,0,2026-07-09
2026-07-10,CENCOSUD,7,0.5714285714285714,5,1,1,2026-06-24
2026-07-10,FALABELLA,5,0.2,2,2,1,2026-07-08
2026-07-10,SQM-B,2,0.5,1,1,0,2026-06-11
2026-07-15,BSANTANDER,5,0.8,4,1,0,2026-07-13
2026-07-15,CENCOSUD,7,0.5714285714285714,5,1,1,2026-06-24
2026-07-15,FALABELLA,5,0.2,2,2,1,2026-07-08
2026-07-15,SQM-B,2,0.5,1,1,0,2026-06-11
